{"stats":{"minecraft:dropped":{"minecraft:clay":2,"botania:pink_petal":2,"create:cogwheel":1,"minecraft:dirt":1,"colouredstuff:slab_planks_blue":31,"minecraft:grass":4,"minecraft:yellow_dye":692,"create:speedometer":4,"exnihilosequentia:wooden_hammer":3,"minecraft:bone_meal":15,"minecraft:sand":6791,"minecraft:gray_dye":399,"colored_torches:black_torch":2,"colouredstuff:planks_black":5,"minecraft:pink_dye":35,"minecraft:wheat":24,"minecraft:lime_dye":179,"sf5_things:block_of_white_dye":21,"minecraft:charcoal":1,"minecraft:hopper":1,"minecraft:white_dye":637,"minecraft:beef":64,"colouredstuff:planks_brown":2,"botania:brown_petal":13,"minecraft:iron_ingot":10,"minecraft:black_dye":760,"minecraft:wheat_seeds":5,"minecraft:cobblestone":4363,"minecraft:coal":75,"minecraft:coal_block":20,"colouredstuff:slab_planks_brown":64,"colored_torches:green_torch":3,"colouredstuff:slab_planks_none":1,"sf5_things:block_of_green_dye":29,"minecraft:red_dye":111,"sf5_things:block_of_red_dye":30,"minecraft:oxidized_copper":1,"sf5_things:block_of_pink_dye":1,"minecraft:player_head":2,"silentgear:hammer":1,"minecraft:bowl":3,"snad:snad":94,"sf5_things:block_of_brown_dye":55,"woodenbucket:wooden_bucket":5,"minecraft:cobblestone_slab":1,"silentgear:paxel":7,"minecraft:barrel":24,"minecraft:light_gray_dye":1057,"botania:blue_petal":2,"create:vertical_gearbox":1,"minecraft:orange_dye":184,"minecraft:ender_pearl":3,"colouredstuff:slab_planks_black":4,"colouredstuff:dirt_brown":8,"silentgear:axe":1,"create:filter":1,"minecraft:flint":79,"colouredstuff:slab_planks_lime":1,"colored_torches:blue_torch":1,"botania:white_petal":6,"mysticalagriculture:none_crop_seeds":1,"minecraft:gold_ingot":6,"minecraft:gravel":992,"silentgear:template_board":52,"colouredstuff:sapling_none":1,"colouredstuff:leaves_green":1,"minecraft:cherry_sapling":4,"minecraft:beetroot":2,"exnihilosequentia:silkworm":19,"heads:blaze_head":2,"create:wheat_flour":15,"immersiveengineering:seed":2,"create:andesite_alloy":1,"colouredstuff:dirt_white":9,"minecraft:vine":6,"minecraft:cherry_log":35,"sf5_things:block_of_light_gray_dye":110,"minecraft:cyan_dye":38,"botania:red_petal":6,"botania:green_petal":2,"simplehats:fro":1,"minecraft:copper_ingot":194,"colouredstuff:planks_green":6,"minecraft:stick":6,"colouredstuff:planks_lime":2,"mysticalagriculture:watering_can":2,"minecraft:blue_dye":66,"sf5_things:block_of_gray_dye":30,"minecraft:green_dye":284,"colouredstuff:leaves_brown":1,"botania:alchemy_catalyst":1,"sophisticatedbackpacks:crafting_upgrade":1,"minecraft:bucket":1,"minecraft:kelp":198,"minecraft:brown_dye":178,"create:shaft":2,"botania:light_gray_petal":8,"silentgear:sickle":1,"colouredstuff:fence_planks_green":8,"sf5_things:block_of_lime_dye":21,"silentgear:paxel_blueprint":2,"minecraft:andesite":3,"colouredstuff:log_stripped_brown":1,"sf5_things:block_of_black_dye":1,"bhc:red_heart":1},"minecraft:custom":{"minecraft:open_barrel":10,"minecraft:leave_game":23,"minecraft:time_since_death":127124,"minecraft:play_time":1553761,"minecraft:deaths":11,"minecraft:jump":3204,"minecraft:interact_with_furnace":145,"minecraft:damage_dealt":14042,"minecraft:inspect_dropper":2,"minecraft:inspect_hopper":24,"minecraft:sneak_time":19051,"minecraft:total_world_time":1553761,"minecraft:time_since_rest":127146,"minecraft:swim_one_cm":3247,"minecraft:fly_one_cm":243158,"minecraft:open_chest":1554,"minecraft:fall_one_cm":659346,"minecraft:sprint_one_cm":997902,"minecraft:drop":1445,"minecraft:walk_on_water_one_cm":28845,"minecraft:crouch_one_cm":48491,"minecraft:mob_kills":122,"minecraft:interact_with_campfire":53,"minecraft:damage_dealt_resisted":0,"minecraft:climb_one_cm":15186,"minecraft:walk_one_cm":3418204,"gateways:gates_defeated":1,"minecraft:walk_under_water_one_cm":4408,"minecraft:damage_taken":6273},"minecraft:used":{"silentgear:sword":148,"botania:white_petal":2,"botania:light_blue_petal":2,"minecraft:stone":27,"obtrophies:trophy":2,"create:fluid_tank":31,"create:depot":22,"colored_torches:white_torch":17,"colored_torches:black_torch":1,"minecraft:lava_bucket":7,"minecraft:grass_block":202,"minecraft:stone_brick_stairs":80,"create:andesite_funnel":22,"create:shaft":107,"minecraft:oak_sapling":51,"minecraft:furnace":18,"tintedcampfires:green_campfire":2,"colouredstuff:planks_none":6,"ars_nouveau:blue_archwood_sapling":2,"colouredstuff:planks_brown":30,"colouredstuff:sapling_orange":1,"exnihilocoloratus:brown_barrel":8,"minecraft:oak_leaves":22,"create:spout":4,"minecraft:sand":8,"additionallanterns:white_smooth_stone_lantern":4,"ars_nouveau:archwood_fence":1,"sophisticatedstorage:chest":43,"colouredstuff:sapling_gray":4,"create:basin":6,"botania:pure_daisy":1,"colouredstuff:dirt_none":1,"sf5_things:block_of_black_dye":14,"botania:light_gray_mystical_flower":1,"exnihilosequentia:wooden_hammer":5,"minecraft:netherrack":2,"thermal:eggplant_seeds":1,"colouredstuff:leaves_brown":1,"colouredstuff:slab_planks_green":202,"botania:red_petal":7,"colouredstuff:crafting_table_brown":2,"exnihilosequentia:infested_leaves":17,"create:wrench":582,"create:gearbox":14,"extractinator:extractinator":1,"minecraft:barrel":1,"create:encased_chain_drive":51,"colouredstuff:planks_black":30,"colouredstuff:planks_green":42,"botania:mana_pool":3,"create:fluid_pipe":49,"minecraft:cherry_log":54,"create:belt_connector":36,"sophisticatedstorage:limited_barrel_3":1,"minecraft:wheat_seeds":38,"minecraft:water_bucket":13,"botania:endoflame":7,"colouredstuff:sapling_blue":32,"botania:mana_spreader":1,"minecraft:cherry_planks":25,"colouredstuff:log_lime":38,"create:encased_fan":11,"minecraft:crafting_table":1,"silentgear:sickle":570,"silentgear:axe":644,"botania:apothecary_default":2,"create:filter":7,"colouredstuff:log_stripped_brown":4,"minecraft:oak_log":67,"colouredstuff:crafting_table_none":1,"colouredstuff:slab_planks_blue":205,"colouredstuff:crafting_table_light_gray":1,"create:water_wheel":1,"sf5_things:block_of_white_dye":2,"minecraft:cobblestone":728,"colouredstuff:log_stripped_gray":4,"colouredstuff:log_green":18,"luphieclutteredmod:blue_bicycle":2,"colouredstuff:log_none":2,"minecraft:cherry_sapling":86,"exnihilocoloratus:none_barrel":2,"colouredstuff:fence_planks_green":4,"colouredstuff:sapling_green":11,"immersiveengineering:seed":4,"colouredstuff:trapdoor_planks_brown":39,"minecraft:player_head":4,"create:cogwheel":144,"exnihilosequentia:cooked_silkworm":1,"colouredstuff:crafting_table_cyan":1,"create:speedometer":6,"sophisticatedbackpacks:diamond_backpack":1,"minecraft:glass":39,"create:millstone":18,"minecraft:stone_bricks":118,"minecraft:item_frame":1,"colouredstuff:slab_planks_brown":1624,"silentgear:paxel":4263,"create:mechanical_drill":4,"minecraft:beetroot_seeds":1,"sf5_things:brown_apple":11,"create:polished_cut_dripstone_wall":1,"botania:brown_petal":6,"colouredstuff:sapling_brown":67,"minecraft:ender_pearl":1,"minecraft:sugar_cane":3,"botania:fertilizer":35,"minecraft:shears":5345,"minecraft:redstone_torch":2,"colouredstuff:slab_planks_none":66,"minecraft:lever":1,"colouredstuff:dirt_lime":5,"colouredstuff:stairs_planks_brown":25,"sf5_things:blue_apple":11,"create:andesite_casing":11,"minecraft:gravel":350,"snad:snad":4,"exnihilosequentia:stone_hammer":605,"create:stressometer":3,"minecraft:andesite":42,"create:vertical_gearbox":38,"minecraft:bone_meal":1237,"create:large_cogwheel":60,"colouredstuff:leaves_red":1,"minecraft:flint_and_steel":2,"colored_torches:green_torch":4,"botania:white_double_flower":1,"exnihilocoloratus:green_crucible":4,"simpletomb:grave_key":11,"botania:open_crate":1,"gateways:gate_pearl":2,"colouredstuff:leaves_green":109,"create:mechanical_pump":22,"minecraft:dirt":438,"create:mechanical_mixer":5,"minecraft:hopper":7,"colouredstuff:sapling_none":7,"botania:twig_wand":11,"botania:light_gray_petal":18,"create:chute":10,"minecraft:stone_brick_slab":44,"colouredstuff:planks_lime":4,"colored_torches:blue_torch":73,"silentgear:shears":1010,"minecraft:cooked_beef":51,"sophisticatedstorage:basic_to_copper_tier_upgrade":1,"create:gearshift":1,"exnihilosequentia:fired_crucible":2,"colouredstuff:log_gray":9,"colouredstuff:log_brown":305,"botania:brown_mystical_flower":1,"minecraft:cobblestone_slab":413,"colouredstuff:fence_planks_brown":62,"botania:red_mystical_flower":1,"colouredstuff:log_stripped_lime":30,"create:mechanical_press":8,"craftingstation:crafting_station":7,"botania:alchemy_catalyst":2,"create:large_water_wheel":24,"sophisticatedstorage:copper_chest":2,"minecraft:bucket":13,"create:hand_crank":5},"minecraft:mined":{"botania:mana_pool":2,"botania:red_mystical_flower":4,"minecraft:cherry_log":991,"create:andesite_casing":38,"botania:livingwood_log":23,"snad:snad":1,"botania:light_gray_mystical_flower":1,"colouredstuff:leaves_green":665,"colouredstuff:log_lime":1,"colouredstuff:log_red":9,"minecraft:fire":67,"minecraft:barrel":1,"cyclic:item_pipe":30,"colouredstuff:log_green":90,"colouredstuff:slab_planks_lime":1,"botania:light_blue_mystical_flower":1,"botania:alchemy_catalyst":1,"botania:green_mystical_flower":1,"create:cogwheel":7,"minecraft:player_wall_head":2,"sf5_things:block_of_yellow_dye":27,"tintedcampfires:green_campfire":3,"colored_torches:white_torch":4,"colouredstuff:stairs_planks_brown":23,"minecraft:glass":39,"botania:endoflame":2,"colouredstuff:dirt_brown":8,"minecraft:sugar_cane":3,"colouredstuff:sapling_none":3,"create:andesite_belt_funnel":1,"sophisticatedbackpacks:diamond_backpack":1,"minecraft:wheat":19,"minecraft:stone_brick_stairs":25,"exnihilocoloratus:brown_barrel":6,"minecraft:grass":15,"exnihilocoloratus:none_barrel":1,"colouredstuff:crafting_table_cyan":1,"create:hand_crank":4,"colouredstuff:dirt_white":9,"exnihilocoloratus:green_crucible":3,"colored_torches:blue_torch":10,"colouredstuff:leaves_brown":2618,"luphieclutteredmod:blue_bicycle":1,"create:millstone":3,"minecraft:cherry_sapling":4,"colouredstuff:planks_brown":7,"colouredstuff:log_stripped_green":18,"ars_nouveau:archwood_fence":1,"obtrophies:trophy":1,"create:shaft":8,"colouredstuff:log_gray":23,"colored_torches:black_torch":1,"minecraft:andesite":42,"minecraft:cobblestone_slab":136,"minecraft:vine":33,"colouredstuff:dirt_lime":17,"sf5_things:block_of_green_dye":10,"botania:lime_mystical_flower":1,"minecraft:cherry_planks":25,"colouredstuff:sapling_green":1,"minecraft:stone_brick_slab":42,"colouredstuff:dirt_none":1,"create:mechanical_pump":3,"colouredstuff:leaves_gray":192,"exnihilosequentia:fired_crucible":3,"minecraft:tall_grass":2,"craftingstation:crafting_station":5,"colouredstuff:trapdoor_planks_brown":36,"create:gearbox":7,"colouredstuff:slab_planks_black":29,"botania:white_mystical_flower":1,"colouredstuff:fence_planks_brown":42,"sf5_things:block_of_light_gray_dye":89,"minecraft:gravel":350,"colouredstuff:slab_planks_green":150,"minecraft:stone_bricks":45,"create:andesite_funnel":1,"minecraft:oak_sapling":12,"colouredstuff:leaves_red":133,"botania:stripped_livingwood_log":1,"minecraft:grass_block":26,"colouredstuff:sapling_lime":3,"colored_torches:wall_white_torch":2,"colouredstuff:fence_planks_green":16,"colouredstuff:crafting_table_light_gray":1,"colouredstuff:log_stripped_gray":13,"botania:apothecary_default":1,"supplementaries:ash":3,"colouredstuff:slab_planks_none":97,"colouredstuff:log_none":13,"sophisticatedstorage:chest":21,"colouredstuff:leaves_blue":608,"colouredstuff:slab_planks_blue":115,"colouredstuff:door_planks_green":1,"craftingstation:crafting_station_slab":2,"additionallanterns:white_smooth_stone_lantern":2,"colouredstuff:log_blue":144,"minecraft:cobblestone":559,"botania:blue_mystical_flower":1,"botania:light_gray_buried_petals":2,"botania:light_gray_double_flower":15,"create:polished_cut_dripstone_wall":1,"minecraft:seagrass":2,"sf5_things:block_of_orange_dye":31,"botania:light_blue_buried_petals":1,"minecraft:oak_log":108,"minecraft:beetroots":4,"minecraft:sand":11,"minecraft:dirt":67,"create:encased_chain_drive":6,"minecraft:netherrack":1,"minecraft:oak_leaves":677,"ars_nouveau:blue_archwood_sapling":1,"exnihilosequentia:infested_leaves":97,"sf5_things:colorless_leaves":8,"colouredstuff:log_stripped_none":5,"create:large_cogwheel":8,"botania:brown_double_flower":8,"create:depot":1,"colouredstuff:slab_planks_brown":261,"sf5_things:block_of_gray_dye":39,"minecraft:furnace":11,"immersiveengineering:hemp":5,"sf5_things:block_of_black_dye":45,"colouredstuff:leaves_none":64,"botania:livingrock":24,"minecraft:stone":3,"botania:light_blue_double_flower":1,"minecraft:redstone_wall_torch":1,"colouredstuff:log_stripped_brown":4,"sophisticatedstorage:limited_barrel_3":1,"sf5_things:block_of_white_dye":47,"colouredstuff:planks_green":25,"colouredstuff:planks_lime":6,"minecraft:crafting_table":1,"sophisticatedstorage:copper_chest":2,"botania:white_double_flower":3,"ars_nouveau:blue_archwood_leaves":175,"colouredstuff:log_brown":691,"botania:pink_mystical_flower":1,"botania:cyan_mystical_flower":1,"botania:red_double_flower":8,"ars_nouveau:blue_archwood_log":55,"minecraft:redstone_torch":1,"colouredstuff:log_stripped_lime":30,"colouredstuff:sapling_blue":2,"minecraft:bee_nest":1,"botania:yellow_mystical_flower":1,"minecraft:cherry_leaves":4633,"colouredstuff:planks_black":20,"colored_torches:green_torch":3,"create:andesite_encased_shaft":1},"minecraft:picked_up":{"minecraft:seagrass":1,"create:polished_cut_dripstone_wall":1,"botania:light_blue_double_flower":1,"minecraft:string":78,"minecraft:beetroot":6,"botania:light_gray_double_flower":14,"mysticalagriculture:none_crop_seeds":5,"thermal:eggplant":6,"colouredstuff:dirt_white":9,"sf5_things:rgb_dye":24,"colouredstuff:log_black":3,"create:andesite_casing":40,"minecraft:cherry_log":1025,"sf5_things:brown_apple":69,"minecraft:black_dye":7,"woodenbucket:wooden_bucket":10,"botania:white_mystical_flower":1,"cyclic:item_pipe":29,"botania:livingrock":24,"minecraft:blue_dye":28,"simplehats:dumhat":1,"minecraft:bookshelf":2,"botania:livingwood_log":23,"supplementaries:ash":49,"minecraft:blaze_rod":1,"silentgear:template_board":428,"silentgear:paxel":7,"minecraft:cooked_beef":89,"minecraft:oxidized_copper":1,"minecraft:cherry_leaves":4390,"colouredstuff:log_red":9,"minecraft:flint":157,"simplehats:hatbag_epic":2,"botania:white_double_flower":1,"create:encased_chain_drive":5,"bhc:red_heart":1,"sophisticatedstorage:chest":21,"create:shaft":10,"simplehats:hatbag_uncommon":2,"colouredstuff:log_stripped_green":17,"botania:mana_pool":2,"botania:red_mystical_flower":4,"patchouli:guide_book":1,"colouredstuff:sapling_black":5,"minecraft:barrel":25,"exnihilosequentia:silkworm":275,"sf5_things:block_of_black_dye":86,"colored_torches:green_torch":8,"thermal:eggplant_seeds":2,"colouredstuff:fence_planks_brown":42,"thermal:copper_plate":17,"lootbags:loot_bag":17,"colouredstuff:log_stripped_brown":6,"minecraft:crafting_table":1,"colouredstuff:sapling_blue":36,"create:fluid_pipe":1,"botania:endoflame":7,"simplehats:baseballhat":1,"colouredstuff:fence_planks_green":16,"botania:pure_daisy":1,"minecraft:beef":188,"sf5_things:green_apple":8,"colored_torches:black_torch":3,"minecraft:stone":346,"colouredstuff:slab_planks_brown":392,"simplehats:hatbag_common":9,"colouredstuff:stairs_planks_brown":23,"sophisticatedbackpacks:crafting_upgrade":1,"colouredstuff:leaves_blue":188,"minecraft:white_dye":6,"sf5_things:block_of_light_gray_dye":369,"botania:brown_petal":2,"create:vertical_gearbox":8,"silentgear:paxel_blueprint":2,"minecraft:beetroot_seeds":12,"botania:apothecary_default":1,"botania:blue_mystical_flower":2,"exnihilocoloratus:none_barrel":1,"create:depot":1,"botania:green_mystical_flower":2,"botania:light_blue_petal":1,"minecraft:yellow_dye":146,"sf5_things:blue_apple":21,"botania:red_petal":1,"minecraft:oak_log":106,"colouredstuff:log_gray":23,"colouredstuff:planks_black":20,"sf5_things:block_of_red_dye":60,"minecraft:apple":3,"minecraft:stone_bricks":41,"minecraft:kelp":54,"simplehats:rabi_en_rose":1,"colouredstuff:planks_lime":6,"sf5_things:block_of_gray_dye":123,"minecraft:gravel":516,"colored_torches:white_torch":9,"exnihilosequentia:infested_leaves":17,"create:gearbox":2,"botania:red_double_flower":8,"create:millstone":5,"colouredstuff:log_stripped_lime":30,"immersiveengineering:seed":13,"create:mechanical_pump":5,"silentgear:axe":1,"colouredstuff:log_stripped_none":5,"sf5_things:block_of_orange_dye":31,"botania:brown_mystical_flower":1,"minecraft:pink_dye":1,"minecraft:hopper":1,"minecraft:ender_pearl":2,"simplehats:fro":5,"minecraft:wheat":54,"colouredstuff:log_green":85,"simplehats:hatbag_rare":4,"minecraft:stone_brick_stairs":25,"colouredstuff:planks_brown":4,"botania:mana_pearl":1,"colouredstuff:crafting_table_light_gray":1,"silentgear:sinew":18,"craftingstation:crafting_station":5,"create:andesite_funnel":2,"minecraft:bucket":1,"minecraft:red_dye":94,"minecraft:rose_bush":134,"minecraft:redstone_torch":2,"minecraft:cobblestone_slab":114,"exnihilocoloratus:brown_barrel":6,"minecraft:furnace":10,"minecraft:stick":173,"create:mechanical_mixer":1,"colouredstuff:leaves_brown":750,"tintedcampfires:green_campfire":3,"create:dough":15,"botania:yellow_mystical_flower":1,"sf5_things:block_of_yellow_dye":27,"minecraft:porkchop":1,"minecraft:dried_kelp":54,"minecraft:vine":16,"exnihilosequentia:wooden_hammer":2,"heads:blaze_head":2,"create:large_cogwheel":11,"snad:snad":9,"colouredstuff:planks_green":28,"botania:light_gray_mystical_flower":2,"simplehats:festiveribbon":1,"simplehats:supersandhat":1,"colouredstuff:leaves_red":133,"minecraft:cobblestone":2772,"silentgear:sickle":1,"sf5_things:block_of_green_dye":64,"occultism:datura_seeds":2,"minecraft:cherry_planks":25,"minecraft:andesite":44,"mysticalagriculture:watering_can":1,"sf5_things:block_of_lime_dye":41,"create:belt_connector":8,"thermal:onion":1,"minecraft:light_gray_dye":43,"sf5_things:black_apple":1,"minecraft:dirt":135,"immersiveengineering:hemp_fiber":38,"exnihilosequentia:fired_crucible":3,"minecraft:glass":128,"colouredstuff:sapling_green":19,"botania:cyan_mystical_flower":2,"obtrophies:trophy":2,"minecraft:wheat_seeds":92,"botania:pink_mystical_flower":2,"simplehats:babyturtle":1,"botania:stripped_livingwood_log":1,"create:cogwheel":10,"ars_nouveau:archwood_fence":1,"minecraft:sand":906,"sf5_things:block_of_brown_dye":110,"colouredstuff:log_brown":667,"minecraft:clay":2,"colouredstuff:leaves_green":385,"create:filter":3,"heads:cow_head":4,"colouredstuff:sapling_none":14,"colouredstuff:log_blue":144,"minecraft:oak_sapling":133,"minecraft:netherrack":1,"minecraft:oak_leaves":49,"minecraft:charcoal":9,"minecraft:cocoa_beans":7,"colouredstuff:slab_planks_blue":120,"colouredstuff:sapling_brown":178,"botania:brown_double_flower":8,"ars_nouveau:blue_archwood_sapling":10,"colouredstuff:sapling_lime":3,"colouredstuff:dirt_lime":5,"sophisticatedstorage:limited_barrel_3":1,"minecraft:item_frame":1,"sf5_things:none_apple":4,"colored_torches:blue_torch":31,"minecraft:player_head":5,"minecraft:sugar_cane":48,"colouredstuff:slab_planks_lime":1,"minecraft:orange_dye":113,"simplehats:fakeblight":1,"minecraft:copper_ingot":14,"ars_nouveau:blue_archwood_log":59,"sophisticatedstorage:copper_chest":2,"silentgear:hammer":1,"create:hand_crank":5,"minecraft:brown_dye":261,"additionallanterns:white_smooth_stone_lantern":6,"simplehats:puchiko":1,"botania:lime_mystical_flower":2,"colouredstuff:dirt_brown":16,"colouredstuff:slab_planks_none":75,"colouredstuff:dirt_none":1,"minecraft:leather":110,"sf5_things:block_of_white_dye":73,"colouredstuff:trapdoor_planks_brown":36,"colouredstuff:leaves_gray":192,"botania:light_blue_mystical_flower":4,"botania:light_gray_petal":3,"colouredstuff:slab_planks_green":125,"colouredstuff:log_stripped_gray":13,"sophisticatedbackpacks:diamond_backpack":1,"minecraft:green_dye":11,"exnihilocoloratus:green_crucible":3,"colouredstuff:crafting_table_cyan":1,"minecraft:stone_brick_slab":42,"botania:alchemy_catalyst":2,"botania:white_petal":1,"colouredstuff:log_none":15,"exnihilosequentia:cooked_silkworm":1,"luphieclutteredmod:blue_bicycle":1,"minecraft:cherry_sapling":197,"colouredstuff:slab_planks_black":16,"minecraft:coal":38},"minecraft:crafted":{"minecraft:black_dye":117,"botania:green_petal":2,"sf5_things:block_of_meat":3,"colored_torches:white_torch":2,"minecraft:chain":2,"botania:mana_pool":1,"minecraft:grass":4,"minecraft:lever":1,"sophisticatedbackpacks:crafting_upgrade":1,"sophisticatedstorage:stack_upgrade_tier_1":1,"colouredstuff:slab_planks_blue":252,"minecraft:iron_bars":16,"botania:red_petal":12,"create:vertical_gearbox":11,"minecraft:glass":22,"create:andesite_funnel":8,"botania:twig_wand":1,"create:mechanical_press":1,"mysticalagriculture:watering_can":1,"colouredstuff:crafting_table_brown":4,"botania:alchemy_catalyst":1,"colouredstuff:planks_none":25,"create:cogwheel":121,"botania:light_gray_petal":15,"colouredstuff:slab_planks_green":174,"colouredstuff:slab_planks_none":72,"minecraft:raw_gold_block":18,"minecraft:copper_ingot":121,"craftingstation:crafting_station":3,"botania:livingwood_twig":3,"create:encased_chain_drive":15,"create:mechanical_mixer":2,"create:gearbox":17,"exnihilosequentia:wooden_hammer":1,"create:encased_fan":2,"botania:open_crate":1,"minecraft:stone_brick_stairs":4,"minecraft:compass":7,"minecraft:iron_block":10,"colouredstuff:slab_planks_brown":1806,"create:propeller":2,"minecraft:gold_ingot":102,"minecraft:light_gray_dye":383,"create:large_cogwheel":7,"woodenbucket:wooden_bucket":18,"colouredstuff:trapdoor_planks_brown":34,"sf5_things:block_of_light_gray_dye":2,"create:wrench":1,"sophisticatedstorage:basic_tier_upgrade":2,"minecraft:iron_nugget":321,"sophisticatedbackpacks:stack_upgrade_tier_1":2,"colouredstuff:planks_blue":243,"botania:blue_petal":1,"minecraft:bone_meal":444,"minecraft:pink_dye":16,"silentgear:paxel_template":1,"colored_torches:blue_torch":18,"minecraft:netherrack":14,"minecraft:diamond":21,"sophisticatedstorage:upgrade_base":1,"colouredstuff:stairs_planks_brown":88,"botania:white_petal":7,"minecraft:ender_pearl":2,"silentgear:sword":1,"botania:light_blue_petal":3,"minecraft:redstone_block":1,"create:belt_connector":9,"botania:pink_petal":1,"minecraft:coal_block":73,"sf5_things:block_of_pink_dye":2,"minecraft:dried_kelp":21,"colouredstuff:planks_green":171,"botania:mana_spreader":1,"create:goggles":1,"botania:lexicon":1,"sophisticatedbackpacks:gold_backpack":1,"colouredstuff:planks_black":29,"minecraft:orange_dye":8,"create:speedometer":6,"sophisticatedstorage:basic_to_copper_tier_upgrade":1,"thermal:eggplant_seeds":1,"silentgear:sickle":1,"create:shaft":104,"silentgear:rod_template":1,"minecraft:oak_planks":2,"sf5_things:rgb_dye":38,"botania:livingwood_planks":8,"minecraft:cobblestone_slab":384,"minecraft:barrel":76,"ars_nouveau:archwood_planks":268,"colouredstuff:planks_brown":1339,"colouredstuff:crafting_table_orange":1,"silentgear:sword_template":1,"sophisticatedstorage:packing_tape":1,"sf5_things:block_of_rgb_dye":25,"colouredstuff:slab_planks_lime":64,"minecraft:heavy_weighted_pressure_plate":1,"minecraft:green_dye":38,"minecraft:hopper":8,"minecraft:stone_brick_slab":78,"minecraft:raw_copper":15,"silentgear:sickle_template":1,"minecraft:chest":2,"create:spout":1,"minecraft:copper_block":1,"exnihilocoloratus:none_barrel":1,"minecraft:stone_bricks":117,"extractinator:extractinator":1,"minecraft:raw_iron_block":32,"create:depot":5,"sophisticatedbackpacks:backpack":2,"minecraft:cauldron":1,"minecraft:crafting_table":1,"create:fluid_pipe":24,"minecraft:kelp":10,"minecraft:brown_dye":20,"minecraft:gold_block":8,"create:gearshift":1,"minecraft:brewing_stand":2,"sophisticatedbackpacks:upgrade_base":2,"minecraft:diorite":63,"create:stressometer":1,"silentgear:paxel":1,"minecraft:book":1,"create:water_wheel":22,"minecraft:paper":72,"exnihilosequentia:stone_hammer":1,"minecraft:charcoal":7,"minecraft:yellow_dye":33,"sophisticatedbackpacks:diamond_backpack":1,"minecraft:stick":232,"minecraft:light_blue_dye":1,"create:mechanical_pump":2,"minecraft:iron_ingot":375,"create:clipboard":1,"botania:apothecary_default":1,"minecraft:redstone_torch":1,"minecraft:shears":1,"colouredstuff:fence_planks_brown":36,"create:chute":8,"minecraft:cherry_planks":88,"colouredstuff:planks_red":9,"botania:brown_petal":10,"minecraft:raw_iron":171,"minecraft:redstone":16,"minecraft:coal":131,"luphieclutteredmod:blue_bicycle":1,"silentgear:rod":8,"minecraft:furnace":8,"minecraft:piston":1,"minecraft:sugar_cane":64,"minecraft:gray_dye":66,"minecraft:raw_copper_block":15,"minecraft:diamond_block":1,"minecraft:flint_and_steel":1,"exnihilocoloratus:brown_barrel":2,"colouredstuff:planks_lime":30,"minecraft:slime_ball":15,"create:millstone":2,"minecraft:lime_dye":13,"create:fluid_tank":40,"sophisticatedbackpacks:stack_upgrade_tier_2":1,"create:basin":4,"colouredstuff:planks_orange":23,"create:filter":2,"sophisticatedbackpacks:iron_backpack":1,"minecraft:cooked_beef":25,"minecraft:red_dye":17,"botania:fertilizer":99,"minecraft:bone_block":30,"create:andesite_alloy":229,"create:hand_crank":1,"minecraft:cyan_dye":41,"minecraft:bowl":4,"create:large_water_wheel":10,"minecraft:bucket":1,"minecraft:air":10412,"minecraft:blue_dye":48,"sophisticatedstorage:chest":30,"create:whisk":2,"minecraft:white_wool":5,"minecraft:white_dye":346,"minecraft:raw_gold":30,"create:mechanical_drill":3,"minecraft:andesite":313,"sophisticatedstorage:stack_upgrade_tier_2":4,"sf5_things:block_of_lime_dye":7},"minecraft:broken":{"woodenbucket:wooden_bucket":1},"minecraft:killed":{"minecraft:cow":103,"minecraft:bee":3,"minecraft:blaze":14},"minecraft:killed_by":{"minecraft:cow":2}},"DataVersion":3465}