{"stats":{"minecraft:picked_up":{"simplehats:fro":1,"minecraft:seagrass":1,"minecraft:wheat":10,"colouredstuff:log_green":85,"silentgear:sinew":7,"minecraft:string":78,"craftingstation:crafting_station":2,"minecraft:beetroot":6,"mysticalagriculture:none_crop_seeds":5,"minecraft:red_dye":27,"minecraft:cobblestone_slab":95,"thermal:eggplant":6,"exnihilocoloratus:brown_barrel":2,"minecraft:furnace":2,"minecraft:stick":57,"create:mechanical_mixer":1,"colouredstuff:leaves_brown":346,"tintedcampfires:green_campfire":1,"colouredstuff:log_black":3,"create:andesite_casing":39,"sf5_things:block_of_yellow_dye":27,"minecraft:dried_kelp":54,"minecraft:vine":4,"sf5_things:brown_apple":28,"woodenbucket:wooden_bucket":10,"minecraft:black_dye":7,"exnihilosequentia:wooden_hammer":2,"create:large_cogwheel":10,"snad:snad":6,"colouredstuff:planks_green":13,"minecraft:blue_dye":12,"minecraft:bookshelf":2,"supplementaries:ash":28,"silentgear:sickle":1,"silentgear:template_board":252,"minecraft:cobblestone":335,"sf5_things:block_of_green_dye":10,"silentgear:paxel":7,"minecraft:cooked_beef":23,"minecraft:oxidized_copper":1,"minecraft:andesite":5,"mysticalagriculture:watering_can":1,"sf5_things:block_of_lime_dye":1,"thermal:onion":1,"minecraft:flint":3,"minecraft:light_gray_dye":31,"sf5_things:black_apple":1,"minecraft:dirt":45,"simplehats:hatbag_epic":1,"create:encased_chain_drive":4,"immersiveengineering:hemp_fiber":22,"bhc:red_heart":1,"exnihilosequentia:fired_crucible":2,"colouredstuff:sapling_green":19,"minecraft:wheat_seeds":12,"sophisticatedstorage:chest":2,"create:shaft":8,"simplehats:hatbag_uncommon":1,"colouredstuff:log_stripped_green":17,"patchouli:guide_book":1,"create:cogwheel":8,"minecraft:sand":494,"exnihilosequentia:silkworm":125,"sf5_things:block_of_black_dye":45,"colouredstuff:sapling_black":5,"colored_torches:green_torch":5,"colouredstuff:log_brown":196,"minecraft:clay":2,"colouredstuff:leaves_green":385,"create:filter":1,"heads:cow_head":3,"thermal:eggplant_seeds":2,"colouredstuff:sapling_none":14,"colouredstuff:log_blue":49,"lootbags:loot_bag":9,"colouredstuff:log_stripped_brown":5,"minecraft:cocoa_beans":7,"colouredstuff:slab_planks_blue":41,"colouredstuff:sapling_brown":64,"ars_nouveau:blue_archwood_sapling":7,"colouredstuff:sapling_blue":17,"colouredstuff:dirt_lime":5,"sophisticatedstorage:limited_barrel_3":1,"simplehats:baseballhat":1,"colouredstuff:fence_planks_green":14,"sf5_things:none_apple":4,"minecraft:beef":47,"minecraft:player_head":2,"sf5_things:green_apple":8,"colored_torches:black_torch":3,"colouredstuff:slab_planks_lime":1,"minecraft:orange_dye":9,"simplehats:fakeblight":1,"minecraft:stone":120,"colouredstuff:slab_planks_brown":1,"simplehats:hatbag_common":4,"colouredstuff:stairs_planks_brown":17,"minecraft:copper_ingot":14,"ars_nouveau:blue_archwood_log":55,"silentgear:hammer":1,"minecraft:white_dye":6,"create:hand_crank":5,"sf5_things:block_of_light_gray_dye":89,"minecraft:brown_dye":95,"create:vertical_gearbox":5,"additionallanterns:white_smooth_stone_lantern":4,"silentgear:paxel_blueprint":2,"minecraft:beetroot_seeds":12,"exnihilocoloratus:none_barrel":1,"create:depot":1,"colouredstuff:slab_planks_none":75,"sf5_things:block_of_white_dye":45,"minecraft:leather":29,"sf5_things:blue_apple":10,"colouredstuff:leaves_gray":192,"colouredstuff:log_gray":23,"colouredstuff:planks_black":8,"colouredstuff:slab_planks_green":125,"minecraft:kelp":54,"colouredstuff:planks_lime":2,"colouredstuff:log_stripped_gray":13,"sf5_things:block_of_gray_dye":40,"minecraft:green_dye":11,"exnihilocoloratus:green_crucible":3,"minecraft:gravel":495,"exnihilosequentia:infested_leaves":17,"colored_torches:white_torch":3,"colouredstuff:log_none":15,"exnihilosequentia:cooked_silkworm":1,"create:gearbox":2,"create:millstone":3,"colouredstuff:log_stripped_lime":30,"immersiveengineering:seed":6,"create:mechanical_pump":5,"colouredstuff:slab_planks_black":10,"silentgear:axe":1,"colouredstuff:log_stripped_none":5,"sf5_things:block_of_orange_dye":31,"minecraft:coal":10},"minecraft:killed_by":{"minecraft:cow":2},"minecraft:broken":{"woodenbucket:wooden_bucket":1},"minecraft:dropped":{"minecraft:clay":2,"minecraft:orange_dye":42,"create:filter":1,"silentgear:axe":1,"minecraft:grass":4,"minecraft:dirt":1,"colouredstuff:slab_planks_blue":4,"minecraft:yellow_dye":31,"exnihilosequentia:wooden_hammer":3,"colouredstuff:slab_planks_lime":1,"minecraft:sand":1684,"minecraft:gray_dye":399,"minecraft:gold_ingot":6,"minecraft:gravel":957,"silentgear:template_board":52,"colored_torches:black_torch":2,"colouredstuff:planks_black":5,"minecraft:wheat":2,"colouredstuff:sapling_none":1,"colouredstuff:leaves_green":1,"minecraft:beetroot":2,"exnihilosequentia:silkworm":8,"minecraft:lime_dye":179,"minecraft:charcoal":1,"minecraft:white_dye":54,"colouredstuff:planks_brown":2,"create:andesite_alloy":1,"minecraft:black_dye":62,"sf5_things:block_of_light_gray_dye":1,"minecraft:cobblestone":1415,"minecraft:copper_ingot":122,"colouredstuff:planks_green":1,"minecraft:coal":10,"minecraft:stick":6,"colouredstuff:planks_lime":2,"mysticalagriculture:watering_can":2,"colored_torches:green_torch":1,"colouredstuff:slab_planks_none":1,"minecraft:green_dye":284,"sf5_things:block_of_green_dye":2,"colouredstuff:leaves_brown":1,"minecraft:red_dye":64,"minecraft:oxidized_copper":1,"minecraft:kelp":198,"minecraft:brown_dye":110,"create:shaft":2,"silentgear:hammer":1,"minecraft:bowl":3,"silentgear:sickle":1,"snad:snad":93,"colouredstuff:fence_planks_green":6,"sf5_things:block_of_lime_dye":1,"woodenbucket:wooden_bucket":3,"minecraft:cobblestone_slab":1,"silentgear:paxel":7,"silentgear:paxel_blueprint":2,"minecraft:andesite":3,"minecraft:light_gray_dye":766,"colouredstuff:log_stripped_brown":1,"bhc:red_heart":1},"minecraft:killed":{"minecraft:bee":3,"minecraft:cow":33},"minecraft:crafted":{"minecraft:black_dye":42,"minecraft:cobblestone_slab":384,"minecraft:barrel":17,"ars_nouveau:archwood_planks":4,"colored_torches:white_torch":2,"colouredstuff:planks_brown":119,"minecraft:grass":4,"colouredstuff:slab_planks_lime":64,"minecraft:heavy_weighted_pressure_plate":1,"colouredstuff:slab_planks_blue":252,"minecraft:green_dye":29,"create:vertical_gearbox":5,"minecraft:glass":22,"minecraft:stone_brick_slab":18,"create:andesite_funnel":6,"minecraft:raw_copper":8,"create:mechanical_press":1,"mysticalagriculture:watering_can":1,"create:spout":1,"colouredstuff:crafting_table_brown":4,"colouredstuff:planks_none":25,"exnihilocoloratus:none_barrel":1,"minecraft:stone_bricks":30,"create:cogwheel":65,"create:depot":5,"colouredstuff:slab_planks_green":174,"colouredstuff:slab_planks_none":72,"create:fluid_pipe":20,"minecraft:kelp":10,"minecraft:brown_dye":20,"minecraft:copper_ingot":70,"craftingstation:crafting_station":2,"create:encased_chain_drive":7,"create:mechanical_mixer":2,"minecraft:diorite":63,"create:gearbox":8,"exnihilosequentia:wooden_hammer":1,"create:encased_fan":1,"minecraft:yellow_dye":10,"create:water_wheel":5,"minecraft:charcoal":7,"exnihilosequentia:stone_hammer":1,"minecraft:stick":232,"create:mechanical_pump":2,"minecraft:iron_ingot":112,"colouredstuff:slab_planks_brown":6,"woodenbucket:wooden_bucket":18,"minecraft:gold_ingot":12,"create:propeller":1,"minecraft:light_gray_dye":383,"create:large_cogwheel":7,"sf5_things:block_of_light_gray_dye":2,"minecraft:raw_iron":139,"minecraft:coal":86,"create:wrench":1,"minecraft:iron_nugget":78,"colouredstuff:planks_blue":201,"minecraft:furnace":8,"minecraft:gray_dye":66,"minecraft:bone_meal":29,"minecraft:pink_dye":4,"minecraft:raw_copper_block":8,"minecraft:flint_and_steel":1,"exnihilocoloratus:brown_barrel":2,"minecraft:netherrack":1,"colouredstuff:planks_lime":30,"colouredstuff:stairs_planks_brown":88,"create:millstone":2,"minecraft:lime_dye":11,"create:fluid_tank":5,"create:basin":2,"create:belt_connector":9,"create:filter":2,"minecraft:red_dye":7,"minecraft:bone_block":5,"create:andesite_alloy":116,"create:hand_crank":1,"minecraft:dried_kelp":21,"colouredstuff:planks_green":139,"minecraft:bowl":4,"create:goggles":1,"create:large_water_wheel":5,"minecraft:bucket":1,"colouredstuff:planks_black":29,"minecraft:orange_dye":3,"minecraft:air":4270,"sophisticatedstorage:chest":10,"create:whisk":2,"minecraft:white_wool":5,"minecraft:white_dye":45,"thermal:eggplant_seeds":1,"minecraft:raw_gold":12,"create:shaft":82,"minecraft:andesite":292},"minecraft:mined":{"create:andesite_casing":37,"colored_torches:wall_white_torch":2,"colouredstuff:fence_planks_green":14,"colouredstuff:leaves_green":665,"colouredstuff:log_stripped_gray":13,"minecraft:fire":1,"colouredstuff:slab_planks_none":96,"colouredstuff:log_none":13,"sophisticatedstorage:chest":2,"colouredstuff:log_green":90,"colouredstuff:leaves_blue":231,"colouredstuff:slab_planks_lime":1,"colouredstuff:slab_planks_blue":63,"create:cogwheel":7,"colouredstuff:door_planks_green":1,"craftingstation:crafting_station_slab":2,"minecraft:player_wall_head":1,"additionallanterns:white_smooth_stone_lantern":1,"sf5_things:block_of_yellow_dye":27,"tintedcampfires:green_campfire":1,"colored_torches:white_torch":1,"colouredstuff:stairs_planks_brown":17,"colouredstuff:log_blue":49,"minecraft:glass":4,"minecraft:cobblestone":425,"colouredstuff:sapling_none":3,"minecraft:seagrass":2,"sf5_things:block_of_orange_dye":31,"minecraft:wheat":5,"exnihilocoloratus:brown_barrel":2,"exnihilocoloratus:none_barrel":1,"minecraft:beetroots":4,"create:hand_crank":4,"minecraft:sand":10,"minecraft:dirt":29,"create:encased_chain_drive":5,"exnihilocoloratus:green_crucible":3,"ars_nouveau:blue_archwood_sapling":1,"exnihilosequentia:infested_leaves":97,"colouredstuff:leaves_brown":1035,"sf5_things:colorless_leaves":8,"create:millstone":3,"colouredstuff:log_stripped_none":5,"create:large_cogwheel":8,"colouredstuff:log_stripped_green":18,"create:depot":1,"colouredstuff:slab_planks_brown":5,"sf5_things:block_of_gray_dye":39,"create:shaft":6,"minecraft:furnace":3,"immersiveengineering:hemp":3,"colouredstuff:log_gray":23,"colored_torches:black_torch":1,"sf5_things:block_of_black_dye":45,"minecraft:andesite":3,"minecraft:cobblestone_slab":99,"minecraft:vine":13,"colouredstuff:leaves_none":64,"colouredstuff:dirt_lime":9,"sf5_things:block_of_green_dye":10,"sophisticatedstorage:limited_barrel_3":1,"colouredstuff:log_stripped_brown":3,"sf5_things:block_of_white_dye":45,"colouredstuff:sapling_green":1,"colouredstuff:planks_green":15,"colouredstuff:planks_lime":2,"create:mechanical_pump":3,"colouredstuff:leaves_gray":192,"exnihilosequentia:fired_crucible":2,"ars_nouveau:blue_archwood_leaves":175,"colouredstuff:log_brown":202,"craftingstation:crafting_station":2,"ars_nouveau:blue_archwood_log":55,"create:gearbox":7,"colouredstuff:slab_planks_black":22,"colouredstuff:log_stripped_lime":30,"minecraft:bee_nest":1,"sf5_things:block_of_light_gray_dye":89,"minecraft:gravel":349,"colouredstuff:slab_planks_green":149,"colouredstuff:planks_black":7,"colored_torches:green_torch":2},"minecraft:custom":{"minecraft:open_barrel":7,"minecraft:leave_game":8,"minecraft:time_since_death":76594,"minecraft:sprint_one_cm":376074,"minecraft:drop":1114,"minecraft:play_time":629297,"minecraft:deaths":8,"minecraft:jump":1131,"minecraft:walk_on_water_one_cm":16300,"minecraft:interact_with_furnace":63,"minecraft:damage_dealt":3925,"minecraft:crouch_one_cm":21994,"minecraft:mob_kills":37,"minecraft:interact_with_campfire":53,"minecraft:damage_dealt_resisted":0,"minecraft:climb_one_cm":11625,"minecraft:walk_one_cm":1580069,"minecraft:sneak_time":8093,"minecraft:walk_under_water_one_cm":2754,"minecraft:total_world_time":629297,"minecraft:time_since_rest":76620,"minecraft:damage_taken":3385,"minecraft:swim_one_cm":2726,"minecraft:fly_one_cm":68539,"minecraft:open_chest":640,"minecraft:fall_one_cm":317187},"minecraft:used":{"exnihilocoloratus:none_barrel":2,"colouredstuff:fence_planks_green":4,"silentgear:sword":56,"colouredstuff:sapling_green":11,"minecraft:player_head":2,"create:fluid_tank":13,"create:cogwheel":46,"exnihilosequentia:cooked_silkworm":1,"create:depot":15,"colored_torches:white_torch":11,"minecraft:glass":10,"colored_torches:black_torch":1,"minecraft:lava_bucket":3,"minecraft:grass_block":8,"create:millstone":10,"minecraft:stone_bricks":12,"create:andesite_funnel":10,"colouredstuff:slab_planks_brown":1,"silentgear:paxel":1391,"create:shaft":24,"minecraft:furnace":10,"tintedcampfires:green_campfire":1,"minecraft:beetroot_seeds":1,"colouredstuff:planks_none":6,"ars_nouveau:blue_archwood_sapling":2,"colouredstuff:sapling_brown":24,"exnihilocoloratus:brown_barrel":4,"create:spout":2,"minecraft:sand":7,"additionallanterns:white_smooth_stone_lantern":2,"colouredstuff:slab_planks_none":66,"colouredstuff:dirt_lime":5,"colouredstuff:stairs_planks_brown":23,"sophisticatedstorage:chest":12,"create:andesite_casing":8,"minecraft:gravel":348,"colouredstuff:sapling_gray":4,"create:basin":4,"exnihilosequentia:stone_hammer":605,"minecraft:andesite":4,"create:vertical_gearbox":14,"minecraft:bone_meal":123,"create:large_cogwheel":27,"minecraft:flint_and_steel":1,"exnihilosequentia:wooden_hammer":5,"colored_torches:green_torch":4,"exnihilocoloratus:green_crucible":4,"minecraft:netherrack":1,"simpletomb:grave_key":8,"gateways:gate_pearl":1,"colouredstuff:leaves_green":109,"create:mechanical_pump":11,"minecraft:dirt":32,"thermal:eggplant_seeds":1,"create:mechanical_mixer":3,"colouredstuff:sapling_none":7,"minecraft:stone_brick_slab":6,"colouredstuff:slab_planks_green":202,"colouredstuff:crafting_table_brown":2,"exnihilosequentia:infested_leaves":17,"create:wrench":126,"create:gearbox":6,"silentgear:shears":1010,"create:encased_chain_drive":15,"colouredstuff:planks_black":30,"colouredstuff:planks_green":37,"create:fluid_pipe":19,"minecraft:cooked_beef":21,"create:belt_connector":2,"sophisticatedstorage:limited_barrel_3":1,"exnihilosequentia:fired_crucible":1,"minecraft:wheat_seeds":11,"colouredstuff:log_gray":9,"colouredstuff:sapling_blue":8,"colouredstuff:log_brown":105,"colouredstuff:log_lime":30,"minecraft:cobblestone_slab":369,"create:encased_fan":1,"silentgear:sickle":202,"silentgear:axe":620,"create:filter":4,"colouredstuff:log_stripped_lime":30,"colouredstuff:log_stripped_brown":3,"colouredstuff:crafting_table_none":1,"colouredstuff:slab_planks_blue":205,"create:mechanical_press":5,"craftingstation:crafting_station":4,"create:large_water_wheel":5,"minecraft:cobblestone":516,"colouredstuff:log_stripped_gray":4,"colouredstuff:log_green":18,"minecraft:bucket":3,"colouredstuff:log_none":2,"create:hand_crank":5}},"DataVersion":3465}