{"stats":{"minecraft:dropped":{"minecraft:clay":2,"botania:pink_petal":2,"minecraft:cooked_beef":27,"create:cogwheel":3,"minecraft:dirt":65,"colouredstuff:slab_planks_blue":31,"minecraft:grass":4,"minecraft:raw_copper_block":1,"minecraft:yellow_dye":692,"craftingstation:crafting_station_slab":2,"exnihilosequentia:wooden_hammer":3,"create:speedometer":4,"minecraft:bone_meal":15,"create:goggles":1,"minecraft:sand":10451,"ars_nouveau:wilden_horn":8,"minecraft:gray_dye":1027,"minecraft:lever":1,"colored_torches:black_torch":2,"ars_nouveau:apprentice_spell_book":1,"minecraft:iron_nugget":64,"colouredstuff:planks_black":5,"minecraft:pink_dye":35,"minecraft:wheat":88,"minecraft:lime_dye":179,"sf5_things:block_of_white_dye":21,"minecraft:charcoal":1,"minecraft:hopper":1,"create:wrench":1,"minecraft:white_dye":873,"minecraft:beef":99,"colouredstuff:planks_brown":2,"botania:brown_petal":13,"minecraft:iron_ingot":170,"minecraft:black_dye":760,"minecraft:wheat_seeds":6,"create_sabers:brass_saber_white_off":1,"minecraft:cobblestone":12469,"minecraft:coal":75,"minecraft:coal_block":20,"colouredstuff:slab_planks_brown":64,"colouredstuff:slab_planks_none":1,"colored_torches:green_torch":3,"sf5_things:block_of_green_dye":29,"minecraft:red_dye":192,"sf5_things:block_of_red_dye":30,"minecraft:oxidized_copper":1,"sf5_things:block_of_pink_dye":1,"minecraft:player_head":6,"silentgear:hammer":1,"minecraft:bowl":3,"snad:snad":98,"sf5_things:block_of_brown_dye":55,"woodenbucket:wooden_bucket":5,"minecraft:cobblestone_slab":1,"silentgear:paxel":7,"create:zinc_ingot":57,"minecraft:barrel":24,"minecraft:light_gray_dye":2031,"minecraft:magenta_dye":4,"botania:blue_petal":2,"create:vertical_gearbox":1,"minecraft:orange_dye":300,"minecraft:oak_log":71,"minecraft:ender_pearl":3,"colouredstuff:slab_planks_black":4,"colouredstuff:dirt_brown":8,"create:filter":2,"silentgear:axe":1,"minecraft:flint":79,"colouredstuff:slab_planks_lime":1,"colored_torches:blue_torch":3,"botania:white_petal":6,"mysticalagriculture:none_crop_seeds":1,"minecraft:gold_ingot":10,"minecraft:gravel":1380,"silentgear:template_board":56,"ars_nouveau:wilden_spike":8,"colouredstuff:sapling_none":1,"colouredstuff:leaves_green":1,"minecraft:cherry_sapling":4,"minecraft:beetroot":2,"exnihilosequentia:silkworm":19,"colouredstuff:log_brown":7,"heads:blaze_head":2,"minecraft:beetroot_seeds":1,"create:brass_ingot":57,"create:wheat_flour":79,"immersiveengineering:seed":2,"create:andesite_alloy":12,"minecraft:oak_leaves":64,"colouredstuff:dirt_white":9,"minecraft:vine":74,"minecraft:cherry_log":35,"sf5_things:block_of_light_gray_dye":110,"minecraft:cyan_dye":38,"botania:red_petal":6,"botania:green_petal":2,"simplehats:fro":1,"minecraft:copper_ingot":383,"colouredstuff:planks_green":6,"minecraft:stick":6,"colouredstuff:planks_lime":2,"mysticalagriculture:watering_can":2,"minecraft:blue_dye":66,"sf5_things:block_of_gray_dye":30,"minecraft:green_dye":559,"colouredstuff:leaves_brown":1,"botania:alchemy_catalyst":1,"sophisticatedbackpacks:crafting_upgrade":1,"minecraft:bucket":1,"ars_nouveau:wilden_wing":2,"minecraft:kelp":378,"minecraft:brown_dye":178,"create:shaft":65,"minecraft:raw_copper":297,"botania:light_gray_petal":8,"minecraft:raw_iron":368,"silentgear:sickle":1,"minecraft:stripped_oak_log":48,"colouredstuff:fence_planks_green":8,"sf5_things:block_of_lime_dye":21,"silentgear:paxel_blueprint":2,"minecraft:andesite":3,"colouredstuff:log_stripped_brown":1,"sf5_things:block_of_black_dye":1,"bhc:red_heart":3,"create:empty_blaze_burner":5},"minecraft:custom":{"minecraft:open_barrel":17,"minecraft:leave_game":34,"minecraft:time_since_death":43262,"minecraft:play_time":2637969,"minecraft:deaths":20,"minecraft:jump":5976,"minecraft:interact_with_furnace":168,"minecraft:damage_dealt":18421,"minecraft:inspect_dropper":2,"minecraft:inspect_hopper":32,"minecraft:sneak_time":40352,"minecraft:total_world_time":2637969,"minecraft:time_since_rest":43283,"minecraft:swim_one_cm":3247,"minecraft:fly_one_cm":531654,"minecraft:open_chest":2292,"minecraft:fall_one_cm":1073377,"minecraft:animals_bred":1,"minecraft:damage_resisted":0,"minecraft:sprint_one_cm":1914411,"minecraft:drop":1955,"minecraft:walk_on_water_one_cm":48505,"minecraft:crouch_one_cm":90701,"minecraft:mob_kills":156,"minecraft:interact_with_campfire":53,"minecraft:damage_dealt_resisted":0,"minecraft:climb_one_cm":39104,"minecraft:walk_one_cm":6268807,"gateways:gates_defeated":2,"minecraft:walk_under_water_one_cm":25463,"minecraft:damage_taken":11613},"minecraft:used":{"create:deployer":15,"silentgear:sword":192,"botania:white_petal":2,"botania:light_blue_petal":2,"minecraft:stone":29,"obtrophies:trophy":2,"create:fluid_tank":86,"create:mechanical_crafter":8,"create:depot":55,"colored_torches:white_torch":17,"colored_torches:black_torch":2,"minecraft:lava_bucket":21,"minecraft:grass_block":207,"minecraft:stone_brick_stairs":83,"create:andesite_funnel":77,"create:rotation_speed_controller":7,"create:shaft":422,"create:steam_engine":44,"minecraft:furnace":18,"minecraft:oak_sapling":323,"tintedcampfires:green_campfire":2,"create_sabers:brass_saber_white":103,"colouredstuff:planks_none":6,"ars_nouveau:blue_archwood_sapling":2,"colouredstuff:planks_brown":31,"colouredstuff:sapling_orange":1,"exnihilocoloratus:brown_barrel":8,"minecraft:oak_leaves":22,"create:spout":16,"minecraft:sand":9,"additionallanterns:white_smooth_stone_lantern":4,"ars_nouveau:archwood_fence":1,"openstairs:open_oak_stairs":14,"sophisticatedstorage:chest":87,"createsifter:sifter":1,"minecraft:coal_block":1,"colouredstuff:sapling_gray":4,"create:basin":29,"botania:pure_daisy":1,"colouredstuff:dirt_none":1,"sf5_things:block_of_black_dye":14,"botania:light_gray_mystical_flower":1,"exnihilosequentia:wooden_hammer":5,"minecraft:netherrack":4,"minecraft:torch":11,"thermal:eggplant_seeds":1,"openstairs:open_oak_stairs_inside":4,"colouredstuff:leaves_brown":1,"colouredstuff:slab_planks_green":202,"botania:red_petal":7,"colouredstuff:crafting_table_brown":2,"exnihilosequentia:infested_leaves":17,"create:wrench":1994,"create:gearbox":45,"extractinator:extractinator":1,"minecraft:barrel":9,"create:encased_chain_drive":115,"colouredstuff:planks_black":30,"colouredstuff:planks_green":42,"botania:mana_pool":3,"create:fluid_pipe":198,"create:content_observer":7,"minecraft:cherry_log":58,"create:belt_connector":123,"sophisticatedstorage:limited_barrel_3":1,"minecraft:wheat_seeds":51,"minecraft:water_bucket":53,"botania:endoflame":7,"colouredstuff:sapling_blue":32,"create:brass_tunnel":6,"botania:mana_spreader":1,"minecraft:cherry_planks":25,"colouredstuff:log_lime":38,"create:blaze_burner":20,"minecraft:comparator":8,"create:encased_fan":16,"minecraft:oak_slab":8,"minecraft:crafting_table":1,"silentgear:sickle":915,"silentgear:axe":644,"minecraft:campfire":1,"botania:apothecary_default":2,"create:filter":9,"colouredstuff:log_stripped_brown":5,"minecraft:oak_log":156,"colouredstuff:crafting_table_none":1,"colouredstuff:slab_planks_blue":205,"colouredstuff:crafting_table_light_gray":1,"create:water_wheel":3,"create:mechanical_arm":76,"sf5_things:block_of_white_dye":2,"minecraft:cobblestone":959,"colouredstuff:log_stripped_gray":4,"colouredstuff:log_green":18,"luphieclutteredmod:blue_bicycle":2,"colouredstuff:log_none":2,"create:clutch":24,"minecraft:stripped_oak_log":6,"create:redstone_link":22,"minecraft:cherry_sapling":86,"exnihilocoloratus:none_barrel":2,"colouredstuff:fence_planks_green":4,"colouredstuff:sapling_green":11,"immersiveengineering:seed":4,"create:portable_storage_interface":5,"create_sabers:brass_saber_white_off":1,"colouredstuff:trapdoor_planks_brown":43,"minecraft:player_head":4,"create:mechanical_bearing":2,"create:cogwheel":325,"exnihilosequentia:cooked_silkworm":1,"colouredstuff:crafting_table_cyan":1,"create:speedometer":29,"minecraft:obsidian":10,"sophisticatedbackpacks:diamond_backpack":1,"minecraft:glass":49,"create:millstone":26,"minecraft:stone_bricks":766,"minecraft:item_frame":1,"thermal:device_composter":1,"colouredstuff:slab_planks_brown":2013,"silentgear:paxel":7055,"minecraft:scaffolding":68,"create:mechanical_drill":4,"sf5_things:brown_apple":26,"minecraft:beetroot_seeds":1,"create:polished_cut_dripstone_wall":1,"botania:brown_petal":6,"colouredstuff:sapling_brown":98,"minecraft:oak_planks":4,"minecraft:ender_pearl":1,"minecraft:redstone_block":5,"minecraft:sugar_cane":3,"create:mechanical_saw":25,"botania:fertilizer":35,"minecraft:shears":7527,"minecraft:redstone_torch":8,"colouredstuff:slab_planks_none":66,"minecraft:lever":19,"colouredstuff:dirt_lime":5,"colouredstuff:stairs_planks_brown":49,"sf5_things:blue_apple":11,"create:andesite_casing":20,"minecraft:gravel":351,"snad:snad":7,"exnihilosequentia:stone_hammer":605,"create:stressometer":12,"minecraft:andesite":46,"create:vertical_gearbox":100,"minecraft:bone_meal":1741,"create:large_cogwheel":94,"colouredstuff:leaves_red":1,"minecraft:flint_and_steel":11,"colored_torches:green_torch":4,"minecraft:redstone":30,"botania:white_double_flower":1,"exnihilocoloratus:green_crucible":4,"simpletomb:grave_key":20,"colouredstuff:leaves_green":109,"botania:open_crate":1,"gateways:gate_pearl":2,"create:mechanical_pump":50,"minecraft:dirt":557,"create:mechanical_mixer":20,"minecraft:hopper":8,"colouredstuff:sapling_none":7,"botania:twig_wand":11,"dimpaintings:overworld_painting":4,"botania:light_gray_petal":18,"create:chute":47,"colouredstuff:planks_lime":4,"minecraft:stone_brick_slab":49,"colored_torches:blue_torch":83,"minecraft:oak_stairs":13,"silentgear:shears":1010,"minecraft:golden_carrot":6,"minecraft:cooked_beef":99,"sophisticatedstorage:basic_to_copper_tier_upgrade":1,"create:gearshift":1,"exnihilosequentia:fired_crucible":7,"colouredstuff:log_gray":9,"colouredstuff:log_brown":325,"botania:brown_mystical_flower":1,"minecraft:stonecutter":1,"minecraft:cobblestone_slab":417,"create:brass_funnel":15,"colouredstuff:fence_planks_brown":62,"botania:red_mystical_flower":1,"colouredstuff:log_stripped_lime":30,"minecraft:apple":3,"create:mechanical_press":9,"craftingstation:crafting_station":7,"botania:alchemy_catalyst":2,"create:large_water_wheel":60,"sophisticatedstorage:copper_chest":2,"minecraft:bucket":43,"create:hand_crank":35},"minecraft:mined":{"botania:mana_pool":2,"botania:red_mystical_flower":4,"create:andesite_casing":39,"minecraft:cherry_log":991,"minecraft:obsidian":11,"botania:livingwood_log":23,"minecraft:coal_block":1,"snad:snad":7,"botania:light_gray_mystical_flower":1,"colouredstuff:leaves_green":665,"colouredstuff:log_lime":1,"colouredstuff:log_red":9,"minecraft:fire":131,"minecraft:barrel":5,"cyclic:item_pipe":30,"minecraft:oak_stairs":2,"colouredstuff:log_green":90,"colouredstuff:slab_planks_lime":1,"botania:light_blue_mystical_flower":1,"botania:alchemy_catalyst":1,"botania:green_mystical_flower":1,"create:cogwheel":7,"minecraft:player_wall_head":2,"sf5_things:block_of_yellow_dye":27,"tintedcampfires:green_campfire":3,"colored_torches:white_torch":4,"colouredstuff:stairs_planks_brown":44,"minecraft:glass":44,"botania:endoflame":2,"colouredstuff:dirt_brown":8,"minecraft:sugar_cane":5,"colouredstuff:sapling_none":3,"create:andesite_belt_funnel":1,"sophisticatedbackpacks:diamond_backpack":1,"minecraft:wheat":45,"minecraft:stone_brick_stairs":26,"minecraft:grass":61,"exnihilocoloratus:brown_barrel":6,"exnihilocoloratus:none_barrel":1,"colouredstuff:crafting_table_cyan":1,"create:hand_crank":4,"colouredstuff:dirt_white":9,"exnihilocoloratus:green_crucible":3,"minecraft:stonecutter":1,"colored_torches:wall_blue_torch":4,"colored_torches:blue_torch":13,"colouredstuff:leaves_brown":2950,"luphieclutteredmod:blue_bicycle":1,"create:millstone":3,"minecraft:cherry_sapling":4,"colouredstuff:planks_brown":18,"colouredstuff:log_stripped_green":18,"minecraft:redstone_wire":20,"ars_nouveau:archwood_fence":1,"obtrophies:trophy":1,"create:shaft":9,"colouredstuff:log_gray":23,"colored_torches:black_torch":3,"minecraft:andesite":46,"minecraft:cobblestone_slab":244,"minecraft:vine":75,"colouredstuff:dirt_lime":17,"minecraft:oak_slab":23,"sf5_things:block_of_green_dye":10,"botania:lime_mystical_flower":1,"minecraft:redstone_block":5,"minecraft:cherry_planks":25,"minecraft:comparator":4,"colouredstuff:sapling_green":1,"minecraft:stone_brick_slab":46,"colouredstuff:dirt_none":1,"create:fluid_pipe":7,"create:mechanical_pump":3,"colouredstuff:leaves_gray":192,"minecraft:campfire":1,"exnihilosequentia:fired_crucible":5,"minecraft:tall_grass":8,"craftingstation:crafting_station":5,"create:redstone_link":1,"create:mechanical_saw":1,"colouredstuff:trapdoor_planks_brown":38,"create:gearbox":7,"colouredstuff:slab_planks_black":29,"colouredstuff:fence_planks_brown":42,"botania:white_mystical_flower":1,"sf5_things:block_of_light_gray_dye":89,"minecraft:gravel":351,"colouredstuff:slab_planks_green":150,"minecraft:stone_bricks":422,"create:andesite_funnel":1,"minecraft:oak_sapling":19,"minecraft:farmland":17,"colouredstuff:leaves_red":133,"botania:stripped_livingwood_log":1,"minecraft:grass_block":110,"colouredstuff:sapling_lime":3,"colored_torches:wall_white_torch":2,"colouredstuff:fence_planks_green":16,"colouredstuff:crafting_table_light_gray":1,"colouredstuff:log_stripped_gray":13,"botania:apothecary_default":1,"supplementaries:ash":3,"colouredstuff:slab_planks_none":97,"colouredstuff:log_none":13,"sophisticatedstorage:chest":48,"colouredstuff:leaves_blue":608,"colouredstuff:slab_planks_blue":115,"colouredstuff:door_planks_green":1,"craftingstation:crafting_station_slab":2,"additionallanterns:white_smooth_stone_lantern":2,"colouredstuff:log_blue":144,"minecraft:cobblestone":720,"botania:blue_mystical_flower":1,"minecraft:oak_planks":3,"botania:light_gray_buried_petals":2,"botania:light_gray_double_flower":15,"create:polished_cut_dripstone_wall":1,"create:large_water_wheel":1,"minecraft:seagrass":2,"sf5_things:block_of_orange_dye":31,"botania:light_blue_buried_petals":1,"minecraft:oak_log":1060,"minecraft:beetroots":4,"minecraft:sand":18,"minecraft:dirt":117,"create:encased_chain_drive":6,"minecraft:netherrack":2,"exnihilosequentia:infested_leaves":97,"minecraft:oak_leaves":5203,"ars_nouveau:blue_archwood_sapling":1,"sf5_things:colorless_leaves":8,"colouredstuff:log_stripped_none":5,"minecraft:lever":1,"create:large_cogwheel":8,"botania:brown_double_flower":8,"create:depot":1,"colouredstuff:slab_planks_brown":531,"sf5_things:block_of_gray_dye":39,"minecraft:furnace":11,"immersiveengineering:hemp":9,"sf5_things:block_of_black_dye":45,"colouredstuff:sapling_brown":1,"colouredstuff:leaves_none":64,"botania:livingrock":24,"minecraft:stripped_oak_log":2,"botania:light_blue_double_flower":1,"minecraft:stone":5,"minecraft:redstone_wall_torch":2,"sophisticatedstorage:limited_barrel_3":1,"minecraft:scaffolding":31,"colouredstuff:log_stripped_brown":6,"sf5_things:block_of_white_dye":47,"colouredstuff:planks_green":25,"colouredstuff:planks_lime":6,"minecraft:crafting_table":1,"sophisticatedstorage:copper_chest":2,"botania:white_double_flower":3,"ars_nouveau:blue_archwood_leaves":175,"colouredstuff:log_brown":905,"botania:pink_mystical_flower":1,"botania:red_double_flower":8,"botania:cyan_mystical_flower":1,"ars_nouveau:blue_archwood_log":55,"minecraft:redstone_torch":3,"colouredstuff:log_stripped_lime":30,"colouredstuff:sapling_blue":2,"minecraft:bee_nest":1,"botania:yellow_mystical_flower":1,"minecraft:cherry_leaves":4636,"colouredstuff:planks_black":20,"colored_torches:green_torch":3,"create:andesite_encased_shaft":1},"minecraft:picked_up":{"minecraft:seagrass":1,"create:spout":1,"create:polished_cut_dripstone_wall":1,"minecraft:oak_stairs":2,"create:wrench":1,"botania:light_blue_double_flower":1,"minecraft:string":78,"minecraft:beetroot":6,"botania:light_gray_double_flower":14,"mysticalagriculture:none_crop_seeds":5,"thermal:eggplant":6,"colouredstuff:dirt_white":9,"minecraft:coal_block":1,"sf5_things:rgb_dye":24,"colouredstuff:log_black":3,"create:andesite_casing":43,"minecraft:cherry_log":1025,"openstairs:open_oak_stairs_inside":32,"sf5_things:brown_apple":84,"minecraft:black_dye":7,"woodenbucket:wooden_bucket":10,"botania:white_mystical_flower":1,"cyclic:item_pipe":29,"botania:livingrock":24,"ars_nouveau:apprentice_spell_book":1,"minecraft:blue_dye":28,"simplehats:dumhat":1,"minecraft:bookshelf":2,"botania:livingwood_log":23,"thermal:slag":64,"supplementaries:ash":63,"minecraft:blaze_rod":2,"silentgear:template_board":480,"silentgear:paxel":7,"minecraft:cooked_beef":89,"minecraft:oxidized_copper":1,"minecraft:cherry_leaves":4390,"colouredstuff:log_red":9,"minecraft:flint":157,"create:encased_chain_drive":5,"simplehats:hatbag_epic":2,"botania:white_double_flower":1,"bhc:red_heart":3,"minecraft:stonecutter":1,"sophisticatedstorage:chest":47,"create:goggles":1,"create:shaft":13,"simplehats:hatbag_uncommon":2,"colouredstuff:log_stripped_green":17,"botania:mana_pool":2,"botania:red_mystical_flower":4,"patchouli:guide_book":1,"openstairs:open_oak_stairs":28,"ars_nouveau:wilden_horn":8,"minecraft:barrel":29,"exnihilosequentia:silkworm":305,"colouredstuff:sapling_black":5,"sf5_things:block_of_black_dye":86,"colored_torches:green_torch":8,"minecraft:lever":11,"thermal:eggplant_seeds":2,"colouredstuff:fence_planks_brown":42,"thermal:copper_plate":17,"lootbags:loot_bag":17,"colouredstuff:log_stripped_brown":8,"minecraft:crafting_table":1,"colouredstuff:sapling_blue":36,"create:fluid_pipe":8,"botania:endoflame":7,"create:redstone_link":4,"simplehats:baseballhat":1,"colouredstuff:fence_planks_green":16,"botania:pure_daisy":1,"minecraft:beef":188,"sf5_things:green_apple":8,"minecraft:iron_nugget":24,"colored_torches:black_torch":8,"create:clutch":3,"minecraft:stone":1424,"colouredstuff:slab_planks_brown":509,"simplehats:hatbag_common":9,"colouredstuff:stairs_planks_brown":43,"sophisticatedbackpacks:crafting_upgrade":1,"colouredstuff:leaves_blue":188,"minecraft:white_dye":6,"minecraft:redstone":23,"sf5_things:block_of_light_gray_dye":369,"botania:brown_petal":2,"create:vertical_gearbox":9,"silentgear:paxel_blueprint":2,"minecraft:beetroot_seeds":17,"botania:apothecary_default":1,"botania:blue_mystical_flower":2,"exnihilocoloratus:none_barrel":1,"create:depot":1,"botania:green_mystical_flower":2,"minecraft:stripped_oak_log":12,"botania:light_blue_petal":1,"minecraft:yellow_dye":146,"sf5_things:blue_apple":21,"botania:red_petal":1,"ars_nouveau:wilden_wing":3,"minecraft:oak_log":1318,"minecraft:paper":55,"colouredstuff:log_gray":23,"colouredstuff:planks_black":20,"sf5_things:block_of_red_dye":60,"minecraft:apple":25,"minecraft:stone_bricks":355,"minecraft:kelp":54,"simplehats:rabi_en_rose":1,"colouredstuff:planks_lime":6,"sf5_things:block_of_gray_dye":123,"create:mechanical_saw":1,"minecraft:gravel":905,"openstairs:open_oak_stairs_outside":28,"colored_torches:white_torch":9,"exnihilosequentia:infested_leaves":17,"create:gearbox":2,"botania:red_double_flower":8,"create:millstone":5,"colouredstuff:log_stripped_lime":30,"immersiveengineering:seed":29,"create:mechanical_pump":5,"silentgear:axe":1,"colouredstuff:log_stripped_none":5,"sf5_things:block_of_orange_dye":31,"botania:brown_mystical_flower":1,"minecraft:pink_dye":1,"minecraft:hopper":1,"minecraft:ender_pearl":2,"simplehats:fro":5,"create:mechanical_crafter":1,"minecraft:wheat":80,"colouredstuff:log_green":85,"minecraft:redstone_block":5,"simplehats:hatbag_rare":4,"minecraft:stone_brick_stairs":26,"colouredstuff:planks_brown":7,"botania:mana_pearl":1,"colouredstuff:crafting_table_light_gray":1,"silentgear:sinew":18,"minecraft:raw_copper":36,"craftingstation:crafting_station":5,"create:andesite_funnel":3,"minecraft:comparator":6,"minecraft:bucket":1,"minecraft:red_dye":94,"minecraft:rose_bush":134,"minecraft:redstone_torch":6,"minecraft:cobblestone_slab":197,"exnihilocoloratus:brown_barrel":6,"minecraft:furnace":10,"minecraft:stick":373,"create:mechanical_mixer":1,"colouredstuff:leaves_brown":751,"tintedcampfires:green_campfire":3,"create:dough":79,"botania:yellow_mystical_flower":1,"sf5_things:block_of_yellow_dye":27,"minecraft:porkchop":1,"minecraft:dried_kelp":234,"minecraft:vine":18,"exnihilosequentia:wooden_hammer":2,"heads:blaze_head":2,"create:large_cogwheel":18,"snad:snad":19,"colouredstuff:planks_green":28,"botania:light_gray_mystical_flower":2,"simplehats:festiveribbon":1,"simplehats:supersandhat":1,"minecraft:obsidian":11,"colouredstuff:leaves_red":133,"minecraft:cobblestone":8959,"silentgear:sickle":1,"sf5_things:block_of_green_dye":64,"occultism:datura_seeds":2,"minecraft:cherry_planks":25,"minecraft:andesite":80,"mysticalagriculture:watering_can":1,"sf5_things:block_of_lime_dye":41,"create:belt_connector":8,"thermal:onion":1,"minecraft:magenta_dye":4,"minecraft:light_gray_dye":150,"sf5_things:black_apple":1,"minecraft:dirt":276,"immersiveengineering:hemp_fiber":64,"exnihilosequentia:fired_crucible":5,"minecraft:glass":128,"colouredstuff:sapling_green":19,"botania:cyan_mystical_flower":2,"obtrophies:trophy":2,"minecraft:wheat_seeds":177,"botania:pink_mystical_flower":2,"minecraft:oak_planks":2,"simplehats:babyturtle":1,"botania:stripped_livingwood_log":1,"create:cogwheel":15,"ars_nouveau:archwood_fence":1,"minecraft:sand":1529,"sf5_things:block_of_brown_dye":110,"openstairs:open_oak_stairs_float":24,"colouredstuff:log_brown":883,"minecraft:clay":2,"colouredstuff:leaves_green":385,"create:filter":9,"heads:cow_head":4,"colouredstuff:sapling_none":14,"colouredstuff:log_blue":144,"minecraft:oak_sapling":1479,"minecraft:netherrack":1,"minecraft:oak_leaves":1911,"create_sabers:brass_saber_white":2,"minecraft:charcoal":11,"minecraft:cocoa_beans":15,"colouredstuff:slab_planks_blue":120,"colouredstuff:sapling_brown":218,"botania:brown_double_flower":8,"ars_nouveau:blue_archwood_sapling":10,"colouredstuff:sapling_lime":3,"colouredstuff:dirt_lime":5,"sophisticatedstorage:limited_barrel_3":1,"minecraft:item_frame":1,"create:chute":2,"sf5_things:none_apple":4,"colored_torches:blue_torch":38,"minecraft:player_head":5,"minecraft:sugar_cane":205,"colouredstuff:slab_planks_lime":1,"minecraft:orange_dye":121,"minecraft:raw_iron":6,"simplehats:fakeblight":1,"minecraft:copper_ingot":275,"ars_nouveau:blue_archwood_log":59,"silentgear:hammer":1,"sophisticatedstorage:copper_chest":2,"create:hand_crank":13,"minecraft:brown_dye":275,"create:zinc_ingot":8,"additionallanterns:white_smooth_stone_lantern":6,"simplehats:puchiko":1,"botania:lime_mystical_flower":2,"colouredstuff:dirt_brown":16,"colouredstuff:slab_planks_none":75,"minecraft:golden_carrot":6,"colouredstuff:dirt_none":1,"minecraft:leather":110,"sf5_things:block_of_white_dye":73,"colouredstuff:trapdoor_planks_brown":37,"colouredstuff:leaves_gray":192,"create:andesite_alloy":49,"create:blaze_burner":5,"botania:light_blue_mystical_flower":4,"botania:light_gray_petal":3,"colouredstuff:slab_planks_green":125,"minecraft:iron_ingot":362,"colouredstuff:log_stripped_gray":13,"sophisticatedbackpacks:diamond_backpack":1,"minecraft:green_dye":11,"minecraft:oak_slab":17,"minecraft:scaffolding":62,"exnihilocoloratus:green_crucible":3,"create:large_water_wheel":2,"colouredstuff:crafting_table_cyan":1,"minecraft:stone_brick_slab":44,"botania:alchemy_catalyst":2,"botania:white_petal":1,"create:brass_tunnel":1,"colouredstuff:log_none":15,"exnihilosequentia:cooked_silkworm":1,"ars_nouveau:wilden_spike":8,"luphieclutteredmod:blue_bicycle":1,"minecraft:cherry_sapling":197,"colouredstuff:slab_planks_black":16,"minecraft:coal":38},"minecraft:crafted":{"minecraft:obsidian":9,"minecraft:black_dye":126,"botania:green_petal":2,"sf5_things:block_of_meat":3,"colored_torches:white_torch":2,"minecraft:chain":2,"botania:mana_pool":1,"minecraft:grass":4,"exnihilosequentia:unfired_crucible":2,"minecraft:lever":4,"sophisticatedbackpacks:crafting_upgrade":1,"sophisticatedstorage:stack_upgrade_tier_1":2,"colouredstuff:slab_planks_blue":252,"minecraft:iron_bars":16,"botania:red_petal":12,"create:vertical_gearbox":24,"create:rotation_speed_controller":2,"minecraft:glass":22,"minecraft:diamond_helmet":1,"create:andesite_funnel":37,"minecraft:diamond_leggings":1,"botania:twig_wand":1,"create:mechanical_press":1,"mysticalagriculture:watering_can":1,"colouredstuff:crafting_table_brown":4,"botania:alchemy_catalyst":1,"colouredstuff:planks_none":25,"create:brass_funnel":20,"botania:light_gray_petal":15,"create:cogwheel":157,"colouredstuff:slab_planks_green":174,"colouredstuff:slab_planks_none":72,"create:brass_block":1,"minecraft:raw_gold_block":18,"minecraft:copper_ingot":157,"craftingstation:crafting_station":6,"botania:livingwood_twig":3,"minecraft:campfire":1,"create:encased_chain_drive":32,"create:redstone_link":8,"create:mechanical_mixer":5,"create:clutch":9,"create:gearbox":39,"exnihilosequentia:wooden_hammer":1,"create:encased_fan":4,"botania:open_crate":1,"minecraft:stone_brick_stairs":4,"createsifter:sifter":1,"minecraft:bamboo":1,"thermal:redstone_servo":1,"minecraft:compass":8,"minecraft:iron_block":10,"colouredstuff:slab_planks_brown":1806,"minecraft:gold_ingot":182,"create:propeller":4,"minecraft:light_gray_dye":957,"create:large_cogwheel":8,"woodenbucket:wooden_bucket":18,"buildinggadgets2:gadget_copy_paste":1,"minecraft:composter":1,"xercapaint:item_palette":1,"colouredstuff:trapdoor_planks_brown":34,"sf5_things:block_of_light_gray_dye":2,"thermal:iron_gear":1,"create:wrench":1,"sophisticatedstorage:basic_tier_upgrade":2,"minecraft:iron_nugget":321,"colouredstuff:planks_blue":259,"sophisticatedbackpacks:stack_upgrade_tier_1":3,"botania:blue_petal":1,"minecraft:bone_meal":509,"minecraft:pink_dye":25,"silentgear:paxel_template":1,"minecraft:quartz":77,"buildinggadgets2:gadget_building":1,"colored_torches:blue_torch":18,"minecraft:netherrack":17,"minecraft:diamond":21,"thermal:device_composter":1,"sophisticatedstorage:upgrade_base":2,"colouredstuff:stairs_planks_brown":116,"botania:white_petal":7,"minecraft:ender_pearl":2,"minecraft:diamond_boots":1,"silentgear:sword":1,"botania:light_blue_petal":3,"minecraft:redstone_block":10,"create:electron_tube":10,"create:belt_connector":11,"minecraft:coal_block":92,"botania:pink_petal":1,"sf5_things:block_of_pink_dye":2,"create:brass_tunnel":2,"minecraft:dried_kelp":21,"colouredstuff:planks_green":171,"botania:mana_spreader":1,"create:goggles":1,"botania:lexicon":1,"sophisticatedbackpacks:gold_backpack":1,"colouredstuff:planks_black":29,"minecraft:orange_dye":18,"create:speedometer":8,"sophisticatedstorage:basic_to_copper_tier_upgrade":1,"create:mechanical_arm":2,"thermal:eggplant_seeds":1,"silentgear:sickle":1,"create:raw_zinc":54,"create:shaft":149,"silentgear:rod_template":1,"sf5_things:rgb_dye":38,"minecraft:oak_planks":8,"botania:livingwood_planks":8,"minecraft:cobblestone_slab":384,"minecraft:barrel":107,"ars_nouveau:archwood_planks":268,"minecraft:cherry_slab":24,"sf5_things:block_of_green_dye":1,"colouredstuff:crafting_table_orange":1,"colouredstuff:planks_brown":1339,"silentgear:sword_template":1,"sophisticatedstorage:packing_tape":1,"sf5_things:block_of_rgb_dye":25,"colouredstuff:slab_planks_lime":64,"create:mechanical_bearing":2,"minecraft:heavy_weighted_pressure_plate":1,"create:deployer":7,"minecraft:green_dye":138,"minecraft:hopper":8,"minecraft:stone_brick_slab":78,"minecraft:raw_copper":128,"silentgear:sickle_template":1,"minecraft:comparator":1,"minecraft:chest":2,"create:spout":3,"minecraft:copper_block":10,"exnihilocoloratus:none_barrel":1,"minecraft:stone_bricks":391,"extractinator:extractinator":1,"create:brass_hand":12,"minecraft:raw_iron_block":63,"create:content_observer":1,"create:depot":13,"sophisticatedbackpacks:backpack":2,"minecraft:cauldron":1,"minecraft:crafting_table":3,"create:mechanical_saw":12,"create:fluid_pipe":68,"minecraft:kelp":10,"minecraft:brown_dye":20,"create:sand_paper":10,"minecraft:gold_block":8,"create:gearshift":2,"minecraft:brewing_stand":2,"sophisticatedbackpacks:upgrade_base":3,"minecraft:diorite":63,"create:stressometer":2,"silentgear:paxel":1,"minecraft:string":1,"create:water_wheel":24,"minecraft:book":1,"minecraft:purple_dye":9,"minecraft:paper":72,"minecraft:charcoal":7,"minecraft:yellow_dye":33,"exnihilosequentia:stone_hammer":1,"create:super_glue":1,"create:portable_storage_interface":4,"sophisticatedbackpacks:diamond_backpack":1,"minecraft:stick":232,"minecraft:light_blue_dye":1,"create:mechanical_pump":10,"minecraft:iron_ingot":393,"create:clipboard":1,"botania:apothecary_default":1,"minecraft:redstone_torch":9,"minecraft:shears":1,"colouredstuff:fence_planks_brown":36,"create:empty_blaze_burner":1,"buildinggadgets2:gadget_exchanging":1,"create:chute":28,"minecraft:cherry_planks":136,"colouredstuff:planks_red":9,"botania:brown_petal":10,"minecraft:raw_iron":423,"minecraft:redstone":176,"minecraft:coal":158,"luphieclutteredmod:blue_bicycle":1,"silentgear:rod":8,"minecraft:furnace":8,"minecraft:piston":1,"minecraft:sugar_cane":64,"minecraft:gray_dye":724,"minecraft:raw_copper_block":41,"minecraft:diamond_block":1,"minecraft:flint_and_steel":1,"exnihilocoloratus:brown_barrel":2,"minecraft:scaffolding":6,"colouredstuff:planks_lime":30,"minecraft:slime_ball":15,"create:millstone":2,"minecraft:lime_dye":42,"create:fluid_tank":40,"sophisticatedbackpacks:stack_upgrade_tier_2":2,"create:basin":5,"colouredstuff:planks_orange":23,"create:filter":3,"minecraft:observer":1,"sophisticatedbackpacks:iron_backpack":1,"minecraft:cooked_beef":25,"minecraft:red_dye":115,"botania:fertilizer":99,"minecraft:bone_block":39,"create:andesite_alloy":229,"create:hand_crank":2,"minecraft:cyan_dye":41,"minecraft:bowl":4,"create:large_water_wheel":10,"minecraft:dirt":1,"minecraft:bucket":3,"minecraft:air":17806,"minecraft:blue_dye":48,"craftingstation:crafting_station_slab":2,"sophisticatedstorage:chest":35,"minecraft:white_wool":8,"create:whisk":5,"minecraft:white_dye":396,"minecraft:raw_gold":30,"create:mechanical_crafter":6,"create:mechanical_drill":3,"minecraft:andesite":438,"sophisticatedstorage:stack_upgrade_tier_2":5,"create:zinc_ingot":49,"sf5_things:block_of_lime_dye":7,"minecraft:lapis_lazuli":2,"minecraft:diamond_chestplate":1},"minecraft:broken":{"woodenbucket:wooden_bucket":1},"minecraft:killed_by":{"minecraft:cow":2,"minecraft:player":1},"minecraft:killed":{"minecraft:chicken":2,"minecraft:cow":103,"ars_nouveau:starbuncle":3,"ars_nouveau:wilden_guardian":7,"minecraft:bee":3,"minecraft:blaze":15,"ars_nouveau:summon_wolf":10,"ars_nouveau:wilden_stalker":1,"ars_nouveau:wilden_hunter":6}},"DataVersion":3465}