{"stats":{"minecraft:mined":{"minecraft:obsidian":1,"colouredstuff:sapling_black":4,"snad:snad":1,"sophisticatedstorage:controller":1,"minecraft:hopper":1,"minecraft:nether_wart":48,"colouredstuff:leaves_green":127,"minecraft:spawner":4,"colouredstuff:log_lime":202,"minecraft:polished_blackstone_bricks":223,"botania:cyan_mushroom":1,"colouredstuff:fence_planks_black":26,"minecraft:fire":26,"cyclic:item_pipe":20,"thermal:eggplant":1,"colouredstuff:planks_gray":6,"colouredstuff:log_green":40,"colouredstuff:slab_planks_lime":1,"minecraft:player_head":1,"colouredstuff:log_white":502,"cyclic:hopper":8,"colouredstuff:leaves_lime":1657,"minecraft:brown_mushroom":12,"sf5_things:block_of_red_dye":16,"sophisticatedstorage:diamond_chest":3,"minecraft:oxidized_copper":1,"ars_nouveau:archwood_door":4,"cyclic:hopper_fluid":10,"colouredstuff:leaves_white":3983,"colouredstuff:sapling_none":1,"create:basin":1,"minecraft:repeater":31,"minecraft:wheat":13,"minecraft:wither_rose":1,"minecraft:grass":27,"exnihilocoloratus:none_barrel":3,"colouredstuff:crafting_table_cyan":2,"ars_nouveau:archwood_fence_gate":2,"exnihilocoloratus:green_crucible":4,"minecraft:stonecutter":1,"colored_torches:blue_torch":1,"minecraft:piston":11,"colouredstuff:leaves_brown":854,"colouredstuff:crafting_table_none":1,"minecraft:nether_bricks":12,"colouredstuff:log_stripped_green":20,"cyclic:energy_pipe":31,"minecraft:redstone_wire":85,"colouredstuff:button_planks_green":1,"minecraft:red_mushroom":12,"obtrophies:trophy":5,"colouredstuff:door_planks_black":1,"colouredstuff:log_gray":29,"colored_torches:black_torch":1,"minecraft:cobblestone_slab":197,"minecraft:vine":24,"colouredstuff:log_stripped_black":37,"colouredstuff:sapling_gray":1,"colouredstuff:dirt_lime":2,"cyclic:battery":1,"colouredstuff:fence_planks_white":2,"minecraft:soul_sand":37,"colouredstuff:sapling_green":2,"colouredstuff:dirt_none":1,"minecraft:dropper":8,"colouredstuff:leaves_gray":278,"colouredstuff:log_stripped_orange":18,"minecraft:tall_grass":20,"craftingstation:crafting_station":6,"minecraft:black_stained_glass":9,"minecraft:cobblestone_wall":10,"colouredstuff:slab_planks_black":59,"colouredstuff:slab_cobblestone_red":1,"minecraft:dripstone_block":1,"colouredstuff:sapling_orange":1,"minecraft:gravel":234,"forbiddensmoothies:blender":1,"colouredstuff:slab_planks_green":51,"colouredstuff:sapling_white":4,"exnihilocoloratus:lime_barrel":1,"colouredstuff:leaves_black":688,"minecraft:grass_block":1,"colouredstuff:sapling_lime":9,"minecraft:cracked_polished_blackstone_bricks":54,"colouredstuff:fence_planks_green":2,"minecraft:gilded_blackstone":8,"colouredstuff:leaves_orange":218,"colouredstuff:log_stripped_gray":41,"supplementaries:ash":11,"colouredstuff:log_black":62,"colouredstuff:slab_planks_none":7,"colouredstuff:log_none":13,"minecraft:pointed_dripstone":2,"sophisticatedstorage:chest":18,"colouredstuff:leaves_blue":136,"colouredstuff:door_planks_green":1,"minecraft:blackstone":17,"additionallanterns:white_smooth_stone_lantern":3,"colouredstuff:log_blue":17,"minecraft:cobblestone":915,"create:polished_cut_dripstone_wall":7,"minecraft:seagrass":2,"sf5_things:block_of_orange_dye":12,"minecraft:oak_log":29,"colouredstuff:door_planks_brown":1,"minecraft:sand":15,"minecraft:dirt":1,"minecraft:oak_leaves":404,"exnihilosequentia:infested_leaves":26,"sf5_things:colorless_leaves":49,"cyclic:collector":3,"colouredstuff:log_stripped_none":1,"ae2:inscriber":2,"colouredstuff:planks_none":6,"colouredstuff:slab_planks_brown":3,"minecraft:furnace":1,"sf5_things:block_of_black_dye":22,"colouredstuff:sapling_brown":3,"minecraft:gold_block":3,"minecraft:nether_brick_fence":1,"create:small_dripstone_brick_wall":2,"colouredstuff:leaves_none":100,"minecraft:lantern":1,"colouredstuff:cobblestone_red":1,"minecraft:stone":17,"forbiddensmoothies:printer":2,"colouredstuff:log_stripped_brown":33,"sf5_things:block_of_white_dye":42,"minecraft:basalt":28,"colouredstuff:planks_green":38,"colouredstuff:planks_lime":1,"exnihilosequentia:stone_barrel":4,"cyclic:generator_fuel":1,"minecraft:polished_blackstone_brick_stairs":3,"ars_nouveau:blue_archwood_leaves":529,"colouredstuff:log_brown":88,"colouredstuff:log_orange":23,"ars_nouveau:blue_archwood_log":188,"minecraft:redstone_torch":33,"sf5_things:block_of_lime_dye":82,"colouredstuff:sapling_blue":1,"minecraft:bee_nest":2,"minecraft:cherry_leaves":202,"colouredstuff:planks_black":63,"colored_torches:green_torch":5},"minecraft:picked_up":{"minecraft:seagrass":2,"create:polished_cut_dripstone_wall":7,"exnihilocoloratus:lime_barrel":1,"minecraft:wither_rose":1,"cyclic:battery":1,"minecraft:polished_blackstone_brick_stairs":3,"minecraft:string":26,"minecraft:beetroot":3,"mysticalagriculture:inferium_essence":149,"mysticalagriculture:none_crop_seeds":9,"thermal:eggplant":1,"limbs:zombie_left_leg":1,"ars_nouveau:archwood_fence_gate":2,"sf5_things:rgb_dye":152,"colouredstuff:log_orange":23,"colouredstuff:log_black":59,"sophisticatedstorage:controller":1,"gateways:gate_pearl":2,"colouredstuff:button_planks_green":2,"sf5_things:brown_apple":47,"minecraft:black_dye":175,"woodenbucket:wooden_bucket":3,"cyclic:item_pipe":20,"minecraft:blue_dye":92,"simplehats:scouter":1,"minecraft:blaze_rod":1,"supplementaries:ash":264,"cyclic:hopper":8,"silentgear:template_board":584,"botania:cyan_mushroom":1,"limbs:wither_skeleton_torso":1,"silentgear:paxel":4,"minecraft:feather":1,"minecraft:oxidized_copper":2,"minecraft:flint":4,"minecraft:lantern":1,"bhc:red_heart":3,"minecraft:stonecutter":1,"sophisticatedstorage:chest":17,"create:goggles":1,"create:small_dripstone_brick_wall":2,"simplehats:hatbag_uncommon":3,"colouredstuff:log_stripped_green":21,"simplehats:easterhead":1,"simplehats:spyzombie":1,"simplehats:zigzagwitchhat":1,"immersiveengineering:raw_uranium":1,"create:empty_blaze_burner":5,"minecraft:dropper":8,"thermal:onion_seeds":10,"colouredstuff:sapling_black":69,"exnihilosequentia:silkworm":807,"sf5_things:block_of_black_dye":22,"colored_torches:green_torch":6,"colouredstuff:cobblestone_red":1,"thermal:eggplant_seeds":2,"minecraft:cyan_dye":299,"lootbags:loot_bag":43,"colouredstuff:log_stripped_brown":32,"minecraft:nether_wart":82,"colouredstuff:fence_planks_black":24,"colouredstuff:sapling_blue":16,"colouredstuff:fence_planks_green":6,"minecraft:beef":69,"sf5_things:green_apple":11,"colored_torches:black_torch":4,"minecraft:piston":11,"cyclic:hopper_fluid":10,"minecraft:egg":8,"minecraft:stone":128,"colouredstuff:slab_planks_brown":1,"simplehats:hatbag_common":1,"sophisticatedbackpacks:crafting_upgrade":2,"minecraft:white_dye":190,"minecraft:redstone":121,"silentgear:paxel_blueprint":2,"colouredstuff:leaves_lime":4,"minecraft:beetroot_seeds":13,"exnihilocoloratus:none_barrel":2,"exnihilosequentia:stone_barrel":3,"minecraft:red_mushroom":12,"sf5_things:blue_apple":10,"bhc:wither_bone":7,"minecraft:oak_log":29,"sf5_things:block_of_blue_dye":12,"colouredstuff:log_gray":29,"colouredstuff:planks_black":55,"minecraft:spawner":2,"sf5_things:block_of_red_dye":16,"minecraft:apple":2,"silentgear:shield":1,"colouredstuff:planks_lime":1,"simplehats:dimmahat":1,"sf5_things:block_of_gray_dye":11,"minecraft:gravel":233,"exnihilosequentia:stone_hammer":1,"forcecraft:recovery_heart":7,"sf5_things:white_apple":206,"dimpaintings:nether_painting":5,"minecraft:slime_ball":21,"simplehats:baseballeaster":1,"immersiveengineering:seed":35,"colouredstuff:log_stripped_none":1,"sf5_things:block_of_orange_dye":14,"minecraft:hopper":1,"simplehats:fro":1,"minecraft:wheat":72,"colouredstuff:log_green":42,"minecraft:nether_brick_fence":1,"simplehats:hatbag_rare":1,"minecraft:gilded_blackstone":8,"colouredstuff:log_stripped_black":37,"silentgear:sinew":12,"craftingstation:crafting_station":6,"simplehats:triangleshades":1,"colouredstuff:crafting_table_none":1,"colouredstuff:sapling_gray":20,"minecraft:smooth_stone":32,"minecraft:redstone_torch":33,"minecraft:red_dye":14,"forbiddensmoothies:printer":2,"minecraft:cobblestone_slab":174,"colouredstuff:sapling_white":406,"minecraft:furnace":1,"minecraft:stick":392,"colouredstuff:planks_none":6,"colouredstuff:leaves_brown":1,"minecraft:pointed_dripstone":4,"exnihilosequentia:wooden_hammer":1,"heads:blaze_head":2,"snad:snad":1,"colouredstuff:planks_green":30,"simplehats:swimmer":1,"minecraft:obsidian":1,"minecraft:cobblestone":701,"silentgear:sickle":1,"occultism:datura_seeds":1,"colouredstuff:sapling_orange":23,"ars_nouveau:archwood_door":4,"minecraft:repeater":54,"colouredstuff:planks_gray":3,"colouredstuff:log_white":502,"minecraft:andesite":2,"sf5_things:block_of_lime_dye":104,"thermal:onion":4,"sf5_things:black_apple":41,"minecraft:dirt":20,"immersiveengineering:hemp_fiber":244,"colouredstuff:sapling_green":17,"minecraft:bone":40,"minecraft:wheat_seeds":139,"obtrophies:trophy":8,"colouredstuff:fence_planks_white":1,"thermal:raw_tin":1,"minecraft:sand":665,"colouredstuff:log_stripped_orange":18,"sf5_things:block_of_brown_dye":11,"colouredstuff:door_planks_green":2,"colouredstuff:log_brown":89,"create:filter":2,"minecraft:clay":77,"colouredstuff:leaves_green":47,"minecraft:cracked_polished_blackstone_bricks":52,"colouredstuff:sapling_none":18,"minecraft:bone_meal":15,"colouredstuff:log_blue":17,"minecraft:oak_sapling":94,"minecraft:charcoal":1,"minecraft:cocoa_beans":3,"colouredstuff:slab_planks_blue":5,"colouredstuff:sapling_brown":100,"minecraft:chicken":2,"minecraft:brown_mushroom":12,"simplehats:pighead":1,"ars_nouveau:blue_archwood_sapling":27,"minecraft:gold_block":3,"cyclic:collector":3,"colouredstuff:sapling_lime":178,"colouredstuff:dirt_lime":2,"botania:magenta_mystical_flower":1,"minecraft:blackstone":14,"sf5_things:none_apple":6,"create:basin":1,"colouredstuff:slab_planks_lime":2,"minecraft:raw_iron":8,"minecraft:orange_dye":10,"sf5_things:orange_apple":14,"minecraft:gray_dye":13,"ars_nouveau:blue_archwood_log":188,"minecraft:polished_blackstone_bricks":217,"silentgear:hammer":1,"exnihilosequentia:diorite_pebble":1,"minecraft:brown_dye":40,"additionallanterns:white_smooth_stone_lantern":4,"minecraft:arrow":4,"cyclic:energy_pipe":16,"minecraft:nether_bricks":10,"cyclic:generator_fuel":1,"colouredstuff:slab_planks_none":4,"minecraft:basalt":25,"colouredstuff:dirt_none":1,"minecraft:leather":31,"sf5_things:block_of_white_dye":63,"create:andesite_alloy":1,"minecraft:cobblestone_wall":7,"colouredstuff:slab_planks_green":63,"minecraft:iron_ingot":144,"sf5_things:lime_apple":68,"sf5_things:gray_apple":15,"minecraft:soul_sand":35,"colouredstuff:log_stripped_gray":40,"minecraft:green_dye":77,"exnihilocoloratus:green_crucible":4,"colouredstuff:crafting_table_cyan":2,"forbiddensmoothies:blender":1,"minecraft:dripstone_block":1,"colouredstuff:log_none":11,"minecraft:lime_dye":152,"colouredstuff:log_lime":199,"ae2:inscriber":2,"minecraft:cherry_sapling":65,"colouredstuff:slab_planks_black":53,"sophisticatedstorage:diamond_chest":3,"minecraft:coal":19,"silentgear:sword":2},"minecraft:broken":{"woodenbucket:wooden_bucket":3},"minecraft:used":{"silentgear:sword":613,"minecraft:stone":4,"obtrophies:trophy":9,"colouredstuff:sapling_black":21,"colored_torches:white_torch":1,"colored_torches:black_torch":27,"minecraft:lava_bucket":10,"sf5_things:rgb_dye":1,"ars_nouveau:archwood_door":6,"supplementaries:ash":2,"minecraft:furnace":2,"minecraft:oak_sapling":58,"tintedcampfires:green_campfire":1,"minecraft:egg":67,"cyclic:battery":2,"ars_nouveau:blue_archwood_sapling":35,"colouredstuff:sapling_orange":3,"exnihilocoloratus:brown_barrel":1,"exnihilosequentia:stone_barrel":4,"minecraft:sand":18,"colouredstuff:log_orange":18,"colouredstuff:door_planks_brown":1,"exnihilocoloratus:lime_barrel":1,"colouredstuff:sapling_lime":35,"additionallanterns:white_smooth_stone_lantern":8,"ars_nouveau:archwood_fence":44,"cyclic:crusher":1,"sophisticatedstorage:chest":22,"colouredstuff:sapling_gray":6,"create:basin":1,"forbiddensmoothies:printer":3,"colouredstuff:dirt_none":1,"colouredstuff:door_planks_green":2,"sf5_things:block_of_black_dye":8,"cyclic:item_pipe":51,"exnihilosequentia:wooden_hammer":129,"colouredstuff:slab_planks_black":88,"ars_nouveau:archwood_fence_gate":2,"sophisticatedstorage:storage_output":1,"exnihilosequentia:grass_seeds":17,"sophisticatedstorage:basic_to_diamond_tier_upgrade":3,"cyclic:energy_pipe":34,"colouredstuff:slab_planks_green":73,"sophisticatedstorage:diamond_chest":3,"colouredstuff:planks_black":53,"colouredstuff:planks_green":21,"silentgear:shield":1,"minecraft:pointed_dripstone":4,"minecraft:wheat_seeds":7,"minecraft:water_bucket":10,"sophisticatedstorage:copper_to_diamond_tier_upgrade":1,"colouredstuff:sapling_blue":2,"colouredstuff:log_lime":6,"silentgear:sickle":1888,"ars_nouveau:blue_archwood_log":7,"colouredstuff:planks_gray":14,"silentgear:axe":465,"cyclic:hopper":8,"create:filter":4,"colouredstuff:fence_planks_black":26,"colouredstuff:log_black":19,"colouredstuff:button_planks_green":1,"dimpaintings:nether_painting":12,"minecraft:cobblestone":1010,"colouredstuff:log_stripped_gray":1,"colouredstuff:log_green":25,"colouredstuff:log_none":5,"craftingstation:crafting_station_slab":2,"exnihilocoloratus:none_barrel":2,"colouredstuff:fence_planks_green":14,"cyclic:hopper_fluid":10,"colouredstuff:sapling_green":6,"immersiveengineering:seed":5,"colouredstuff:door_planks_black":2,"minecraft:player_head":1,"minecraft:nether_bricks":4,"colouredstuff:crafting_table_cyan":2,"forbiddensmoothies:blender":2,"minecraft:item_frame":1,"minecraft:repeater":54,"silentgear:paxel":2989,"cyclic:collector":4,"minecraft:beetroot_seeds":3,"sf5_things:brown_apple":11,"sf5_things:darktoasto":2,"create:polished_cut_dripstone_wall":13,"colouredstuff:water_bucket_red":2,"minecraft:dropper":8,"colouredstuff:sapling_brown":16,"minecraft:dripstone_block":1,"silentgear:mattock":49,"minecraft:redstone_torch":33,"colouredstuff:slab_planks_none":41,"colouredstuff:dirt_lime":2,"cyclic:generator_fuel":2,"sf5_things:blue_apple":5,"dimpaintings:end_painting":1,"minecraft:gravel":235,"snad:snad":1,"thermal:onion_seeds":4,"exnihilosequentia:stone_hammer":338,"exnihilosequentia:silkworm":97,"minecraft:bone_meal":219,"colored_torches:green_torch":9,"minecraft:redstone":123,"exnihilocoloratus:green_crucible":3,"simpletomb:grave_key":6,"gateways:gate_pearl":8,"colouredstuff:leaves_green":3,"colouredstuff:slab_planks_lime":61,"minecraft:dirt":23,"minecraft:hopper":1,"minecraft:cobblestone_wall":96,"ae2:inscriber":3,"sf5_things:gray_apple":5,"colouredstuff:sapling_none":4,"create:small_dripstone_brick_wall":4,"dimpaintings:overworld_painting":4,"minecraft:wooden_axe":23,"colouredstuff:planks_lime":22,"sophisticatedstorage:controller":2,"silentgear:shears":6,"colouredstuff:gate_planks_white":1,"minecraft:golden_carrot":3,"thermal:eggplant":1,"minecraft:cooked_beef":7,"exnihilosequentia:fired_crucible":2,"colouredstuff:log_gray":40,"colouredstuff:log_brown":36,"colouredstuff:sapling_white":86,"minecraft:copper_block":1,"sf5_things:white_apple":4,"minecraft:stonecutter":2,"minecraft:cobblestone_slab":1406,"colouredstuff:water_bucket_blue":1,"minecraft:piston":11,"craftingstation:crafting_station":5,"silentgear:hammer":4,"minecraft:bucket":23,"colouredstuff:fence_planks_white":39},"minecraft:crafted":{"minecraft:black_dye":101,"colored_torches:black_torch":18,"gateways:gate_pearl":1,"immersiveengineering:hammer":1,"thermal:onion_seeds":1,"colouredstuff:door_planks_brown":3,"minecraft:grass":4,"silentgear:boots_template":1,"exnihilosequentia:unfired_crucible":1,"sophisticatedbackpacks:crafting_upgrade":1,"sophisticatedstorage:stack_upgrade_tier_1":3,"minecraft:bookshelf":12,"patchouli:guide_book":1,"thermal:machine_frame":1,"exnihilosequentia:stone_barrel":2,"colouredstuff:planks_gray":40,"minecraft:glass":57,"colouredstuff:button_planks_green":1,"minecraft:repeater":26,"ars_nouveau:archwood_door":3,"colouredstuff:crafting_table_brown":1,"colouredstuff:planks_none":24,"luphieclutteredmod:small_shelf":1,"minecraft:magenta_dye":72,"biggerreactors:cyanite_dust":1,"silentgear:legging_plates":1,"colouredstuff:slab_planks_green":144,"colouredstuff:sapling_black":2,"colouredstuff:slab_planks_none":42,"colouredstuff:door_planks_green":3,"colouredstuff:fence_planks_black":24,"exnihilosequentia:fired_crucible":1,"immersiveengineering:dust_uranium":1,"minecraft:copper_ingot":58,"craftingstation:crafting_station":1,"minecraft:sticky_piston":2,"minecraft:painting":2,"exnihilosequentia:wooden_hammer":1,"thermal:tin_gear":1,"minecraft:stone_brick_stairs":8,"cyclic:generator_fuel":1,"minecraft:stone_slab":6,"cyclic:flint_block":2,"minecraft:iron_block":7,"colouredstuff:slab_planks_brown":30,"silentgear:paxel_blueprint":2,"woodenbucket:wooden_bucket":8,"minecraft:gold_ingot":8,"sophisticatedbackpacks:blasting_upgrade":1,"silentgear:helmet":1,"minecraft:light_gray_dye":74,"thermal:tin_ingot":13,"xercapaint:item_palette":2,"cyclic:hopper":9,"minecraft:iron_nugget":9,"minecraft:pointed_dripstone":4,"minecraft:brick_stairs":4,"exnihilosequentia:porcelain_clay":7,"sophisticatedbackpacks:stack_upgrade_tier_1":1,"minecraft:bone_meal":118,"minecraft:pink_dye":65,"silentgear:paxel_template":3,"minecraft:quartz":2,"cyclic:collector":1,"minecraft:netherrack":27,"minecraft:diamond":49,"sophisticatedstorage:upgrade_base":7,"sophisticatedbackpacks:auto_blasting_upgrade":1,"silentgear:sword":1,"minecraft:redstone_block":1,"sophisticatedstorage:blasting_upgrade":1,"minecraft:coal_block":2,"minecraft:dripstone_block":9,"sf5_things:block_of_pink_dye":7,"minecraft:dried_kelp":15,"colouredstuff:planks_green":76,"colouredstuff:gate_planks_white":2,"sophisticatedbackpacks:gold_backpack":1,"create:small_dripstone_brick_wall":2,"colouredstuff:planks_black":134,"minecraft:orange_dye":30,"thermal:copper_nugget":11,"minecraft:cobblestone":310,"silentgear:sickle":3,"thermal:raw_tin":13,"minecraft:wooden_axe":1,"cyclic:item_pipe":32,"silentgear:rod_template":2,"minecraft:brick":297,"sophisticatedstorage:controller":1,"minecraft:oak_planks":16,"sf5_things:rgb_dye":5,"minecraft:cobblestone_slab":2334,"silentgear:chestplate":1,"minecraft:barrel":1,"ars_nouveau:archwood_planks":60,"sophisticatedstorage:basic_to_diamond_tier_upgrade":4,"colouredstuff:planks_brown":41,"silentgear:sword_template":1,"ars_nouveau:archwood_fence_gate":2,"colouredstuff:fence_planks_green":18,"sophisticatedstorage:barrel":2,"minecraft:stone":160,"silentgear:leggings":1,"colouredstuff:slab_planks_lime":108,"forbiddensmoothies:printer":1,"colouredstuff:sapling_gray":1,"minecraft:heavy_weighted_pressure_plate":5,"silentgear:helmet_template":1,"minecraft:green_dye":141,"colouredstuff:slab_planks_black":252,"minecraft:hopper":1,"silentgear:chestplate_plates":1,"cyclic:crusher":1,"minecraft:raw_copper":3,"silentgear:sickle_template":1,"sf5_things:block_of_purple_dye":7,"silentgear:boot_plates":1,"minecraft:comparator":2,"minecraft:chest":5,"minecraft:copper_block":1,"sf5_things:block_of_blue_dye":2,"minecraft:bricks":29,"ars_nouveau:archwood_fence":48,"minecraft:stone_bricks":32,"sf5_things:block_of_magenta_dye":6,"minecraft:dropper":2,"minecraft:item_frame":1,"minecraft:oak_slab":6,"sophisticatedbackpacks:backpack":1,"vinery:grapevine_stem":1,"minecraft:crafting_table":1,"minecraft:brown_dye":11,"minecraft:brush":1,"sophisticatedbackpacks:upgrade_base":3,"silentgear:blueprint_paper":12,"colouredstuff:door_planks_black":3,"colouredstuff:fence_planks_white":66,"create:polished_cut_dripstone_wall":6,"colored_torches:green_torch":8,"silentgear:paxel":2,"silentgear:chestplate_template":1,"minecraft:string":25,"minecraft:book":47,"minecraft:purple_dye":69,"minecraft:paper":201,"exnihilosequentia:stone_hammer":1,"minecraft:charcoal":7,"minecraft:yellow_dye":11,"sophisticatedbackpacks:diamond_backpack":1,"minecraft:stick":179,"minecraft:light_blue_dye":10,"minecraft:iron_ingot":129,"sophisticatedstorage:copper_to_diamond_tier_upgrade":1,"silentgear:paxel_head":2,"minecraft:redstone_torch":17,"cyclic:battery":1,"minecraft:raw_iron":12,"minecraft:redstone":90,"silentgear:leggings_template":1,"minecraft:coal":132,"exnihilosequentia:grass_seeds":68,"immersiveengineering:raw_uranium":1,"silentgear:rod":12,"colouredstuff:planks_white":72,"minecraft:furnace":2,"minecraft:blast_furnace":1,"minecraft:piston":4,"minecraft:sugar_cane":204,"minecraft:gray_dye":24,"ars_nouveau:archwood_slab":6,"ae2:certus_quartz_cutting_knife":1,"cyclic:energy_pipe":48,"cyclic:cable_wrench":1,"minecraft:glass_pane":16,"exnihilocoloratus:brown_barrel":1,"tintedcampfires:green_campfire":1,"silentgear:boots":1,"forbiddensmoothies:blender":1,"sf5_things:orange_apple":3,"silentgear:sword_blade":1,"colouredstuff:planks_lime":210,"silentgear:sickle_blade":3,"minecraft:lime_dye":167,"silentgear:helmet_plates":1,"minecraft:cobblestone_wall":3,"cyclic:hopper_fluid":5,"minecraft:clay_ball":91,"colouredstuff:planks_orange":1,"cyclic:compressed_cobblestone":4,"ae2:inscriber":1,"sophisticatedbackpacks:iron_backpack":1,"minecraft:cooked_beef":2,"minecraft:red_dye":335,"dimpaintings:nether_painting":1,"minecraft:diamond_sword":7,"exnihilocoloratus:lime_barrel":1,"minecraft:cyan_dye":163,"minecraft:amethyst_shard":2,"eccentrictome:tome":10,"sophisticatedstorage:crafting_upgrade":1,"minecraft:bucket":2,"sophisticatedstorage:storage_output":1,"minecraft:air":7610,"minecraft:blue_dye":508,"craftingstation:crafting_station_slab":2,"sophisticatedstorage:chest":34,"dimpaintings:end_painting":1,"minecraft:white_wool":3,"minecraft:white_dye":414,"minecraft:raw_gold":9,"minecraft:stonecutter":3,"minecraft:andesite":4,"sophisticatedstorage:stack_upgrade_tier_2":3,"sf5_things:block_of_lime_dye":45,"minecraft:lapis_block":2},"minecraft:custom":{"minecraft:open_barrel":2,"minecraft:leave_game":21,"minecraft:time_since_death":222175,"minecraft:play_time":1972906,"minecraft:deaths":6,"minecraft:jump":2924,"minecraft:interact_with_furnace":210,"minecraft:damage_dealt":22134,"minecraft:inspect_dropper":57,"minecraft:inspect_hopper":4,"minecraft:damage_dealt_absorbed":40,"minecraft:sneak_time":4418,"minecraft:total_world_time":1972906,"minecraft:interact_with_stonecutter":7,"minecraft:time_since_rest":222196,"minecraft:fly_one_cm":38164,"minecraft:open_chest":1294,"minecraft:fall_one_cm":179058,"minecraft:animals_bred":1,"minecraft:damage_resisted":0,"minecraft:sprint_one_cm":334750,"minecraft:drop":760,"minecraft:walk_on_water_one_cm":29244,"minecraft:crouch_one_cm":6440,"minecraft:mob_kills":175,"minecraft:interact_with_campfire":225,"minecraft:damage_dealt_resisted":0,"minecraft:climb_one_cm":7697,"minecraft:walk_one_cm":4934550,"gateways:gates_defeated":4,"minecraft:walk_under_water_one_cm":11510,"minecraft:damage_taken":3928},"minecraft:killed_by":{"ars_nouveau:whirlisprig":1,"earthmobsmod:wither_skeleton_wolf":1},"minecraft:killed":{"minecraft:skeleton":3,"minecraft:chicken":2,"minecraft:zombie":12,"minecraft:cow":41,"minecraft:bee":7,"minecraft:blaze":1,"minecraft:slime":42,"earthmobsmod:wither_skeleton_wolf":12,"minecraft:wither_skeleton":40},"minecraft:dropped":{"minecraft:clay":1,"minecraft:dirt":1,"minecraft:yellow_dye":63,"exnihilosequentia:wooden_hammer":1,"minecraft:sand":2244,"create:goggles":1,"ars_nouveau:blue_archwood_log":4,"simplehats:triangleshades":1,"minecraft:pink_dye":9,"minecraft:wheat":3,"minecraft:lime_dye":84,"silentgear:sword":2,"minecraft:white_dye":56,"minecraft:beef":2,"minecraft:black_dye":126,"minecraft:wheat_seeds":1,"minecraft:cobblestone":187,"minecraft:purple_dye":81,"minecraft:red_dye":205,"minecraft:string":1,"minecraft:oxidized_copper":1,"minecraft:player_head":1,"silentgear:hammer":1,"minecraft:chicken":2,"minecraft:light_blue_dye":67,"woodenbucket:wooden_bucket":5,"minecraft:stone":32,"silentgear:paxel":4,"luphieclutteredmod:small_shelf":1,"minecraft:magenta_dye":72,"minecraft:orange_dye":57,"minecraft:leather":2,"create:filter":2,"lootbags:loot_bag":1,"exnihilosequentia:stone_hammer":1,"minecraft:gravel":65,"sf5_things:rgb_dye":24,"minecraft:cherry_sapling":2,"patchouli:guide_book":1,"supplementaries:ash":5,"colouredstuff:sapling_white":1,"minecraft:cyan_dye":804,"minecraft:blue_dye":857,"colouredstuff:sapling_brown":2,"create:blaze_burner":5,"minecraft:green_dye":45,"sophisticatedbackpacks:crafting_upgrade":2,"minecraft:blaze_rod":1,"minecraft:raw_iron":152,"silentgear:sickle":1,"sf5_things:block_of_lime_dye":1,"silentgear:paxel_blueprint":2,"thermal:onion":1,"bhc:red_heart":1}},"DataVersion":3465}