{"stats":{"minecraft:picked_up":{"minecraft:seagrass":2,"minecraft:wheat":15,"colouredstuff:log_green":42,"simplehats:hatbag_rare":1,"minecraft:wither_rose":1,"colouredstuff:log_stripped_black":37,"silentgear:sinew":11,"minecraft:string":26,"simplehats:triangleshades":1,"colouredstuff:crafting_table_none":1,"minecraft:beetroot":3,"colouredstuff:sapling_gray":20,"mysticalagriculture:inferium_essence":81,"mysticalagriculture:none_crop_seeds":9,"minecraft:red_dye":5,"minecraft:redstone_torch":26,"minecraft:cobblestone_slab":126,"thermal:eggplant":1,"limbs:zombie_left_leg":1,"ars_nouveau:archwood_fence_gate":2,"colouredstuff:sapling_white":46,"sf5_things:rgb_dye":1,"minecraft:stick":194,"colouredstuff:leaves_brown":1,"colouredstuff:planks_none":6,"colouredstuff:log_orange":23,"colouredstuff:log_black":59,"colouredstuff:button_planks_green":1,"gateways:gate_pearl":1,"sf5_things:brown_apple":47,"minecraft:black_dye":175,"woodenbucket:wooden_bucket":3,"exnihilosequentia:wooden_hammer":1,"colouredstuff:planks_green":30,"minecraft:blue_dye":3,"supplementaries:ash":225,"cyclic:hopper":7,"minecraft:obsidian":1,"silentgear:sickle":1,"silentgear:template_board":584,"minecraft:cobblestone":214,"limbs:wither_skeleton_torso":1,"silentgear:paxel":4,"colouredstuff:sapling_orange":23,"minecraft:oxidized_copper":2,"minecraft:repeater":20,"ars_nouveau:archwood_door":4,"colouredstuff:planks_gray":3,"colouredstuff:log_white":61,"minecraft:andesite":1,"sf5_things:block_of_lime_dye":104,"thermal:onion":4,"sf5_things:black_apple":41,"minecraft:dirt":19,"immersiveengineering:hemp_fiber":21,"bhc:red_heart":3,"colouredstuff:sapling_green":17,"minecraft:bone":33,"minecraft:wheat_seeds":39,"obtrophies:trophy":5,"sophisticatedstorage:chest":3,"simplehats:hatbag_uncommon":2,"colouredstuff:log_stripped_green":21,"simplehats:spyzombie":1,"simplehats:zigzagwitchhat":1,"minecraft:dropper":3,"minecraft:sand":354,"colouredstuff:log_stripped_orange":18,"thermal:onion_seeds":10,"sf5_things:block_of_brown_dye":11,"exnihilosequentia:silkworm":397,"colouredstuff:sapling_black":69,"colouredstuff:door_planks_green":2,"colored_torches:green_torch":6,"colouredstuff:log_brown":89,"minecraft:clay":15,"colouredstuff:leaves_green":47,"create:filter":1,"thermal:eggplant_seeds":2,"colouredstuff:sapling_none":18,"colouredstuff:log_blue":5,"lootbags:loot_bag":22,"colouredstuff:log_stripped_brown":32,"minecraft:cocoa_beans":3,"minecraft:charcoal":1,"colouredstuff:slab_planks_blue":5,"colouredstuff:sapling_brown":98,"simplehats:pighead":1,"ars_nouveau:blue_archwood_sapling":27,"colouredstuff:fence_planks_black":24,"colouredstuff:sapling_blue":10,"colouredstuff:sapling_lime":103,"colouredstuff:dirt_lime":2,"colouredstuff:fence_planks_green":6,"sf5_things:none_apple":6,"minecraft:beef":59,"sf5_things:green_apple":11,"colored_torches:black_torch":3,"cyclic:hopper_fluid":5,"colouredstuff:slab_planks_lime":2,"minecraft:orange_dye":10,"sf5_things:orange_apple":14,"minecraft:gray_dye":13,"ars_nouveau:blue_archwood_log":188,"silentgear:hammer":1,"minecraft:white_dye":29,"minecraft:redstone":54,"minecraft:brown_dye":40,"additionallanterns:white_smooth_stone_lantern":4,"silentgear:paxel_blueprint":2,"colouredstuff:leaves_lime":4,"minecraft:beetroot_seeds":12,"exnihilocoloratus:none_barrel":2,"exnihilosequentia:stone_barrel":1,"colouredstuff:slab_planks_none":4,"colouredstuff:dirt_none":1,"sf5_things:block_of_white_dye":61,"minecraft:leather":24,"sf5_things:blue_apple":4,"bhc:wither_bone":7,"create:andesite_alloy":1,"sf5_things:block_of_blue_dye":12,"colouredstuff:log_gray":29,"colouredstuff:planks_black":55,"sf5_things:block_of_red_dye":2,"colouredstuff:slab_planks_green":63,"silentgear:shield":1,"sf5_things:lime_apple":41,"sf5_things:gray_apple":15,"colouredstuff:planks_lime":1,"colouredstuff:log_stripped_gray":40,"sf5_things:block_of_gray_dye":11,"minecraft:green_dye":77,"exnihilocoloratus:green_crucible":4,"minecraft:dripstone_block":1,"minecraft:gravel":232,"exnihilosequentia:stone_hammer":1,"forcecraft:recovery_heart":3,"colouredstuff:log_none":11,"sf5_things:white_apple":18,"minecraft:lime_dye":64,"simplehats:baseballeaster":1,"immersiveengineering:seed":9,"colouredstuff:log_lime":120,"colouredstuff:slab_planks_black":53,"colouredstuff:log_stripped_none":1,"sf5_things:block_of_orange_dye":14,"minecraft:coal":10,"silentgear:sword":2},"minecraft:custom":{"minecraft:animals_bred":1,"minecraft:leave_game":13,"minecraft:time_since_death":86218,"minecraft:sprint_one_cm":68724,"minecraft:drop":565,"minecraft:play_time":943485,"minecraft:deaths":5,"minecraft:jump":1451,"minecraft:walk_on_water_one_cm":9621,"minecraft:interact_with_furnace":85,"minecraft:damage_dealt":18391,"minecraft:crouch_one_cm":5747,"minecraft:inspect_dropper":39,"minecraft:mob_kills":115,"minecraft:interact_with_campfire":225,"minecraft:damage_dealt_resisted":0,"minecraft:climb_one_cm":2574,"minecraft:walk_one_cm":2887170,"gateways:gates_defeated":3,"minecraft:damage_dealt_absorbed":40,"minecraft:sneak_time":3313,"minecraft:walk_under_water_one_cm":501,"minecraft:total_world_time":943485,"minecraft:time_since_rest":86251,"minecraft:damage_taken":2862,"minecraft:fly_one_cm":17307,"minecraft:open_chest":556,"minecraft:fall_one_cm":130607},"minecraft:used":{"craftingstation:crafting_station_slab":2,"exnihilocoloratus:none_barrel":2,"colouredstuff:fence_planks_green":14,"silentgear:sword":508,"cyclic:hopper_fluid":10,"colouredstuff:sapling_green":6,"immersiveengineering:seed":3,"colouredstuff:door_planks_black":2,"minecraft:stone":1,"obtrophies:trophy":3,"minecraft:player_head":1,"colouredstuff:sapling_black":21,"colored_torches:black_torch":27,"minecraft:lava_bucket":10,"minecraft:item_frame":1,"sf5_things:rgb_dye":1,"minecraft:repeater":35,"silentgear:paxel":1061,"ars_nouveau:archwood_door":6,"minecraft:furnace":1,"tintedcampfires:green_campfire":1,"minecraft:beetroot_seeds":3,"sf5_things:brown_apple":11,"sf5_things:darktoasto":2,"colouredstuff:water_bucket_red":2,"minecraft:dropper":5,"ars_nouveau:blue_archwood_sapling":4,"colouredstuff:sapling_orange":3,"colouredstuff:sapling_brown":16,"exnihilocoloratus:brown_barrel":1,"exnihilosequentia:stone_barrel":4,"minecraft:sand":10,"colouredstuff:log_orange":18,"colouredstuff:sapling_lime":19,"minecraft:dripstone_block":1,"silentgear:mattock":31,"minecraft:redstone_torch":26,"additionallanterns:white_smooth_stone_lantern":8,"colouredstuff:slab_planks_none":41,"colouredstuff:dirt_lime":2,"ars_nouveau:archwood_fence":44,"sf5_things:blue_apple":5,"minecraft:gravel":234,"sophisticatedstorage:chest":14,"colouredstuff:sapling_gray":6,"thermal:onion_seeds":4,"colouredstuff:dirt_none":1,"exnihilosequentia:stone_hammer":338,"colouredstuff:door_planks_green":2,"exnihilosequentia:silkworm":24,"minecraft:bone_meal":49,"exnihilosequentia:wooden_hammer":129,"colouredstuff:slab_planks_black":88,"colored_torches:green_torch":9,"minecraft:redstone":73,"ars_nouveau:archwood_fence_gate":2,"exnihilocoloratus:green_crucible":3,"simpletomb:grave_key":5,"gateways:gate_pearl":6,"colouredstuff:leaves_green":3,"colouredstuff:slab_planks_lime":61,"minecraft:dirt":18,"exnihilosequentia:grass_seeds":13,"sf5_things:gray_apple":5,"colouredstuff:sapling_none":4,"colouredstuff:planks_lime":22,"minecraft:wooden_axe":23,"colouredstuff:slab_planks_green":73,"silentgear:shears":6,"colouredstuff:planks_black":53,"colouredstuff:planks_green":21,"exnihilosequentia:fired_crucible":2,"minecraft:wheat_seeds":5,"minecraft:water_bucket":10,"colouredstuff:log_gray":40,"colouredstuff:sapling_blue":2,"colouredstuff:log_brown":36,"colouredstuff:sapling_white":8,"minecraft:copper_block":1,"sf5_things:white_apple":4,"minecraft:cobblestone_slab":1324,"colouredstuff:water_bucket_blue":1,"ars_nouveau:blue_archwood_log":7,"silentgear:sickle":931,"colouredstuff:planks_gray":14,"silentgear:axe":465,"cyclic:hopper":8,"create:filter":4,"colouredstuff:fence_planks_black":26,"colouredstuff:log_black":19,"silentgear:hammer":4,"colouredstuff:button_planks_green":1,"minecraft:cobblestone":448,"colouredstuff:log_stripped_gray":1,"colouredstuff:log_green":25,"minecraft:bucket":23,"colouredstuff:log_none":5},"minecraft:mined":{"colouredstuff:leaves_black":688,"minecraft:obsidian":1,"colouredstuff:sapling_lime":5,"colouredstuff:sapling_black":4,"colouredstuff:fence_planks_green":2,"colouredstuff:leaves_green":127,"colouredstuff:leaves_orange":218,"colouredstuff:log_lime":121,"colouredstuff:log_stripped_gray":41,"colouredstuff:fence_planks_black":26,"minecraft:fire":1,"colouredstuff:log_black":62,"colouredstuff:slab_planks_none":7,"colouredstuff:log_none":13,"sophisticatedstorage:chest":3,"thermal:eggplant":1,"colouredstuff:planks_gray":5,"colouredstuff:log_green":40,"colouredstuff:leaves_blue":54,"colouredstuff:slab_planks_lime":1,"colouredstuff:log_white":61,"minecraft:player_head":1,"cyclic:hopper":7,"colouredstuff:leaves_lime":1016,"colouredstuff:door_planks_green":1,"sf5_things:block_of_red_dye":2,"additionallanterns:white_smooth_stone_lantern":3,"minecraft:oxidized_copper":1,"ars_nouveau:archwood_door":4,"colouredstuff:log_blue":5,"cyclic:hopper_fluid":5,"minecraft:cobblestone":340,"colouredstuff:leaves_white":472,"colouredstuff:sapling_none":1,"minecraft:seagrass":2,"sf5_things:block_of_orange_dye":12,"minecraft:repeater":20,"minecraft:wheat":11,"minecraft:wither_rose":1,"minecraft:grass":18,"exnihilocoloratus:none_barrel":2,"minecraft:sand":7,"ars_nouveau:archwood_fence_gate":2,"exnihilocoloratus:green_crucible":4,"exnihilosequentia:infested_leaves":26,"colouredstuff:leaves_brown":851,"sf5_things:colorless_leaves":49,"colouredstuff:log_stripped_none":1,"colouredstuff:crafting_table_none":1,"colouredstuff:log_stripped_green":20,"minecraft:redstone_wire":55,"colouredstuff:button_planks_green":1,"colouredstuff:planks_none":6,"obtrophies:trophy":2,"colouredstuff:slab_planks_brown":1,"colouredstuff:door_planks_black":1,"colouredstuff:log_gray":29,"colored_torches:black_torch":1,"colouredstuff:sapling_brown":3,"minecraft:cobblestone_slab":110,"minecraft:vine":10,"colouredstuff:leaves_none":100,"colouredstuff:log_stripped_black":37,"colouredstuff:sapling_gray":1,"minecraft:stone":14,"colouredstuff:dirt_lime":2,"colouredstuff:log_stripped_brown":33,"sf5_things:block_of_white_dye":42,"colouredstuff:sapling_green":2,"colouredstuff:planks_green":38,"colouredstuff:dirt_none":1,"colouredstuff:planks_lime":1,"exnihilosequentia:stone_barrel":2,"minecraft:dropper":3,"colouredstuff:leaves_gray":278,"minecraft:tall_grass":16,"colouredstuff:log_stripped_orange":18,"ars_nouveau:blue_archwood_leaves":529,"colouredstuff:log_brown":88,"colouredstuff:log_orange":23,"ars_nouveau:blue_archwood_log":188,"minecraft:redstone_torch":26,"sf5_things:block_of_lime_dye":82,"colouredstuff:slab_planks_black":59,"colouredstuff:sapling_blue":1,"minecraft:bee_nest":1,"colouredstuff:sapling_orange":1,"minecraft:dripstone_block":1,"minecraft:gravel":233,"colouredstuff:slab_planks_green":51,"colouredstuff:planks_black":63,"colored_torches:green_torch":5},"minecraft:crafted":{"minecraft:brick":29,"minecraft:black_dye":1,"colored_torches:black_torch":18,"sf5_things:rgb_dye":5,"immersiveengineering:hammer":1,"minecraft:cobblestone_slab":2154,"ars_nouveau:archwood_planks":52,"thermal:onion_seeds":1,"colouredstuff:planks_brown":41,"ars_nouveau:archwood_fence_gate":2,"colouredstuff:fence_planks_green":18,"minecraft:grass":4,"minecraft:stone":73,"exnihilosequentia:unfired_crucible":1,"colouredstuff:slab_planks_lime":108,"colouredstuff:sapling_gray":1,"minecraft:bookshelf":12,"exnihilosequentia:stone_barrel":2,"minecraft:green_dye":57,"colouredstuff:planks_gray":40,"minecraft:glass":25,"colouredstuff:slab_planks_black":252,"colouredstuff:button_planks_green":1,"minecraft:repeater":16,"minecraft:raw_copper":3,"ars_nouveau:archwood_door":3,"minecraft:copper_block":1,"colouredstuff:planks_none":24,"ars_nouveau:archwood_fence":48,"biggerreactors:cyanite_dust":1,"minecraft:dropper":2,"minecraft:item_frame":1,"colouredstuff:slab_planks_green":144,"vinery:grapevine_stem":1,"colouredstuff:sapling_black":2,"colouredstuff:slab_planks_none":42,"colouredstuff:door_planks_green":3,"colouredstuff:fence_planks_black":24,"minecraft:brown_dye":11,"exnihilosequentia:fired_crucible":1,"immersiveengineering:dust_uranium":1,"minecraft:copper_ingot":5,"craftingstation:crafting_station":1,"colouredstuff:door_planks_black":3,"silentgear:blueprint_paper":12,"exnihilosequentia:wooden_hammer":1,"colored_torches:green_torch":8,"silentgear:paxel":2,"minecraft:book":47,"minecraft:paper":201,"exnihilosequentia:stone_hammer":1,"minecraft:stick":155,"minecraft:stone_slab":6,"minecraft:iron_ingot":24,"silentgear:paxel_blueprint":2,"silentgear:paxel_head":2,"colouredstuff:slab_planks_brown":30,"woodenbucket:wooden_bucket":8,"minecraft:light_gray_dye":5,"minecraft:redstone_torch":11,"cyclic:hopper":9,"minecraft:redstone":47,"minecraft:raw_iron":12,"exnihilosequentia:grass_seeds":67,"immersiveengineering:raw_uranium":1,"silentgear:rod":8,"exnihilosequentia:porcelain_clay":7,"colouredstuff:planks_white":72,"minecraft:furnace":1,"minecraft:sugar_cane":204,"minecraft:gray_dye":20,"minecraft:bone_meal":50,"silentgear:paxel_template":3,"exnihilocoloratus:brown_barrel":1,"tintedcampfires:green_campfire":1,"minecraft:diamond":12,"sf5_things:orange_apple":3,"colouredstuff:planks_lime":132,"silentgear:sickle_blade":2,"minecraft:lime_dye":167,"cyclic:hopper_fluid":5,"minecraft:clay_ball":24,"minecraft:dripstone_block":9,"minecraft:red_dye":19,"minecraft:cyan_dye":31,"minecraft:dried_kelp":15,"colouredstuff:planks_green":76,"eccentrictome:tome":10,"minecraft:bucket":1,"colouredstuff:planks_black":134,"minecraft:orange_dye":25,"minecraft:air":2820,"minecraft:blue_dye":72,"craftingstation:crafting_station_slab":2,"sophisticatedstorage:chest":22,"minecraft:cobblestone":279,"minecraft:white_dye":241,"silentgear:sickle":2,"minecraft:wooden_axe":1,"silentgear:rod_template":1},"minecraft:dropped":{"minecraft:clay":1,"minecraft:orange_dye":12,"minecraft:leather":2,"create:filter":2,"lootbags:loot_bag":1,"minecraft:dirt":1,"exnihilosequentia:wooden_hammer":1,"minecraft:sand":322,"exnihilosequentia:stone_hammer":1,"minecraft:gravel":1,"minecraft:wheat":2,"minecraft:lime_dye":84,"patchouli:guide_book":1,"silentgear:sword":2,"supplementaries:ash":5,"minecraft:white_dye":53,"colouredstuff:sapling_white":1,"minecraft:beef":2,"minecraft:wheat_seeds":1,"minecraft:cobblestone":59,"minecraft:blue_dye":67,"minecraft:green_dye":45,"minecraft:red_dye":1,"minecraft:string":1,"minecraft:oxidized_copper":1,"minecraft:player_head":1,"silentgear:hammer":1,"silentgear:sickle":1,"sf5_things:block_of_lime_dye":1,"woodenbucket:wooden_bucket":5,"silentgear:paxel":4,"silentgear:paxel_blueprint":2,"thermal:onion":1,"bhc:red_heart":1},"minecraft:killed_by":{"ars_nouveau:whirlisprig":1,"earthmobsmod:wither_skeleton_wolf":1},"minecraft:broken":{"woodenbucket:wooden_bucket":3},"minecraft:killed":{"minecraft:bee":3,"minecraft:zombie":12,"minecraft:cow":35,"earthmobsmod:wither_skeleton_wolf":12,"minecraft:wither_skeleton":40}},"DataVersion":3465}