{"stats":{"minecraft:dropped":{"minecraft:clay":1,"minecraft:dirt":1,"minecraft:yellow_dye":63,"exnihilosequentia:wooden_hammer":1,"create:goggles":1,"minecraft:sand":2564,"ars_nouveau:blue_archwood_log":4,"simplehats:triangleshades":1,"minecraft:pink_dye":9,"minecraft:wheat":3,"minecraft:lime_dye":84,"silentgear:sword":2,"minecraft:white_dye":56,"minecraft:beef":2,"minecraft:black_dye":126,"minecraft:wheat_seeds":1,"minecraft:cobblestone":219,"minecraft:purple_dye":401,"minecraft:golden_carrot":6,"minecraft:red_dye":205,"minecraft:string":1,"minecraft:oxidized_copper":1,"minecraft:player_head":1,"silentgear:hammer":1,"minecraft:chicken":2,"minecraft:light_blue_dye":67,"woodenbucket:wooden_bucket":5,"minecraft:stone":32,"silentgear:paxel":4,"luphieclutteredmod:small_shelf":1,"minecraft:magenta_dye":72,"minecraft:orange_dye":57,"minecraft:leather":2,"create:filter":2,"lootbags:loot_bag":1,"exnihilosequentia:stone_hammer":1,"minecraft:gravel":65,"sf5_things:rgb_dye":24,"minecraft:cherry_sapling":2,"patchouli:guide_book":1,"supplementaries:ash":5,"colouredstuff:sapling_white":1,"minecraft:cyan_dye":804,"colouredstuff:sapling_brown":2,"minecraft:blue_dye":857,"create:blaze_burner":5,"minecraft:green_dye":45,"sophisticatedbackpacks:crafting_upgrade":2,"minecraft:blaze_rod":1,"minecraft:raw_iron":152,"silentgear:sickle":1,"sf5_things:block_of_lime_dye":1,"silentgear:paxel_blueprint":2,"thermal:onion":1,"bhc:red_heart":1},"minecraft:custom":{"minecraft:open_barrel":2,"minecraft:leave_game":25,"minecraft:time_since_death":583596,"minecraft:damage_blocked_by_shield":89,"minecraft:play_time":2334327,"minecraft:deaths":6,"minecraft:jump":3101,"minecraft:interact_with_furnace":238,"minecraft:damage_dealt":23699,"minecraft:inspect_dropper":57,"minecraft:inspect_hopper":4,"minecraft:damage_dealt_absorbed":40,"minecraft:sneak_time":5978,"minecraft:total_world_time":2334327,"minecraft:interact_with_stonecutter":7,"minecraft:time_since_rest":583617,"minecraft:fly_one_cm":49488,"minecraft:open_chest":1366,"minecraft:fall_one_cm":474157,"minecraft:animals_bred":1,"minecraft:damage_resisted":0,"minecraft:sprint_one_cm":505274,"minecraft:drop":777,"minecraft:walk_on_water_one_cm":44400,"minecraft:crouch_one_cm":7689,"minecraft:mob_kills":197,"minecraft:interact_with_campfire":225,"minecraft:damage_dealt_resisted":0,"minecraft:climb_one_cm":7697,"minecraft:walk_one_cm":5832992,"gateways:gates_defeated":5,"minecraft:walk_under_water_one_cm":11510,"minecraft:damage_taken":4923},"minecraft:mined":{"minecraft:obsidian":1,"botania:livingwood_log":7,"colouredstuff:sapling_black":4,"snad:snad":1,"sophisticatedstorage:controller":1,"minecraft:hopper":1,"minecraft:nether_wart":48,"colouredstuff:leaves_green":127,"minecraft:spawner":4,"colouredstuff:log_lime":202,"minecraft:polished_blackstone_bricks":223,"botania:cyan_mushroom":1,"colouredstuff:fence_planks_black":26,"minecraft:fire":26,"cyclic:item_pipe":20,"thermal:eggplant":1,"colouredstuff:planks_gray":6,"colouredstuff:log_green":40,"colouredstuff:slab_planks_lime":1,"colouredstuff:log_white":502,"minecraft:player_head":1,"cyclic:hopper":8,"colouredstuff:leaves_lime":1657,"minecraft:brown_mushroom":12,"sf5_things:block_of_red_dye":16,"sophisticatedstorage:diamond_chest":3,"minecraft:oxidized_copper":1,"ars_nouveau:archwood_door":4,"cyclic:hopper_fluid":10,"colouredstuff:leaves_white":3983,"colouredstuff:sapling_none":1,"create:basin":1,"minecraft:repeater":31,"minecraft:wheat":13,"minecraft:wither_rose":1,"minecraft:grass":28,"exnihilocoloratus:none_barrel":3,"colouredstuff:crafting_table_cyan":2,"ars_nouveau:archwood_fence_gate":2,"exnihilocoloratus:green_crucible":4,"minecraft:stonecutter":1,"colored_torches:blue_torch":2,"minecraft:piston":11,"colouredstuff:leaves_brown":857,"colouredstuff:crafting_table_none":1,"minecraft:nether_bricks":12,"colouredstuff:log_stripped_green":20,"cyclic:energy_pipe":31,"minecraft:redstone_wire":85,"colouredstuff:button_planks_green":1,"minecraft:red_mushroom":12,"obtrophies:trophy":5,"colouredstuff:door_planks_black":1,"colouredstuff:log_gray":29,"colored_torches:black_torch":1,"minecraft:cobblestone_slab":240,"minecraft:vine":24,"colouredstuff:log_stripped_black":37,"colouredstuff:sapling_gray":1,"colouredstuff:dirt_lime":2,"cyclic:battery":1,"colouredstuff:fence_planks_white":2,"minecraft:soul_sand":37,"colouredstuff:sapling_green":2,"colouredstuff:dirt_none":1,"minecraft:dropper":8,"colouredstuff:leaves_gray":278,"ars_nouveau:source_jar":6,"minecraft:tall_grass":20,"colouredstuff:log_stripped_orange":18,"craftingstation:crafting_station":6,"minecraft:black_stained_glass":9,"minecraft:cobblestone_wall":10,"ars_nouveau:arcane_pedestal":8,"colouredstuff:slab_planks_black":59,"colouredstuff:slab_cobblestone_red":1,"colouredstuff:sapling_orange":1,"minecraft:dripstone_block":1,"minecraft:gravel":234,"forbiddensmoothies:blender":1,"colouredstuff:slab_planks_green":51,"ars_nouveau:imbuement_chamber":6,"colouredstuff:sapling_white":4,"exnihilocoloratus:lime_barrel":1,"colouredstuff:leaves_black":688,"minecraft:grass_block":2,"colouredstuff:sapling_lime":9,"minecraft:cracked_polished_blackstone_bricks":54,"colouredstuff:fence_planks_green":2,"minecraft:gilded_blackstone":8,"ars_nouveau:arcane_core":2,"colouredstuff:leaves_orange":218,"colouredstuff:log_stripped_gray":41,"supplementaries:ash":11,"colouredstuff:log_black":62,"colouredstuff:slab_planks_none":7,"colouredstuff:log_none":13,"minecraft:pointed_dripstone":2,"ars_nouveau:red_archwood_log":113,"sophisticatedstorage:chest":18,"colouredstuff:leaves_blue":136,"ars_nouveau:enchanting_apparatus":3,"ars_nouveau:ritual_brazier":1,"colouredstuff:door_planks_green":1,"minecraft:blackstone":17,"additionallanterns:white_smooth_stone_lantern":3,"ars_nouveau:stripped_green_archwood_log":1,"colouredstuff:log_blue":17,"ars_nouveau:archwood_pressure_plate":1,"minecraft:cobblestone":959,"botania:light_gray_buried_petals":1,"ars_nouveau:scribes_table":2,"create:polished_cut_dripstone_wall":7,"ars_nouveau:red_archwood_leaves":403,"minecraft:seagrass":2,"sf5_things:block_of_orange_dye":12,"minecraft:oak_log":29,"colouredstuff:door_planks_brown":1,"minecraft:sand":21,"minecraft:dirt":58,"minecraft:oak_leaves":449,"exnihilosequentia:infested_leaves":26,"ars_nouveau:blue_archwood_sapling":55,"sf5_things:colorless_leaves":49,"cyclic:collector":3,"ars_nouveau:green_archwood_leaves":589,"colouredstuff:log_stripped_none":1,"ars_nouveau:storage_lectern":4,"ae2:inscriber":2,"colouredstuff:planks_none":6,"colouredstuff:slab_planks_brown":3,"minecraft:furnace":1,"ars_nouveau:sourcestone":8,"sf5_things:block_of_black_dye":22,"colouredstuff:sapling_brown":3,"minecraft:gold_block":3,"minecraft:nether_brick_fence":1,"ars_nouveau:agronomic_sourcelink":2,"create:small_dripstone_brick_wall":2,"colouredstuff:leaves_none":100,"minecraft:lantern":1,"colouredstuff:cobblestone_red":1,"minecraft:stone":17,"ars_nouveau:purple_archwood_log":166,"forbiddensmoothies:printer":2,"colouredstuff:log_stripped_brown":33,"ars_nouveau:green_archwood_log":206,"sf5_things:block_of_white_dye":42,"minecraft:basalt":28,"colouredstuff:planks_green":38,"colouredstuff:planks_lime":1,"exnihilosequentia:stone_barrel":4,"cyclic:generator_fuel":1,"minecraft:polished_blackstone_brick_stairs":3,"ars_nouveau:blue_archwood_leaves":2446,"colouredstuff:log_brown":88,"colouredstuff:log_orange":23,"ars_nouveau:blue_archwood_log":1163,"ars_nouveau:purple_archwood_leaves":583,"minecraft:redstone_torch":33,"sf5_things:block_of_lime_dye":82,"colouredstuff:sapling_blue":1,"minecraft:bee_nest":2,"minecraft:cherry_leaves":202,"colouredstuff:planks_black":63,"colored_torches:green_torch":5},"minecraft:used":{"minecraft:writable_book":1,"silentgear:sword":694,"minecraft:stone":4,"obtrophies:trophy":10,"colouredstuff:sapling_black":21,"colored_torches:white_torch":1,"ars_nouveau:ritual_awakening":1,"colored_torches:black_torch":28,"minecraft:lava_bucket":10,"ars_nouveau:ritual_brazier":3,"sf5_things:rgb_dye":1,"ars_nouveau:archwood_door":6,"supplementaries:ash":2,"minecraft:furnace":2,"minecraft:oak_sapling":58,"tintedcampfires:green_campfire":1,"minecraft:egg":415,"ars_nouveau:green_archwood_log":2,"cyclic:battery":2,"ars_nouveau:blue_archwood_sapling":86,"colouredstuff:sapling_orange":3,"exnihilocoloratus:brown_barrel":1,"exnihilosequentia:stone_barrel":4,"minecraft:sand":18,"colouredstuff:log_orange":18,"colouredstuff:door_planks_brown":1,"exnihilocoloratus:lime_barrel":1,"colouredstuff:sapling_lime":35,"additionallanterns:white_smooth_stone_lantern":8,"ars_nouveau:archwood_fence":44,"cyclic:crusher":1,"sophisticatedstorage:chest":22,"colouredstuff:sapling_gray":6,"create:basin":1,"forbiddensmoothies:printer":3,"colouredstuff:dirt_none":1,"colouredstuff:door_planks_green":2,"sf5_things:block_of_black_dye":8,"cyclic:item_pipe":51,"exnihilosequentia:wooden_hammer":129,"ars_nouveau:arcane_core":3,"colouredstuff:slab_planks_black":88,"ars_nouveau:dominion_wand":13,"ars_nouveau:archwood_fence_gate":2,"sophisticatedstorage:storage_output":1,"colouredstuff:water_bucket_light_gray":2,"exnihilosequentia:grass_seeds":17,"sophisticatedstorage:basic_to_diamond_tier_upgrade":3,"cyclic:energy_pipe":34,"colouredstuff:slab_planks_green":73,"minecraft:spawner":2,"sophisticatedstorage:diamond_chest":3,"colouredstuff:planks_black":53,"colouredstuff:planks_green":21,"minecraft:cherry_log":1,"silentgear:shield":3,"minecraft:pointed_dripstone":4,"minecraft:wheat_seeds":7,"minecraft:water_bucket":30,"sophisticatedstorage:copper_to_diamond_tier_upgrade":1,"colouredstuff:sapling_blue":2,"colouredstuff:log_lime":6,"ars_nouveau:blue_archwood_log":13,"silentgear:sickle":1888,"colouredstuff:planks_gray":14,"silentgear:axe":465,"cyclic:hopper":8,"create:filter":4,"colouredstuff:fence_planks_black":26,"ars_nouveau:arcane_pedestal":20,"colouredstuff:log_black":19,"colouredstuff:button_planks_green":1,"dimpaintings:nether_painting":12,"minecraft:cobblestone":1341,"colouredstuff:log_stripped_gray":1,"colouredstuff:log_green":25,"colouredstuff:log_none":5,"craftingstation:crafting_station_slab":2,"exnihilocoloratus:none_barrel":2,"colouredstuff:fence_planks_green":14,"cyclic:hopper_fluid":10,"colouredstuff:sapling_green":6,"immersiveengineering:seed":5,"ars_nouveau:magebloom_crop":3,"colouredstuff:door_planks_black":2,"minecraft:player_head":1,"ars_nouveau:red_archwood_sapling":4,"minecraft:nether_bricks":4,"colouredstuff:crafting_table_cyan":2,"forbiddensmoothies:blender":2,"ars_nouveau:green_archwood_sapling":6,"minecraft:item_frame":1,"minecraft:repeater":54,"silentgear:paxel":3212,"cyclic:collector":6,"sf5_things:brown_apple":11,"ars_nouveau:archwood_pressure_plate":1,"minecraft:beetroot_seeds":3,"sf5_things:darktoasto":2,"create:polished_cut_dripstone_wall":13,"colouredstuff:water_bucket_red":2,"minecraft:dropper":8,"colouredstuff:sapling_brown":16,"ars_nouveau:bookwyrm_charm":1,"ars_nouveau:agronomic_sourcelink":4,"minecraft:dripstone_block":1,"silentgear:mattock":55,"minecraft:redstone_torch":33,"ars_nouveau:enchanting_apparatus":4,"colouredstuff:slab_planks_none":41,"ars_nouveau:purple_archwood_sapling":5,"colouredstuff:dirt_lime":2,"cyclic:generator_fuel":2,"sf5_things:blue_apple":5,"dimpaintings:end_painting":1,"minecraft:gravel":235,"snad:snad":1,"thermal:onion_seeds":4,"exnihilosequentia:stone_hammer":338,"exnihilosequentia:silkworm":97,"minecraft:bone_meal":283,"colored_torches:green_torch":9,"minecraft:redstone":123,"exnihilocoloratus:green_crucible":3,"simpletomb:grave_key":6,"colouredstuff:slab_planks_lime":61,"colouredstuff:leaves_green":3,"gateways:gate_pearl":9,"minecraft:dirt":261,"minecraft:hopper":1,"minecraft:cobblestone_wall":96,"sf5_things:gray_apple":5,"colouredstuff:sapling_none":4,"ae2:inscriber":3,"create:small_dripstone_brick_wall":4,"dimpaintings:overworld_painting":4,"colouredstuff:planks_lime":22,"minecraft:wooden_axe":23,"sophisticatedstorage:controller":2,"colored_torches:blue_torch":1,"silentgear:shears":6,"ars_nouveau:imbuement_chamber":8,"colouredstuff:gate_planks_white":1,"minecraft:golden_carrot":26,"thermal:eggplant":1,"minecraft:cooked_beef":7,"exnihilosequentia:fired_crucible":2,"ars_nouveau:storage_lectern":5,"colouredstuff:log_gray":40,"colouredstuff:log_brown":36,"colouredstuff:sapling_white":86,"minecraft:copper_block":1,"sf5_things:white_apple":4,"minecraft:stonecutter":2,"minecraft:cobblestone_slab":1499,"colouredstuff:water_bucket_blue":1,"ars_nouveau:sourcestone":8,"minecraft:piston":11,"ars_nouveau:source_jar":11,"craftingstation:crafting_station":5,"minecraft:purple_dye":1,"silentgear:hammer":4,"minecraft:bucket":44,"colouredstuff:fence_planks_white":39,"ars_nouveau:scribes_table":3},"minecraft:picked_up":{"minecraft:seagrass":2,"create:polished_cut_dripstone_wall":7,"exnihilocoloratus:lime_barrel":1,"minecraft:wither_rose":1,"cyclic:battery":1,"minecraft:polished_blackstone_brick_stairs":3,"minecraft:string":26,"minecraft:beetroot":3,"mysticalagriculture:inferium_essence":149,"mysticalagriculture:none_crop_seeds":9,"thermal:eggplant":1,"limbs:zombie_left_leg":1,"ars_nouveau:archwood_fence_gate":2,"sf5_things:rgb_dye":152,"colouredstuff:log_orange":23,"colouredstuff:log_black":59,"minecraft:cherry_log":1,"sophisticatedstorage:controller":1,"gateways:gate_pearl":2,"colouredstuff:button_planks_green":2,"sf5_things:brown_apple":47,"minecraft:black_dye":175,"woodenbucket:wooden_bucket":3,"cyclic:item_pipe":20,"ars_nouveau:agronomic_sourcelink":3,"ars_nouveau:arcane_core":2,"ars_nouveau:imbuement_chamber":7,"minecraft:blue_dye":156,"simplehats:scouter":1,"botania:livingwood_log":7,"supplementaries:ash":264,"cyclic:hopper":8,"minecraft:blaze_rod":1,"silentgear:template_board":588,"ars_nouveau:manipulation_essence":3,"silentgear:paxel":4,"limbs:wither_skeleton_torso":1,"botania:cyan_mushroom":1,"minecraft:feather":1,"minecraft:oxidized_copper":2,"ars_nouveau:magebloom":17,"minecraft:flint":4,"ars_nouveau:scribes_table":2,"minecraft:lantern":1,"bhc:red_heart":3,"minecraft:stonecutter":1,"sophisticatedstorage:chest":17,"create:goggles":1,"create:small_dripstone_brick_wall":2,"simplehats:hatbag_uncommon":3,"colouredstuff:log_stripped_green":21,"simplehats:easterhead":1,"simplehats:spyzombie":1,"simplehats:zigzagwitchhat":1,"immersiveengineering:raw_uranium":1,"create:empty_blaze_burner":5,"minecraft:dropper":8,"minecraft:ink_sac":10,"thermal:onion_seeds":10,"colouredstuff:sapling_black":69,"exnihilosequentia:silkworm":807,"sf5_things:block_of_black_dye":22,"colored_torches:green_torch":6,"colouredstuff:cobblestone_red":1,"thermal:eggplant_seeds":2,"minecraft:cyan_dye":299,"lootbags:loot_bag":43,"colouredstuff:log_stripped_brown":32,"ars_nouveau:red_archwood_log":115,"minecraft:nether_wart":82,"colouredstuff:fence_planks_black":24,"colouredstuff:sapling_blue":16,"colouredstuff:fence_planks_green":6,"minecraft:beef":104,"ars_nouveau:stripped_green_archwood_log":1,"sf5_things:green_apple":11,"colored_torches:black_torch":5,"minecraft:piston":14,"cyclic:hopper_fluid":10,"minecraft:egg":261,"ars_nouveau:purple_archwood_log":168,"minecraft:stone":128,"colouredstuff:slab_planks_brown":1,"simplehats:hatbag_common":1,"sophisticatedbackpacks:crafting_upgrade":2,"minecraft:white_dye":190,"heads:chicken_head":1,"minecraft:redstone":124,"ars_nouveau:green_archwood_log":217,"silentgear:paxel_blueprint":2,"ars_nouveau:enchanting_apparatus":3,"colouredstuff:leaves_lime":4,"minecraft:beetroot_seeds":14,"exnihilocoloratus:none_barrel":2,"exnihilosequentia:stone_barrel":3,"minecraft:clock":3,"sf5_things:blue_apple":10,"minecraft:red_mushroom":12,"bhc:wither_bone":7,"minecraft:oak_log":30,"sf5_things:block_of_blue_dye":12,"colouredstuff:log_gray":29,"colouredstuff:planks_black":55,"sf5_things:block_of_red_dye":16,"minecraft:spawner":2,"minecraft:apple":2,"silentgear:shield":1,"colouredstuff:planks_lime":1,"simplehats:dimmahat":1,"sf5_things:block_of_gray_dye":11,"ars_nouveau:source_jar":10,"minecraft:gravel":233,"exnihilosequentia:stone_hammer":1,"forcecraft:recovery_heart":7,"sf5_things:white_apple":206,"dimpaintings:nether_painting":5,"simplehats:baseballeaster":1,"minecraft:slime_ball":21,"immersiveengineering:seed":41,"colouredstuff:log_stripped_none":1,"sf5_things:block_of_orange_dye":14,"minecraft:hopper":1,"ars_nouveau:magebloom_crop":3,"simplehats:fro":2,"minecraft:wheat":87,"colouredstuff:log_green":42,"minecraft:nether_brick_fence":1,"simplehats:hatbag_rare":1,"minecraft:gilded_blackstone":8,"colouredstuff:log_stripped_black":37,"silentgear:sinew":12,"craftingstation:crafting_station":6,"simplehats:triangleshades":1,"colouredstuff:crafting_table_none":1,"ars_nouveau:archwood_pressure_plate":1,"colouredstuff:sapling_gray":20,"minecraft:smooth_stone":32,"minecraft:red_dye":14,"forbiddensmoothies:printer":2,"minecraft:redstone_torch":33,"minecraft:cobblestone_slab":181,"colouredstuff:sapling_white":406,"minecraft:furnace":7,"minecraft:stick":478,"colouredstuff:leaves_brown":1,"colouredstuff:planks_none":6,"minecraft:pointed_dripstone":4,"exnihilosequentia:wooden_hammer":1,"heads:blaze_head":2,"snad:snad":1,"colouredstuff:planks_green":30,"simplehats:swimmer":1,"minecraft:obsidian":1,"minecraft:cobblestone":763,"silentgear:sickle":1,"occultism:datura_seeds":1,"colouredstuff:sapling_orange":23,"minecraft:repeater":54,"colouredstuff:planks_gray":3,"ars_nouveau:archwood_door":4,"colouredstuff:log_white":502,"minecraft:andesite":2,"mysticalagriculture:watering_can":1,"sf5_things:block_of_lime_dye":104,"thermal:onion":4,"ars_nouveau:earth_essence":6,"sf5_things:black_apple":41,"minecraft:dirt":72,"immersiveengineering:hemp_fiber":299,"colouredstuff:sapling_green":17,"minecraft:bone":40,"ars_nouveau:source_gem":53,"minecraft:wheat_seeds":165,"obtrophies:trophy":9,"colouredstuff:fence_planks_white":1,"minecraft:grindstone":1,"ars_nouveau:ritual_brazier":2,"thermal:raw_tin":1,"minecraft:sand":671,"colouredstuff:log_stripped_orange":18,"sf5_things:block_of_brown_dye":11,"ars_nouveau:sourcestone":8,"colouredstuff:door_planks_green":2,"colouredstuff:log_brown":89,"minecraft:clay":77,"colouredstuff:leaves_green":47,"create:filter":2,"minecraft:cracked_polished_blackstone_bricks":52,"colouredstuff:sapling_none":18,"minecraft:bone_meal":15,"colouredstuff:log_blue":17,"minecraft:oak_sapling":110,"ars_nouveau:arcane_pedestal":8,"minecraft:charcoal":1,"minecraft:cocoa_beans":3,"colouredstuff:slab_planks_blue":5,"colouredstuff:sapling_brown":100,"minecraft:chicken":3,"minecraft:brown_mushroom":12,"simplehats:pighead":1,"ars_nouveau:blue_archwood_sapling":180,"minecraft:gold_block":3,"cyclic:collector":5,"colouredstuff:sapling_lime":178,"colouredstuff:dirt_lime":2,"botania:magenta_mystical_flower":1,"minecraft:blackstone":14,"sf5_things:none_apple":6,"ars_nouveau:storage_lectern":5,"colored_torches:blue_torch":1,"create:basin":1,"colouredstuff:slab_planks_lime":2,"minecraft:raw_iron":8,"minecraft:orange_dye":10,"sf5_things:orange_apple":14,"ars_nouveau:glyph_underfoot":1,"ars_nouveau:purple_archwood_sapling":25,"minecraft:gray_dye":13,"ars_nouveau:blue_archwood_log":1170,"minecraft:polished_blackstone_bricks":217,"silentgear:hammer":1,"minecraft:stone_button":3,"exnihilosequentia:diorite_pebble":1,"minecraft:brown_dye":40,"additionallanterns:white_smooth_stone_lantern":4,"minecraft:arrow":4,"cyclic:energy_pipe":16,"minecraft:nether_bricks":10,"ars_nouveau:bookwyrm_charm":1,"cyclic:generator_fuel":1,"ars_nouveau:glyph_crush":1,"colouredstuff:slab_planks_none":4,"minecraft:basalt":25,"colouredstuff:dirt_none":1,"sf5_things:block_of_white_dye":63,"minecraft:leather":31,"create:andesite_alloy":1,"minecraft:cobblestone_wall":7,"botania:light_gray_petal":1,"ars_nouveau:green_archwood_sapling":33,"colouredstuff:slab_planks_green":63,"minecraft:iron_ingot":146,"sf5_things:lime_apple":68,"sf5_things:gray_apple":15,"minecraft:soul_sand":35,"colouredstuff:log_stripped_gray":40,"minecraft:green_dye":77,"exnihilocoloratus:green_crucible":4,"colouredstuff:crafting_table_cyan":2,"forbiddensmoothies:blender":1,"ars_nouveau:red_archwood_sapling":26,"minecraft:dripstone_block":1,"ars_nouveau:dominion_wand":1,"minecraft:amethyst_shard":11,"colouredstuff:log_none":11,"minecraft:lime_dye":152,"colouredstuff:log_lime":199,"ae2:inscriber":2,"minecraft:cherry_sapling":65,"colouredstuff:slab_planks_black":53,"sophisticatedstorage:diamond_chest":3,"minecraft:coal":19,"silentgear:sword":2},"minecraft:crafted":{"minecraft:black_dye":101,"colored_torches:black_torch":18,"gateways:gate_pearl":1,"immersiveengineering:hammer":1,"thermal:onion_seeds":1,"colouredstuff:door_planks_brown":3,"minecraft:oak_pressure_plate":1,"minecraft:grass":4,"silentgear:boots_template":1,"ars_nouveau:purple_archwood_sapling":1,"exnihilosequentia:unfired_crucible":1,"sophisticatedbackpacks:crafting_upgrade":1,"sophisticatedstorage:stack_upgrade_tier_1":3,"minecraft:bookshelf":14,"patchouli:guide_book":1,"thermal:machine_frame":1,"exnihilosequentia:stone_barrel":2,"minecraft:granite":5,"colouredstuff:planks_gray":40,"minecraft:glass":57,"minecraft:quartz_block":2,"colouredstuff:button_planks_green":1,"minecraft:repeater":26,"ars_nouveau:archwood_door":3,"colouredstuff:crafting_table_brown":1,"colouredstuff:planks_none":24,"luphieclutteredmod:small_shelf":1,"ars_nouveau:apprentice_spell_book":1,"biggerreactors:cyanite_dust":1,"minecraft:magenta_dye":77,"silentgear:legging_plates":1,"colouredstuff:slab_planks_green":144,"colouredstuff:sapling_black":2,"colouredstuff:slab_planks_none":42,"colouredstuff:door_planks_green":3,"colouredstuff:fence_planks_black":24,"minecraft:clock":3,"ars_nouveau:source_jar":1,"exnihilosequentia:fired_crucible":1,"immersiveengineering:dust_uranium":1,"minecraft:copper_ingot":58,"craftingstation:crafting_station":1,"minecraft:sticky_piston":2,"minecraft:painting":2,"exnihilosequentia:wooden_hammer":1,"thermal:tin_gear":1,"minecraft:stone_brick_stairs":8,"minecraft:lectern":1,"cyclic:generator_fuel":1,"minecraft:stone_slab":18,"cyclic:flint_block":2,"minecraft:iron_pickaxe":1,"minecraft:iron_block":7,"colouredstuff:slab_planks_brown":30,"silentgear:paxel_blueprint":2,"minecraft:gold_ingot":35,"sophisticatedbackpacks:blasting_upgrade":1,"minecraft:light_gray_dye":74,"silentgear:helmet":1,"woodenbucket:wooden_bucket":8,"thermal:tin_ingot":13,"xercapaint:item_palette":2,"ars_nouveau:arcane_pedestal":13,"cyclic:hopper":9,"minecraft:iron_nugget":9,"ars_nouveau:archwood_pressure_plate":1,"minecraft:pointed_dripstone":4,"minecraft:brick_stairs":4,"exnihilosequentia:porcelain_clay":7,"sophisticatedbackpacks:stack_upgrade_tier_1":1,"minecraft:bone_meal":163,"minecraft:pink_dye":65,"silentgear:paxel_template":3,"minecraft:quartz":2,"cyclic:collector":1,"minecraft:netherrack":27,"minecraft:diamond":49,"sophisticatedstorage:upgrade_base":7,"ars_nouveau:novice_spell_book":1,"ars_nouveau:green_archwood_sapling":1,"sophisticatedbackpacks:auto_blasting_upgrade":1,"silentgear:sword":1,"minecraft:redstone_block":1,"sophisticatedstorage:blasting_upgrade":1,"minecraft:coal_block":2,"minecraft:dripstone_block":9,"sf5_things:block_of_pink_dye":7,"minecraft:dried_kelp":15,"colouredstuff:planks_green":76,"ars_nouveau:ritual_awakening":1,"colouredstuff:gate_planks_white":2,"sophisticatedbackpacks:gold_backpack":1,"colouredstuff:planks_black":134,"create:small_dripstone_brick_wall":2,"minecraft:orange_dye":30,"thermal:copper_nugget":11,"ars_nouveau:sourcestone":64,"minecraft:cobblestone":356,"silentgear:sickle":3,"thermal:raw_tin":13,"minecraft:wooden_axe":1,"minecraft:writable_book":1,"minecraft:iron_shovel":1,"cyclic:item_pipe":32,"silentgear:rod_template":2,"minecraft:brick":297,"sophisticatedstorage:controller":1,"ars_nouveau:red_archwood_sapling":1,"minecraft:grindstone":1,"minecraft:oak_planks":16,"sf5_things:rgb_dye":5,"minecraft:cobblestone_slab":2334,"silentgear:chestplate":1,"minecraft:barrel":1,"ars_nouveau:archwood_planks":60,"sophisticatedstorage:basic_to_diamond_tier_upgrade":4,"colouredstuff:planks_brown":41,"silentgear:sword_template":1,"ars_nouveau:archwood_fence_gate":2,"colouredstuff:fence_planks_green":18,"sophisticatedstorage:barrel":2,"minecraft:stone":163,"silentgear:leggings":1,"forbiddensmoothies:printer":1,"colouredstuff:slab_planks_lime":108,"colouredstuff:sapling_gray":1,"minecraft:heavy_weighted_pressure_plate":5,"silentgear:helmet_template":1,"minecraft:green_dye":141,"minecraft:hopper":1,"colouredstuff:slab_planks_black":252,"silentgear:chestplate_plates":1,"cyclic:crusher":1,"minecraft:iron_boots":1,"minecraft:raw_copper":3,"silentgear:sickle_template":1,"sf5_things:block_of_purple_dye":7,"silentgear:boot_plates":1,"minecraft:comparator":2,"minecraft:chest":5,"sf5_things:block_of_blue_dye":2,"minecraft:copper_block":1,"ars_nouveau:enchanting_apparatus":1,"minecraft:bricks":29,"ars_nouveau:archwood_fence":48,"minecraft:stone_bricks":32,"sf5_things:block_of_magenta_dye":6,"minecraft:item_frame":1,"minecraft:dropper":2,"minecraft:oak_slab":6,"sophisticatedbackpacks:backpack":1,"ars_nouveau:arcane_core":1,"vinery:grapevine_stem":1,"minecraft:crafting_table":1,"minecraft:brown_dye":11,"minecraft:brush":1,"minecraft:diorite":8,"sophisticatedbackpacks:upgrade_base":3,"colouredstuff:door_planks_black":3,"silentgear:blueprint_paper":12,"colouredstuff:fence_planks_white":66,"ars_nouveau:ritual_brazier":1,"create:polished_cut_dripstone_wall":6,"colored_torches:green_torch":8,"silentgear:chestplate_template":1,"silentgear:paxel":2,"minecraft:string":25,"minecraft:book":55,"minecraft:purple_dye":79,"minecraft:paper":201,"minecraft:yellow_dye":11,"minecraft:charcoal":7,"exnihilosequentia:stone_hammer":1,"ars_nouveau:archwood_chest":4,"sophisticatedbackpacks:diamond_backpack":1,"minecraft:stick":179,"minecraft:light_blue_dye":10,"minecraft:iron_ingot":129,"silentgear:paxel_head":2,"sophisticatedstorage:copper_to_diamond_tier_upgrade":1,"minecraft:redstone_torch":17,"ars_nouveau:scribes_table":1,"cyclic:battery":1,"minecraft:raw_iron":12,"minecraft:redstone":90,"silentgear:leggings_template":1,"minecraft:coal":132,"exnihilosequentia:grass_seeds":68,"immersiveengineering:raw_uranium":1,"silentgear:rod":12,"colouredstuff:planks_white":72,"minecraft:stone_button":3,"minecraft:furnace":2,"minecraft:blast_furnace":1,"minecraft:piston":5,"minecraft:sugar_cane":204,"minecraft:gray_dye":24,"ars_nouveau:archwood_slab":18,"ae2:certus_quartz_cutting_knife":1,"cyclic:energy_pipe":48,"cyclic:cable_wrench":1,"minecraft:glass_pane":16,"exnihilocoloratus:brown_barrel":1,"tintedcampfires:green_campfire":1,"ars_nouveau:source_gem_block":1,"silentgear:boots":1,"forbiddensmoothies:blender":1,"sf5_things:orange_apple":3,"silentgear:sword_blade":1,"minecraft:iron_axe":1,"colouredstuff:planks_lime":210,"silentgear:sickle_blade":3,"minecraft:lime_dye":167,"silentgear:helmet_plates":1,"minecraft:cobblestone_wall":3,"cyclic:hopper_fluid":5,"minecraft:clay_ball":91,"colouredstuff:planks_orange":1,"cyclic:compressed_cobblestone":4,"ars_nouveau:agronomic_sourcelink":1,"sophisticatedbackpacks:iron_backpack":1,"ae2:inscriber":1,"minecraft:cooked_beef":2,"minecraft:red_dye":335,"dimpaintings:nether_painting":1,"minecraft:diamond_sword":7,"exnihilocoloratus:lime_barrel":1,"minecraft:cyan_dye":163,"minecraft:amethyst_shard":10,"ars_nouveau:imbuement_chamber":1,"minecraft:iron_sword":1,"eccentrictome:tome":11,"sophisticatedstorage:crafting_upgrade":1,"minecraft:bucket":2,"sophisticatedstorage:storage_output":1,"minecraft:air":7872,"minecraft:blue_dye":508,"craftingstation:crafting_station_slab":2,"sophisticatedstorage:chest":34,"dimpaintings:end_painting":1,"minecraft:white_wool":3,"minecraft:gold_nugget":9,"minecraft:white_dye":414,"minecraft:raw_gold":9,"minecraft:stonecutter":3,"minecraft:andesite":4,"sophisticatedstorage:stack_upgrade_tier_2":3,"sf5_things:block_of_lime_dye":45,"minecraft:lapis_block":2},"minecraft:broken":{"woodenbucket:wooden_bucket":3},"minecraft:killed_by":{"ars_nouveau:whirlisprig":1,"earthmobsmod:wither_skeleton_wolf":1},"minecraft:killed":{"minecraft:skeleton":3,"minecraft:chicken":3,"minecraft:zombie":12,"minecraft:cow":41,"minecraft:bee":7,"minecraft:blaze":5,"minecraft:slime":42,"earthmobsmod:wither_skeleton_wolf":12,"minecraft:squid":14,"minecraft:wither_skeleton":40}},"DataVersion":3465}