{"stats":{"minecraft:crafted":{"botania:green_petal":2,"minecraft:black_dye":55,"sf5_things:rgb_dye":38,"minecraft:cobblestone_slab":384,"minecraft:barrel":76,"ars_nouveau:archwood_planks":264,"sf5_things:block_of_meat":3,"colored_torches:white_torch":2,"minecraft:chain":2,"colouredstuff:planks_brown":1305,"sophisticatedstorage:packing_tape":1,"sf5_things:block_of_rgb_dye":25,"botania:mana_pool":1,"minecraft:grass":4,"colouredstuff:slab_planks_lime":64,"minecraft:heavy_weighted_pressure_plate":1,"colouredstuff:slab_planks_blue":252,"minecraft:iron_bars":16,"minecraft:green_dye":29,"botania:red_petal":2,"create:vertical_gearbox":9,"minecraft:glass":22,"minecraft:hopper":7,"minecraft:stone_brick_slab":18,"create:andesite_funnel":8,"botania:twig_wand":1,"minecraft:raw_copper":15,"create:mechanical_press":1,"mysticalagriculture:watering_can":1,"silentgear:sickle_template":1,"minecraft:chest":1,"create:spout":1,"colouredstuff:crafting_table_brown":4,"minecraft:copper_block":1,"exnihilocoloratus:none_barrel":1,"colouredstuff:planks_none":25,"botania:light_gray_petal":1,"minecraft:stone_bricks":30,"create:cogwheel":106,"extractinator:extractinator":1,"minecraft:raw_iron_block":32,"create:depot":5,"sophisticatedbackpacks:backpack":2,"colouredstuff:slab_planks_green":174,"minecraft:cauldron":1,"colouredstuff:slab_planks_none":72,"create:fluid_pipe":24,"minecraft:kelp":10,"minecraft:brown_dye":20,"minecraft:raw_gold_block":1,"minecraft:copper_ingot":120,"craftingstation:crafting_station":2,"botania:livingwood_twig":3,"create:encased_chain_drive":7,"create:mechanical_mixer":2,"minecraft:diorite":63,"create:stressometer":1,"create:gearbox":11,"exnihilosequentia:wooden_hammer":1,"create:encased_fan":1,"silentgear:paxel":1,"minecraft:book":1,"minecraft:yellow_dye":10,"minecraft:paper":72,"minecraft:charcoal":7,"exnihilosequentia:stone_hammer":1,"create:water_wheel":22,"sophisticatedbackpacks:diamond_backpack":1,"minecraft:stick":232,"minecraft:light_blue_dye":1,"minecraft:compass":7,"create:mechanical_pump":2,"minecraft:iron_ingot":375,"colouredstuff:slab_planks_brown":1536,"woodenbucket:wooden_bucket":18,"minecraft:gold_ingot":21,"minecraft:light_gray_dye":383,"create:large_cogwheel":7,"create:propeller":1,"botania:apothecary_default":1,"colouredstuff:trapdoor_planks_brown":34,"minecraft:shears":1,"colouredstuff:fence_planks_brown":36,"create:chute":8,"sf5_things:block_of_light_gray_dye":2,"botania:brown_petal":5,"minecraft:raw_iron":171,"minecraft:redstone":16,"minecraft:coal":91,"create:wrench":1,"sophisticatedstorage:basic_tier_upgrade":2,"minecraft:iron_nugget":321,"luphieclutteredmod:blue_bicycle":1,"silentgear:rod":4,"colouredstuff:planks_blue":227,"minecraft:furnace":8,"minecraft:piston":1,"minecraft:sugar_cane":64,"botania:blue_petal":1,"minecraft:gray_dye":66,"minecraft:bone_meal":313,"minecraft:pink_dye":4,"silentgear:paxel_template":1,"minecraft:raw_copper_block":15,"colored_torches:blue_torch":18,"minecraft:diamond_block":1,"minecraft:flint_and_steel":1,"exnihilocoloratus:brown_barrel":2,"minecraft:netherrack":1,"minecraft:diamond":21,"colouredstuff:planks_lime":30,"botania:white_petal":7,"colouredstuff:stairs_planks_brown":88,"minecraft:slime_ball":15,"create:millstone":2,"minecraft:lime_dye":13,"create:fluid_tank":40,"botania:light_blue_petal":3,"minecraft:redstone_block":1,"create:basin":2,"colouredstuff:planks_orange":11,"create:belt_connector":9,"create:filter":2,"sophisticatedbackpacks:iron_backpack":1,"minecraft:cooked_beef":25,"minecraft:coal_block":7,"botania:pink_petal":1,"minecraft:red_dye":7,"botania:fertilizer":99,"minecraft:bone_block":11,"create:andesite_alloy":229,"create:hand_crank":1,"minecraft:cyan_dye":30,"minecraft:dried_kelp":21,"colouredstuff:planks_green":171,"minecraft:bowl":4,"create:goggles":1,"create:large_water_wheel":10,"botania:lexicon":1,"sophisticatedbackpacks:gold_backpack":1,"minecraft:bucket":1,"colouredstuff:planks_black":29,"minecraft:orange_dye":8,"minecraft:air":7466,"minecraft:blue_dye":48,"create:speedometer":6,"sophisticatedstorage:chest":24,"minecraft:white_wool":5,"create:whisk":2,"sophisticatedstorage:basic_to_copper_tier_upgrade":1,"minecraft:white_dye":259,"thermal:eggplant_seeds":1,"minecraft:raw_gold":13,"silentgear:sickle":1,"create:shaft":104,"minecraft:andesite":313,"sf5_things:block_of_lime_dye":7},"minecraft:killed":{"minecraft:bee":3,"minecraft:cow":103},"minecraft:custom":{"minecraft:open_barrel":10,"minecraft:leave_game":20,"minecraft:time_since_death":585505,"minecraft:sprint_one_cm":700074,"minecraft:drop":1245,"minecraft:play_time":1138208,"minecraft:deaths":8,"minecraft:jump":2568,"minecraft:walk_on_water_one_cm":23273,"minecraft:interact_with_furnace":130,"minecraft:damage_dealt":10972,"minecraft:crouch_one_cm":43668,"minecraft:inspect_dropper":2,"minecraft:mob_kills":108,"minecraft:inspect_hopper":18,"minecraft:interact_with_campfire":53,"minecraft:damage_dealt_resisted":0,"minecraft:climb_one_cm":15186,"minecraft:walk_one_cm":2785984,"minecraft:sneak_time":17248,"minecraft:walk_under_water_one_cm":4389,"minecraft:total_world_time":1138208,"minecraft:time_since_rest":585531,"minecraft:damage_taken":3901,"minecraft:swim_one_cm":3247,"minecraft:fly_one_cm":184795,"minecraft:open_chest":1293,"minecraft:fall_one_cm":423443},"minecraft:picked_up":{"simplehats:fro":5,"minecraft:seagrass":1,"minecraft:wheat":42,"colouredstuff:log_green":85,"simplehats:hatbag_rare":4,"create:polished_cut_dripstone_wall":1,"botania:light_blue_double_flower":1,"colouredstuff:planks_brown":4,"silentgear:sinew":18,"colouredstuff:crafting_table_light_gray":1,"minecraft:string":78,"craftingstation:crafting_station":4,"minecraft:beetroot":6,"create:andesite_funnel":1,"mysticalagriculture:none_crop_seeds":5,"minecraft:red_dye":94,"minecraft:cobblestone_slab":114,"thermal:eggplant":6,"exnihilocoloratus:brown_barrel":6,"sf5_things:rgb_dye":24,"minecraft:furnace":10,"minecraft:stick":144,"create:mechanical_mixer":1,"tintedcampfires:green_campfire":3,"colouredstuff:leaves_brown":574,"create:dough":15,"create:andesite_casing":40,"colouredstuff:log_black":3,"minecraft:porkchop":1,"sf5_things:block_of_yellow_dye":27,"minecraft:dried_kelp":54,"minecraft:cherry_log":176,"minecraft:vine":16,"colouredstuff:planks_green":28,"sf5_things:brown_apple":69,"create:large_cogwheel":11,"minecraft:black_dye":7,"woodenbucket:wooden_bucket":10,"exnihilosequentia:wooden_hammer":2,"botania:white_mystical_flower":1,"snad:snad":9,"botania:light_gray_mystical_flower":1,"botania:livingrock":24,"simplehats:festiveribbon":1,"simplehats:supersandhat":1,"simplehats:dumhat":1,"minecraft:blue_dye":26,"minecraft:bookshelf":2,"botania:livingwood_log":15,"supplementaries:ash":28,"silentgear:template_board":288,"silentgear:sickle":1,"minecraft:cobblestone":464,"sf5_things:block_of_green_dye":64,"silentgear:paxel":7,"minecraft:cooked_beef":25,"minecraft:oxidized_copper":1,"minecraft:cherry_leaves":899,"minecraft:andesite":44,"mysticalagriculture:watering_can":1,"sf5_things:block_of_lime_dye":41,"create:belt_connector":8,"thermal:onion":1,"minecraft:flint":156,"minecraft:light_gray_dye":43,"sf5_things:black_apple":1,"minecraft:dirt":89,"botania:white_double_flower":1,"simplehats:hatbag_epic":2,"create:encased_chain_drive":4,"immersiveengineering:hemp_fiber":22,"bhc:red_heart":1,"exnihilosequentia:fired_crucible":3,"colouredstuff:sapling_green":19,"botania:cyan_mystical_flower":1,"botania:pink_mystical_flower":1,"minecraft:wheat_seeds":54,"obtrophies:trophy":1,"sophisticatedstorage:chest":18,"create:shaft":8,"simplehats:hatbag_uncommon":2,"colouredstuff:log_stripped_green":17,"botania:mana_pool":2,"botania:red_mystical_flower":2,"simplehats:babyturtle":1,"patchouli:guide_book":1,"botania:stripped_livingwood_log":1,"create:cogwheel":10,"ars_nouveau:archwood_fence":1,"minecraft:sand":773,"sf5_things:block_of_brown_dye":110,"minecraft:barrel":25,"exnihilosequentia:silkworm":270,"sf5_things:block_of_black_dye":86,"colouredstuff:sapling_black":5,"colored_torches:green_torch":8,"colouredstuff:log_brown":566,"minecraft:clay":2,"colouredstuff:leaves_green":385,"create:filter":3,"heads:cow_head":4,"thermal:eggplant_seeds":2,"colouredstuff:sapling_none":14,"colouredstuff:fence_planks_brown":32,"colouredstuff:log_blue":144,"thermal:copper_plate":17,"lootbags:loot_bag":17,"minecraft:netherrack":1,"colouredstuff:log_stripped_brown":6,"minecraft:cocoa_beans":7,"minecraft:charcoal":9,"colouredstuff:sapling_brown":170,"colouredstuff:slab_planks_blue":120,"botania:brown_double_flower":3,"ars_nouveau:blue_archwood_sapling":10,"colouredstuff:sapling_blue":36,"botania:endoflame":3,"colouredstuff:sapling_lime":3,"create:fluid_pipe":1,"colouredstuff:dirt_lime":5,"sophisticatedstorage:limited_barrel_3":1,"minecraft:item_frame":1,"simplehats:baseballhat":1,"colouredstuff:fence_planks_green":16,"sf5_things:none_apple":4,"botania:pure_daisy":1,"minecraft:beef":188,"colored_torches:blue_torch":20,"minecraft:player_head":3,"sf5_things:green_apple":8,"colored_torches:black_torch":3,"colouredstuff:slab_planks_lime":1,"minecraft:orange_dye":9,"simplehats:fakeblight":1,"colouredstuff:slab_planks_brown":379,"minecraft:stone":154,"simplehats:hatbag_common":9,"colouredstuff:stairs_planks_brown":23,"minecraft:copper_ingot":14,"silentgear:hammer":1,"ars_nouveau:blue_archwood_log":55,"colouredstuff:leaves_blue":188,"minecraft:white_dye":6,"sophisticatedstorage:copper_chest":2,"create:hand_crank":5,"sf5_things:block_of_light_gray_dye":369,"minecraft:brown_dye":260,"create:vertical_gearbox":8,"additionallanterns:white_smooth_stone_lantern":6,"silentgear:paxel_blueprint":2,"simplehats:puchiko":1,"botania:lime_mystical_flower":1,"minecraft:beetroot_seeds":12,"botania:apothecary_default":1,"colouredstuff:dirt_brown":16,"botania:blue_mystical_flower":1,"exnihilocoloratus:none_barrel":1,"create:depot":1,"botania:green_mystical_flower":2,"colouredstuff:slab_planks_none":75,"botania:light_blue_petal":1,"colouredstuff:dirt_none":1,"colouredstuff:trapdoor_planks_brown":4,"sf5_things:block_of_white_dye":72,"minecraft:leather":110,"sf5_things:blue_apple":21,"colouredstuff:leaves_gray":192,"colouredstuff:log_gray":23,"colouredstuff:planks_black":20,"botania:light_blue_mystical_flower":2,"sf5_things:block_of_red_dye":60,"colouredstuff:slab_planks_green":125,"simplehats:rabi_en_rose":1,"minecraft:stone_bricks":9,"minecraft:kelp":54,"colouredstuff:planks_lime":6,"colouredstuff:log_stripped_gray":13,"sf5_things:block_of_gray_dye":123,"minecraft:green_dye":11,"exnihilocoloratus:green_crucible":3,"colouredstuff:crafting_table_cyan":1,"minecraft:gravel":495,"exnihilosequentia:infested_leaves":17,"colored_torches:white_torch":8,"botania:white_petal":1,"colouredstuff:log_none":15,"exnihilosequentia:cooked_silkworm":1,"create:gearbox":2,"luphieclutteredmod:blue_bicycle":1,"create:millstone":5,"immersiveengineering:seed":6,"colouredstuff:log_stripped_lime":30,"create:mechanical_pump":5,"minecraft:cherry_sapling":120,"colouredstuff:slab_planks_black":16,"colouredstuff:log_stripped_none":5,"silentgear:axe":1,"sf5_things:block_of_orange_dye":31,"minecraft:coal":18,"botania:brown_mystical_flower":1,"minecraft:pink_dye":1,"minecraft:hopper":1},"minecraft:dropped":{"minecraft:clay":2,"create:vertical_gearbox":1,"minecraft:orange_dye":132,"botania:pink_petal":2,"colouredstuff:slab_planks_black":4,"colouredstuff:dirt_brown":8,"create:cogwheel":1,"create:filter":1,"silentgear:axe":1,"minecraft:grass":4,"minecraft:flint":79,"minecraft:dirt":1,"colouredstuff:slab_planks_blue":31,"minecraft:yellow_dye":31,"exnihilosequentia:wooden_hammer":3,"colouredstuff:slab_planks_lime":1,"colored_torches:blue_torch":1,"minecraft:bone_meal":15,"minecraft:sand":3042,"mysticalagriculture:none_crop_seeds":1,"botania:white_petal":6,"minecraft:gray_dye":399,"minecraft:gold_ingot":6,"minecraft:gravel":981,"silentgear:template_board":52,"colored_torches:black_torch":2,"colouredstuff:planks_black":5,"minecraft:pink_dye":1,"minecraft:wheat":24,"minecraft:beetroot":2,"colouredstuff:sapling_none":1,"colouredstuff:leaves_green":1,"minecraft:cherry_sapling":2,"minecraft:lime_dye":179,"exnihilosequentia:silkworm":19,"sf5_things:block_of_white_dye":13,"minecraft:charcoal":1,"minecraft:hopper":1,"minecraft:white_dye":381,"create:wheat_flour":15,"colouredstuff:planks_brown":2,"botania:brown_petal":2,"create:andesite_alloy":1,"minecraft:vine":6,"minecraft:black_dye":260,"minecraft:wheat_seeds":2,"sf5_things:block_of_light_gray_dye":110,"minecraft:cyan_dye":38,"botania:red_petal":1,"botania:green_petal":2,"minecraft:cobblestone":1866,"simplehats:fro":1,"minecraft:copper_ingot":194,"colouredstuff:planks_green":6,"minecraft:coal":15,"minecraft:stick":6,"colouredstuff:planks_lime":2,"colouredstuff:slab_planks_brown":64,"mysticalagriculture:watering_can":2,"minecraft:blue_dye":64,"colored_torches:green_torch":3,"colouredstuff:slab_planks_none":1,"minecraft:green_dye":284,"sf5_things:block_of_gray_dye":30,"sf5_things:block_of_green_dye":29,"colouredstuff:leaves_brown":1,"minecraft:red_dye":111,"sf5_things:block_of_red_dye":30,"minecraft:oxidized_copper":1,"minecraft:kelp":198,"minecraft:brown_dye":178,"create:shaft":2,"silentgear:hammer":1,"botania:light_gray_petal":3,"minecraft:bowl":3,"silentgear:sickle":1,"snad:snad":94,"sf5_things:block_of_brown_dye":55,"colouredstuff:fence_planks_green":8,"sf5_things:block_of_lime_dye":21,"woodenbucket:wooden_bucket":5,"minecraft:cobblestone_slab":1,"silentgear:paxel":7,"silentgear:paxel_blueprint":2,"minecraft:andesite":3,"minecraft:barrel":24,"minecraft:light_gray_dye":1057,"colouredstuff:log_stripped_brown":1,"bhc:red_heart":1,"botania:blue_petal":2},"minecraft:used":{"minecraft:cherry_sapling":21,"exnihilocoloratus:none_barrel":2,"colouredstuff:fence_planks_green":4,"silentgear:sword":56,"botania:white_petal":2,"colouredstuff:sapling_green":11,"botania:light_blue_petal":2,"minecraft:stone":27,"obtrophies:trophy":1,"colouredstuff:trapdoor_planks_brown":36,"minecraft:player_head":3,"create:fluid_tank":31,"create:cogwheel":120,"exnihilosequentia:cooked_silkworm":1,"colouredstuff:crafting_table_cyan":1,"create:depot":22,"create:speedometer":6,"colored_torches:white_torch":14,"minecraft:glass":35,"colored_torches:black_torch":1,"minecraft:lava_bucket":4,"minecraft:grass_block":73,"create:millstone":18,"minecraft:stone_bricks":13,"create:andesite_funnel":17,"minecraft:item_frame":1,"colouredstuff:slab_planks_brown":1467,"silentgear:paxel":2848,"create:shaft":81,"minecraft:furnace":18,"sf5_things:brown_apple":11,"tintedcampfires:green_campfire":2,"minecraft:beetroot_seeds":1,"create:polished_cut_dripstone_wall":1,"colouredstuff:planks_none":6,"botania:brown_petal":2,"ars_nouveau:blue_archwood_sapling":2,"colouredstuff:planks_brown":30,"colouredstuff:sapling_orange":1,"colouredstuff:sapling_brown":59,"exnihilocoloratus:brown_barrel":8,"minecraft:sugar_cane":3,"create:spout":4,"minecraft:sand":8,"botania:fertilizer":20,"minecraft:shears":1316,"colouredstuff:slab_planks_none":66,"additionallanterns:white_smooth_stone_lantern":4,"colouredstuff:dirt_lime":5,"ars_nouveau:archwood_fence":1,"colouredstuff:stairs_planks_brown":25,"sf5_things:blue_apple":3,"create:andesite_casing":11,"minecraft:gravel":348,"sophisticatedstorage:chest":36,"snad:snad":4,"colouredstuff:sapling_gray":4,"create:basin":6,"exnihilosequentia:stone_hammer":605,"botania:pure_daisy":1,"colouredstuff:dirt_none":1,"create:stressometer":3,"minecraft:andesite":42,"sf5_things:block_of_black_dye":14,"create:vertical_gearbox":32,"minecraft:bone_meal":668,"create:large_cogwheel":60,"exnihilosequentia:wooden_hammer":5,"minecraft:flint_and_steel":1,"colored_torches:green_torch":4,"botania:white_double_flower":1,"minecraft:netherrack":2,"exnihilocoloratus:green_crucible":4,"simpletomb:grave_key":8,"colouredstuff:leaves_green":109,"gateways:gate_pearl":1,"thermal:eggplant_seeds":1,"create:mechanical_mixer":5,"create:mechanical_pump":22,"minecraft:dirt":64,"minecraft:hopper":6,"colouredstuff:sapling_none":7,"botania:twig_wand":4,"create:chute":4,"colouredstuff:leaves_brown":1,"colouredstuff:planks_lime":4,"minecraft:stone_brick_slab":18,"colouredstuff:slab_planks_green":202,"colouredstuff:crafting_table_brown":2,"exnihilosequentia:infested_leaves":17,"create:wrench":469,"colored_torches:blue_torch":62,"create:gearbox":10,"silentgear:shears":1010,"extractinator:extractinator":1,"minecraft:barrel":1,"create:encased_chain_drive":40,"colouredstuff:planks_black":30,"colouredstuff:planks_green":42,"botania:mana_pool":2,"create:fluid_pipe":49,"minecraft:cooked_beef":30,"minecraft:cherry_log":9,"sophisticatedstorage:basic_to_copper_tier_upgrade":1,"create:belt_connector":20,"sophisticatedstorage:limited_barrel_3":1,"exnihilosequentia:fired_crucible":2,"minecraft:wheat_seeds":25,"minecraft:water_bucket":7,"colouredstuff:log_gray":9,"botania:endoflame":2,"colouredstuff:log_brown":281,"colouredstuff:sapling_blue":32,"botania:brown_mystical_flower":1,"colouredstuff:log_lime":38,"minecraft:cobblestone_slab":413,"create:encased_fan":9,"silentgear:sickle":508,"silentgear:axe":644,"colouredstuff:fence_planks_brown":52,"botania:apothecary_default":1,"create:filter":5,"colouredstuff:log_stripped_lime":30,"colouredstuff:log_stripped_brown":4,"colouredstuff:crafting_table_none":1,"colouredstuff:slab_planks_blue":205,"create:mechanical_press":8,"craftingstation:crafting_station":6,"colouredstuff:crafting_table_light_gray":1,"create:large_water_wheel":18,"sophisticatedstorage:copper_chest":2,"sf5_things:block_of_white_dye":1,"minecraft:cobblestone":598,"colouredstuff:log_stripped_gray":4,"colouredstuff:log_green":18,"luphieclutteredmod:blue_bicycle":2,"minecraft:bucket":8,"colouredstuff:log_none":2,"create:hand_crank":5},"minecraft:mined":{"botania:mana_pool":2,"botania:red_mystical_flower":2,"create:andesite_casing":38,"minecraft:cherry_log":176,"botania:stripped_livingwood_log":1,"botania:livingwood_log":15,"minecraft:grass_block":15,"colouredstuff:sapling_lime":3,"snad:snad":1,"colored_torches:wall_white_torch":2,"colouredstuff:fence_planks_green":16,"colouredstuff:leaves_green":665,"botania:apothecary_default":1,"colouredstuff:crafting_table_light_gray":1,"colouredstuff:log_lime":1,"colouredstuff:log_stripped_gray":13,"minecraft:barrel":1,"minecraft:fire":1,"colouredstuff:slab_planks_none":97,"colouredstuff:log_none":13,"sophisticatedstorage:chest":18,"colouredstuff:leaves_blue":608,"colouredstuff:log_green":90,"colouredstuff:slab_planks_lime":1,"colouredstuff:slab_planks_blue":115,"botania:green_mystical_flower":1,"create:cogwheel":7,"colouredstuff:door_planks_green":1,"craftingstation:crafting_station_slab":2,"minecraft:player_wall_head":2,"additionallanterns:white_smooth_stone_lantern":2,"sf5_things:block_of_yellow_dye":27,"tintedcampfires:green_campfire":3,"colored_torches:white_torch":3,"colouredstuff:stairs_planks_brown":23,"colouredstuff:log_blue":144,"botania:endoflame":2,"minecraft:glass":35,"minecraft:cobblestone":556,"colouredstuff:dirt_brown":8,"create:polished_cut_dripstone_wall":1,"colouredstuff:sapling_none":3,"minecraft:seagrass":2,"sf5_things:block_of_orange_dye":31,"create:andesite_belt_funnel":1,"botania:light_blue_buried_petals":1,"minecraft:wheat":7,"exnihilocoloratus:brown_barrel":6,"colouredstuff:crafting_table_cyan":1,"minecraft:beetroots":4,"exnihilocoloratus:none_barrel":1,"create:hand_crank":4,"minecraft:sand":11,"minecraft:dirt":36,"create:encased_chain_drive":5,"exnihilocoloratus:green_crucible":3,"minecraft:netherrack":1,"colored_torches:blue_torch":10,"exnihilosequentia:infested_leaves":97,"ars_nouveau:blue_archwood_sapling":1,"colouredstuff:leaves_brown":2394,"luphieclutteredmod:blue_bicycle":1,"sf5_things:colorless_leaves":8,"create:millstone":3,"colouredstuff:log_stripped_none":5,"minecraft:cherry_sapling":4,"colouredstuff:planks_brown":7,"create:large_cogwheel":8,"colouredstuff:log_stripped_green":18,"botania:brown_double_flower":3,"create:depot":1,"ars_nouveau:archwood_fence":1,"obtrophies:trophy":1,"colouredstuff:slab_planks_brown":199,"sf5_things:block_of_gray_dye":39,"create:shaft":6,"minecraft:furnace":11,"immersiveengineering:hemp":3,"colouredstuff:log_gray":23,"colored_torches:black_torch":1,"sf5_things:block_of_black_dye":45,"minecraft:andesite":42,"colouredstuff:leaves_none":64,"minecraft:cobblestone_slab":136,"minecraft:vine":33,"botania:livingrock":24,"botania:light_blue_double_flower":1,"minecraft:stone":3,"colouredstuff:dirt_lime":17,"sf5_things:block_of_green_dye":10,"sophisticatedstorage:limited_barrel_3":1,"colouredstuff:log_stripped_brown":4,"sf5_things:block_of_white_dye":46,"colouredstuff:sapling_green":1,"colouredstuff:planks_green":25,"colouredstuff:dirt_none":1,"colouredstuff:planks_lime":6,"create:mechanical_pump":3,"colouredstuff:leaves_gray":192,"exnihilosequentia:fired_crucible":3,"sophisticatedstorage:copper_chest":2,"botania:white_double_flower":3,"ars_nouveau:blue_archwood_leaves":175,"colouredstuff:log_brown":578,"craftingstation:crafting_station":4,"ars_nouveau:blue_archwood_log":55,"colouredstuff:trapdoor_planks_brown":4,"create:gearbox":7,"colouredstuff:slab_planks_black":29,"colouredstuff:log_stripped_lime":30,"colouredstuff:sapling_blue":2,"minecraft:bee_nest":1,"colouredstuff:fence_planks_brown":32,"botania:white_mystical_flower":1,"sf5_things:block_of_light_gray_dye":89,"minecraft:cherry_leaves":1130,"minecraft:gravel":349,"colouredstuff:slab_planks_green":150,"colouredstuff:planks_black":20,"colored_torches:green_torch":3,"minecraft:stone_bricks":13},"minecraft:killed_by":{"minecraft:cow":2},"minecraft:broken":{"woodenbucket:wooden_bucket":1}},"DataVersion":3465}