{"stats":{"minecraft:used":{"craftingstation:crafting_station_slab":2,"exnihilocoloratus:none_barrel":2,"colouredstuff:fence_planks_green":14,"silentgear:sword":508,"cyclic:hopper_fluid":8,"colouredstuff:sapling_green":6,"immersiveengineering:seed":3,"colouredstuff:door_planks_black":2,"minecraft:stone":1,"obtrophies:trophy":2,"minecraft:player_head":1,"colouredstuff:sapling_black":21,"minecraft:item_frame":1,"silentgear:paxel":246,"minecraft:furnace":1,"sf5_things:brown_apple":11,"tintedcampfires:green_campfire":1,"minecraft:beetroot_seeds":3,"sf5_things:darktoasto":2,"colouredstuff:sapling_orange":3,"colouredstuff:sapling_brown":15,"exnihilocoloratus:brown_barrel":1,"exnihilosequentia:stone_barrel":4,"minecraft:sand":7,"colouredstuff:log_orange":18,"colouredstuff:sapling_lime":19,"minecraft:dripstone_block":1,"silentgear:mattock":20,"additionallanterns:white_smooth_stone_lantern":8,"colouredstuff:slab_planks_none":41,"colouredstuff:dirt_lime":2,"minecraft:gravel":139,"sophisticatedstorage:chest":14,"colouredstuff:sapling_gray":6,"colouredstuff:dirt_none":1,"exnihilosequentia:stone_hammer":148,"colouredstuff:door_planks_green":2,"exnihilosequentia:silkworm":24,"minecraft:bone_meal":40,"exnihilosequentia:wooden_hammer":129,"colouredstuff:slab_planks_black":88,"colored_torches:green_torch":9,"exnihilocoloratus:green_crucible":3,"simpletomb:grave_key":4,"gateways:gate_pearl":6,"colouredstuff:leaves_green":3,"colouredstuff:slab_planks_lime":61,"minecraft:dirt":16,"exnihilosequentia:grass_seeds":13,"sf5_things:gray_apple":5,"colouredstuff:sapling_none":4,"minecraft:wooden_axe":23,"colouredstuff:planks_lime":22,"colouredstuff:slab_planks_green":73,"silentgear:shears":6,"colouredstuff:planks_black":53,"colouredstuff:planks_green":21,"exnihilosequentia:fired_crucible":1,"minecraft:wheat_seeds":5,"colouredstuff:log_gray":40,"colouredstuff:sapling_blue":2,"colouredstuff:log_brown":36,"colouredstuff:sapling_white":8,"sf5_things:white_apple":4,"minecraft:cobblestone_slab":323,"silentgear:sickle":809,"colouredstuff:planks_gray":14,"silentgear:axe":465,"cyclic:hopper":8,"colouredstuff:fence_planks_black":26,"colouredstuff:log_black":19,"silentgear:hammer":4,"minecraft:cobblestone":181,"colouredstuff:log_stripped_gray":1,"colouredstuff:log_green":25,"colouredstuff:log_none":5},"minecraft:killed":{"minecraft:zombie":12,"minecraft:cow":24,"earthmobsmod:wither_skeleton_wolf":12,"minecraft:wither_skeleton":40},"minecraft:broken":{"woodenbucket:wooden_bucket":2},"minecraft:mined":{"colouredstuff:leaves_black":688,"colouredstuff:sapling_lime":5,"colouredstuff:sapling_black":4,"colouredstuff:fence_planks_green":2,"colouredstuff:leaves_green":127,"colouredstuff:leaves_orange":218,"colouredstuff:log_lime":121,"colouredstuff:log_stripped_gray":41,"colouredstuff:fence_planks_black":4,"minecraft:fire":1,"colouredstuff:log_black":62,"colouredstuff:slab_planks_none":7,"colouredstuff:log_none":13,"sophisticatedstorage:chest":3,"colouredstuff:planks_gray":5,"colouredstuff:log_green":40,"colouredstuff:leaves_blue":54,"colouredstuff:slab_planks_lime":1,"minecraft:player_head":1,"colouredstuff:log_white":61,"cyclic:hopper":7,"colouredstuff:leaves_lime":1016,"additionallanterns:white_smooth_stone_lantern":2,"colouredstuff:log_blue":5,"cyclic:hopper_fluid":3,"minecraft:cobblestone":147,"colouredstuff:leaves_white":472,"colouredstuff:sapling_none":1,"minecraft:seagrass":2,"minecraft:wither_rose":1,"minecraft:grass":18,"exnihilocoloratus:none_barrel":2,"minecraft:sand":4,"exnihilocoloratus:green_crucible":4,"exnihilosequentia:infested_leaves":26,"colouredstuff:leaves_brown":851,"sf5_things:colorless_leaves":49,"colouredstuff:log_stripped_none":1,"colouredstuff:crafting_table_none":1,"colouredstuff:log_stripped_green":20,"colouredstuff:planks_none":6,"obtrophies:trophy":1,"colouredstuff:slab_planks_brown":1,"colouredstuff:log_gray":29,"colouredstuff:sapling_brown":3,"minecraft:cobblestone_slab":30,"minecraft:vine":10,"colouredstuff:leaves_none":100,"colouredstuff:log_stripped_black":37,"colouredstuff:sapling_gray":1,"minecraft:stone":1,"colouredstuff:dirt_lime":2,"colouredstuff:log_stripped_brown":33,"colouredstuff:sapling_green":2,"colouredstuff:planks_green":6,"colouredstuff:dirt_none":1,"colouredstuff:planks_lime":1,"exnihilosequentia:stone_barrel":2,"colouredstuff:leaves_gray":278,"minecraft:tall_grass":16,"colouredstuff:log_stripped_orange":18,"colouredstuff:log_brown":87,"colouredstuff:log_orange":23,"colouredstuff:slab_planks_black":3,"colouredstuff:sapling_blue":1,"minecraft:bee_nest":1,"colouredstuff:sapling_orange":1,"minecraft:gravel":138,"minecraft:dripstone_block":1,"colouredstuff:slab_planks_green":2,"colouredstuff:planks_black":6,"colored_torches:green_torch":4},"minecraft:picked_up":{"minecraft:seagrass":2,"minecraft:wheat":5,"colouredstuff:log_green":42,"simplehats:hatbag_rare":1,"minecraft:wither_rose":1,"colouredstuff:log_stripped_black":37,"silentgear:sinew":6,"minecraft:string":26,"simplehats:triangleshades":1,"colouredstuff:crafting_table_none":1,"minecraft:beetroot":3,"mysticalagriculture:inferium_essence":81,"colouredstuff:sapling_gray":20,"mysticalagriculture:none_crop_seeds":9,"minecraft:cobblestone_slab":34,"limbs:zombie_left_leg":1,"colouredstuff:sapling_white":46,"minecraft:stick":180,"colouredstuff:planks_none":6,"colouredstuff:log_orange":23,"colouredstuff:log_black":59,"gateways:gate_pearl":1,"sf5_things:brown_apple":47,"woodenbucket:wooden_bucket":3,"minecraft:black_dye":175,"exnihilosequentia:wooden_hammer":1,"colouredstuff:planks_green":2,"minecraft:blue_dye":2,"supplementaries:ash":225,"cyclic:hopper":7,"silentgear:sickle":1,"silentgear:template_board":584,"minecraft:cobblestone":45,"limbs:wither_skeleton_torso":1,"colouredstuff:sapling_orange":23,"colouredstuff:planks_gray":3,"colouredstuff:log_white":61,"minecraft:andesite":1,"sf5_things:block_of_lime_dye":22,"sf5_things:black_apple":41,"minecraft:dirt":17,"immersiveengineering:hemp_fiber":21,"bhc:red_heart":3,"colouredstuff:sapling_green":17,"minecraft:bone":33,"minecraft:wheat_seeds":13,"obtrophies:trophy":4,"sophisticatedstorage:chest":3,"simplehats:hatbag_uncommon":2,"colouredstuff:log_stripped_green":21,"simplehats:spyzombie":1,"simplehats:zigzagwitchhat":1,"minecraft:sand":144,"colouredstuff:log_stripped_orange":18,"sf5_things:block_of_brown_dye":11,"exnihilosequentia:silkworm":397,"colouredstuff:sapling_black":69,"colouredstuff:door_planks_green":1,"colouredstuff:log_brown":87,"colored_torches:green_torch":4,"minecraft:clay":15,"colouredstuff:leaves_green":47,"colouredstuff:sapling_none":18,"colouredstuff:log_blue":5,"lootbags:loot_bag":22,"colouredstuff:log_stripped_brown":32,"minecraft:charcoal":1,"minecraft:cocoa_beans":3,"colouredstuff:sapling_brown":98,"simplehats:pighead":1,"colouredstuff:fence_planks_black":2,"colouredstuff:sapling_blue":10,"colouredstuff:sapling_lime":103,"colouredstuff:dirt_lime":2,"sf5_things:none_apple":6,"minecraft:beef":33,"sf5_things:green_apple":11,"cyclic:hopper_fluid":3,"colouredstuff:slab_planks_lime":2,"minecraft:orange_dye":9,"sf5_things:orange_apple":14,"minecraft:gray_dye":13,"silentgear:hammer":1,"minecraft:white_dye":27,"minecraft:brown_dye":40,"additionallanterns:white_smooth_stone_lantern":2,"silentgear:paxel_blueprint":2,"colouredstuff:leaves_lime":4,"minecraft:beetroot_seeds":12,"exnihilocoloratus:none_barrel":2,"exnihilosequentia:stone_barrel":1,"colouredstuff:slab_planks_none":4,"colouredstuff:dirt_none":1,"sf5_things:block_of_white_dye":18,"minecraft:leather":13,"sf5_things:blue_apple":4,"bhc:wither_bone":7,"create:andesite_alloy":1,"sf5_things:block_of_blue_dye":12,"colouredstuff:log_gray":29,"colouredstuff:planks_black":1,"colouredstuff:slab_planks_green":15,"silentgear:shield":1,"sf5_things:lime_apple":41,"sf5_things:gray_apple":15,"colouredstuff:planks_lime":1,"colouredstuff:log_stripped_gray":40,"sf5_things:block_of_gray_dye":11,"minecraft:green_dye":77,"exnihilocoloratus:green_crucible":4,"minecraft:dripstone_block":1,"minecraft:gravel":137,"forcecraft:recovery_heart":3,"colouredstuff:log_none":11,"sf5_things:white_apple":18,"minecraft:lime_dye":64,"simplehats:baseballeaster":1,"immersiveengineering:seed":9,"colouredstuff:log_lime":120,"colouredstuff:slab_planks_black":2,"colouredstuff:log_stripped_none":1,"minecraft:coal":10,"silentgear:sword":2},"minecraft:killed_by":{"ars_nouveau:whirlisprig":1,"earthmobsmod:wither_skeleton_wolf":1},"minecraft:custom":{"minecraft:animals_bred":1,"minecraft:leave_game":11,"minecraft:time_since_death":291706,"minecraft:sprint_one_cm":27774,"minecraft:drop":30,"minecraft:play_time":677134,"minecraft:deaths":4,"minecraft:jump":801,"minecraft:walk_on_water_one_cm":3413,"minecraft:interact_with_furnace":32,"minecraft:damage_dealt":16258,"minecraft:crouch_one_cm":4695,"minecraft:mob_kills":91,"minecraft:interact_with_campfire":225,"minecraft:damage_dealt_resisted":0,"minecraft:climb_one_cm":1397,"minecraft:walk_one_cm":1750009,"gateways:gates_defeated":3,"minecraft:damage_dealt_absorbed":40,"minecraft:sneak_time":2164,"minecraft:total_world_time":677134,"minecraft:time_since_rest":291746,"minecraft:damage_taken":2474,"minecraft:fly_one_cm":10846,"minecraft:open_chest":363,"minecraft:fall_one_cm":122642},"minecraft:dropped":{"minecraft:clay":1,"minecraft:leather":2,"lootbags:loot_bag":1,"minecraft:dirt":1,"exnihilosequentia:wooden_hammer":1,"minecraft:sand":40,"minecraft:gravel":1,"minecraft:wheat":2,"supplementaries:ash":5,"silentgear:sword":2,"minecraft:white_dye":1,"colouredstuff:sapling_white":1,"minecraft:beef":2,"minecraft:wheat_seeds":1,"minecraft:string":1,"minecraft:player_head":1,"silentgear:hammer":1,"sf5_things:block_of_lime_dye":1,"woodenbucket:wooden_bucket":5,"silentgear:paxel_blueprint":2,"bhc:red_heart":1},"minecraft:crafted":{"minecraft:brick":29,"minecraft:black_dye":1,"minecraft:cobblestone_slab":738,"colouredstuff:planks_brown":41,"colouredstuff:fence_planks_green":18,"minecraft:grass":4,"minecraft:stone":18,"exnihilosequentia:unfired_crucible":1,"colouredstuff:slab_planks_lime":108,"colouredstuff:sapling_gray":1,"minecraft:bookshelf":2,"exnihilosequentia:stone_barrel":2,"minecraft:green_dye":3,"colouredstuff:planks_gray":40,"colouredstuff:slab_planks_black":252,"colouredstuff:planks_none":24,"minecraft:item_frame":1,"colouredstuff:slab_planks_green":144,"colouredstuff:sapling_black":2,"colouredstuff:slab_planks_none":42,"colouredstuff:door_planks_green":3,"colouredstuff:fence_planks_black":24,"minecraft:brown_dye":2,"exnihilosequentia:fired_crucible":1,"craftingstation:crafting_station":1,"silentgear:blueprint_paper":12,"colouredstuff:door_planks_black":3,"exnihilosequentia:wooden_hammer":1,"colored_torches:green_torch":8,"minecraft:book":9,"minecraft:paper":87,"exnihilosequentia:stone_hammer":1,"minecraft:stick":92,"minecraft:stone_slab":6,"colouredstuff:slab_planks_brown":30,"silentgear:paxel_blueprint":2,"woodenbucket:wooden_bucket":8,"cyclic:hopper":9,"exnihilosequentia:grass_seeds":67,"silentgear:rod":4,"exnihilosequentia:porcelain_clay":7,"minecraft:furnace":1,"minecraft:sugar_cane":88,"minecraft:gray_dye":2,"minecraft:bone_meal":45,"exnihilocoloratus:brown_barrel":1,"tintedcampfires:green_campfire":1,"sf5_things:orange_apple":3,"colouredstuff:planks_lime":132,"minecraft:lime_dye":85,"cyclic:hopper_fluid":5,"minecraft:clay_ball":24,"minecraft:dripstone_block":9,"minecraft:red_dye":1,"colouredstuff:planks_green":76,"eccentrictome:tome":2,"colouredstuff:planks_black":134,"minecraft:orange_dye":2,"minecraft:air":1123,"minecraft:blue_dye":45,"craftingstation:crafting_station_slab":2,"sophisticatedstorage:chest":22,"minecraft:cobblestone":279,"minecraft:white_dye":118,"minecraft:wooden_axe":1}},"DataVersion":3465}