{"stats":{"minecraft:mined":{"botania:mana_pool":2,"botania:red_mystical_flower":4,"create:andesite_casing":39,"minecraft:cherry_log":1054,"minecraft:obsidian":12,"botania:livingwood_log":23,"colouredstuff:sapling_light_gray":2,"snad:snad":7,"minecraft:coal_block":1,"sophisticatedstorage:controller":1,"minecraft:hopper":4,"botania:light_gray_mystical_flower":1,"colouredstuff:leaves_green":665,"minecraft:spawner":6,"colouredstuff:log_lime":1,"colouredstuff:log_red":9,"botania:purple_mystical_flower":1,"minecraft:barrel":5,"minecraft:fire":196,"cyclic:item_pipe":30,"colouredstuff:planks_gray":2,"minecraft:oak_stairs":2,"colouredstuff:log_green":90,"colouredstuff:slab_planks_lime":1,"botania:light_blue_mystical_flower":2,"minecraft:player_head":1,"botania:alchemy_catalyst":1,"botania:green_mystical_flower":1,"create:cogwheel":7,"minecraft:player_wall_head":2,"sf5_things:block_of_yellow_dye":27,"tintedcampfires:green_campfire":3,"sophisticatedstorage:diamond_chest":4,"colored_torches:white_torch":4,"colouredstuff:stairs_planks_brown":51,"minecraft:glass":61,"botania:endoflame":2,"colouredstuff:dirt_brown":8,"minecraft:sugar_cane":5,"colouredstuff:sapling_none":3,"create:andesite_belt_funnel":1,"colouredstuff:stairs_planks_purple":3,"sophisticatedbackpacks:diamond_backpack":1,"minecraft:wheat":45,"minecraft:stone_brick_stairs":29,"minecraft:grass":61,"exnihilocoloratus:brown_barrel":10,"exnihilocoloratus:none_barrel":1,"colouredstuff:crafting_table_cyan":4,"colouredstuff:stairs_planks_blue":5,"create:hand_crank":4,"colouredstuff:dirt_white":9,"exnihilocoloratus:green_crucible":3,"colored_torches:wall_blue_torch":4,"minecraft:stonecutter":2,"colored_torches:blue_torch":14,"colouredstuff:leaves_brown":2950,"luphieclutteredmod:blue_bicycle":1,"create:millstone":3,"extractinator:extractinator":1,"minecraft:cherry_sapling":5,"colouredstuff:planks_brown":19,"colouredstuff:log_stripped_green":18,"minecraft:redstone_wire":20,"ars_nouveau:archwood_fence":1,"obtrophies:trophy":1,"botania:magenta_mystical_flower":1,"create:shaft":9,"colouredstuff:log_gray":23,"colored_torches:black_torch":3,"minecraft:andesite":46,"minecraft:cobblestone_slab":244,"minecraft:vine":75,"colouredstuff:dirt_lime":17,"minecraft:oak_slab":23,"sf5_things:block_of_green_dye":10,"botania:lime_mystical_flower":1,"minecraft:redstone_block":5,"minecraft:cherry_planks":25,"minecraft:comparator":4,"colouredstuff:sapling_green":1,"minecraft:stone_brick_slab":52,"colouredstuff:dirt_none":1,"create:fluid_pipe":8,"create:mechanical_pump":3,"colouredstuff:leaves_gray":192,"minecraft:campfire":1,"exnihilosequentia:fired_crucible":5,"minecraft:tall_grass":8,"craftingstation:crafting_station":5,"create:redstone_link":1,"create:mechanical_saw":1,"colouredstuff:trapdoor_planks_brown":41,"create:gearbox":8,"colouredstuff:slab_planks_black":29,"colouredstuff:fence_planks_brown":62,"botania:white_mystical_flower":1,"sf5_things:block_of_light_gray_dye":89,"minecraft:gravel":351,"colouredstuff:slab_planks_green":151,"minecraft:stone_bricks":616,"create:andesite_funnel":1,"minecraft:oak_sapling":19,"minecraft:farmland":17,"colouredstuff:leaves_red":133,"botania:stripped_livingwood_log":1,"minecraft:grass_block":404,"colouredstuff:sapling_lime":3,"colored_torches:wall_white_torch":3,"colouredstuff:fence_planks_green":16,"colouredstuff:crafting_table_light_gray":1,"colouredstuff:log_stripped_gray":13,"botania:apothecary_default":1,"supplementaries:ash":4,"colouredstuff:slab_planks_none":97,"colouredstuff:log_none":13,"sophisticatedstorage:chest":57,"ars_nouveau:red_archwood_log":60,"colouredstuff:leaves_blue":608,"colouredstuff:slab_planks_blue":115,"colouredstuff:door_planks_green":1,"craftingstation:crafting_station_slab":2,"additionallanterns:white_smooth_stone_lantern":2,"ars_nouveau:stripped_green_archwood_log":1,"colouredstuff:log_blue":144,"minecraft:cobblestone":757,"botania:blue_mystical_flower":2,"colouredstuff:leaves_light_gray":97,"botania:light_gray_buried_petals":2,"minecraft:oak_planks":3,"ars_nouveau:scribes_table":2,"botania:light_gray_double_flower":15,"ars_nouveau:red_archwood_leaves":211,"create:polished_cut_dripstone_wall":7,"minecraft:wall_torch":1,"create:large_water_wheel":1,"minecraft:seagrass":2,"sf5_things:block_of_orange_dye":32,"botania:light_blue_buried_petals":1,"sophisticatedstorage:storage_output":1,"colouredstuff:brick_light_gray":9,"minecraft:oak_log":1129,"minecraft:beetroots":4,"minecraft:sand":19,"minecraft:dirt":280,"create:encased_chain_drive":8,"minecraft:netherrack":4,"exnihilosequentia:infested_leaves":97,"minecraft:oak_leaves":5505,"ars_nouveau:blue_archwood_sapling":1,"sf5_things:colorless_leaves":8,"ars_nouveau:green_archwood_leaves":69,"colouredstuff:log_stripped_none":5,"minecraft:lever":1,"create:large_cogwheel":8,"botania:brown_double_flower":8,"create:depot":5,"thermal:device_composter":1,"colouredstuff:log_light_gray":54,"colouredstuff:slab_planks_brown":963,"ars_nouveau:magebloom_crop":5,"sf5_things:block_of_gray_dye":39,"minecraft:furnace":11,"immersiveengineering:hemp":9,"sf5_things:block_of_black_dye":45,"colouredstuff:sapling_brown":1,"create:small_dripstone_brick_wall":2,"botania:livingrock":24,"colouredstuff:leaves_none":64,"minecraft:stripped_oak_log":5,"botania:pure_daisy":1,"botania:light_blue_double_flower":1,"minecraft:stone":5,"ars_nouveau:purple_archwood_log":128,"minecraft:redstone_wall_torch":2,"sophisticatedstorage:limited_barrel_3":1,"minecraft:scaffolding":34,"colouredstuff:log_stripped_brown":6,"ars_nouveau:green_archwood_log":74,"sf5_things:block_of_white_dye":47,"colouredstuff:planks_green":25,"colouredstuff:planks_lime":7,"minecraft:crafting_table":1,"sophisticatedstorage:copper_chest":8,"colouredstuff:dirt_light_gray":21,"botania:white_double_flower":3,"ars_nouveau:blue_archwood_leaves":175,"colouredstuff:log_brown":905,"botania:pink_mystical_flower":2,"botania:red_double_flower":8,"botania:cyan_mystical_flower":1,"ars_nouveau:blue_archwood_log":55,"ars_nouveau:purple_archwood_leaves":200,"minecraft:redstone_torch":3,"colouredstuff:log_stripped_lime":30,"colouredstuff:sapling_blue":2,"minecraft:bee_nest":1,"botania:yellow_mystical_flower":1,"minecraft:cherry_leaves":4638,"colouredstuff:planks_black":20,"colored_torches:green_torch":3,"create:andesite_encased_shaft":1},"minecraft:picked_up":{"minecraft:seagrass":1,"create:spout":1,"create:polished_cut_dripstone_wall":7,"minecraft:oak_stairs":2,"create:wrench":1,"sophisticatedstorage:stack_upgrade_tier_4":1,"botania:light_blue_double_flower":1,"minecraft:string":80,"minecraft:beetroot":6,"botania:light_gray_double_flower":14,"mysticalagriculture:none_crop_seeds":5,"thermal:eggplant":6,"colouredstuff:dirt_white":9,"simplehats:shrekears":1,"colouredstuff:planks_purple":2,"minecraft:coal_block":1,"sf5_things:rgb_dye":24,"ars_nouveau:ring_of_greater_discount":4,"create:andesite_casing":43,"colouredstuff:log_black":3,"minecraft:cherry_log":1091,"sophisticatedstorage:controller":1,"openstairs:open_oak_stairs_inside":32,"sf5_things:brown_apple":101,"minecraft:black_dye":7,"woodenbucket:wooden_bucket":10,"botania:white_mystical_flower":1,"cyclic:item_pipe":29,"botania:livingrock":24,"ars_nouveau:worn_notebook":1,"ars_nouveau:apprentice_spell_book":3,"minecraft:blue_dye":28,"simplehats:dumhat":1,"minecraft:bookshelf":2,"botania:livingwood_log":23,"thermal:slag":64,"supplementaries:ash":76,"minecraft:blaze_rod":33,"silentgear:template_board":512,"ars_nouveau:manipulation_essence":1,"silentgear:paxel":7,"minecraft:cooked_beef":91,"minecraft:feather":8,"minecraft:oxidized_copper":1,"minecraft:cherry_leaves":4390,"minecraft:water_bucket":1,"colouredstuff:log_red":9,"ars_nouveau:magebloom":10,"minecraft:flint":159,"ars_nouveau:scribes_table":3,"botania:white_double_flower":1,"simplehats:hatbag_epic":2,"create:encased_chain_drive":7,"bhc:red_heart":3,"minecraft:stonecutter":2,"sophisticatedstorage:chest":56,"create:goggles":1,"create:shaft":70,"create:small_dripstone_brick_wall":2,"simplehats:easterhead":1,"simplehats:hatbag_uncommon":2,"colouredstuff:log_stripped_green":17,"botania:mana_pool":2,"botania:red_mystical_flower":4,"patchouli:guide_book":1,"openstairs:open_oak_stairs":28,"minecraft:fermented_spider_eye":1,"colouredstuff:sapling_black":5,"ars_nouveau:wilden_horn":10,"minecraft:barrel":29,"exnihilosequentia:silkworm":310,"sf5_things:block_of_black_dye":164,"colored_torches:green_torch":9,"minecraft:lever":14,"thermal:eggplant_seeds":2,"colouredstuff:fence_planks_brown":78,"minecraft:cyan_dye":86,"thermal:copper_plate":17,"lootbags:loot_bag":17,"colouredstuff:log_stripped_brown":8,"ars_nouveau:red_archwood_log":60,"minecraft:crafting_table":1,"minecraft:clay_ball":148,"sf5_things:light_gray_apple":12,"colouredstuff:sapling_blue":36,"create:fluid_pipe":10,"ars_nouveau:battlemage_hood":2,"botania:endoflame":7,"minecraft:flint_and_steel":1,"minecraft:compass":1,"create:redstone_link":4,"simplehats:baseballhat":1,"colouredstuff:fence_planks_green":16,"botania:pure_daisy":2,"minecraft:beef":188,"ars_nouveau:stripped_green_archwood_log":1,"sf5_things:green_apple":8,"minecraft:iron_nugget":24,"colored_torches:black_torch":10,"create:clutch":3,"ars_nouveau:fire_essence":3,"minecraft:egg":144,"ars_nouveau:purple_archwood_log":128,"minecraft:stone":1424,"colouredstuff:slab_planks_brown":932,"simplehats:hatbag_common":10,"ars_nouveau:air_essence":1,"colouredstuff:stairs_planks_brown":50,"sophisticatedbackpacks:crafting_upgrade":1,"minecraft:fire_charge":2,"sf5_things:block_of_purple_dye":12,"colouredstuff:leaves_blue":188,"minecraft:white_dye":6,"minecraft:carrot":1,"minecraft:redstone":24,"sf5_things:block_of_light_gray_dye":1928,"thermal:device_composter":1,"sf5_things:block_of_cyan_dye":779,"create:vertical_gearbox":10,"botania:brown_petal":2,"ars_nouveau:green_archwood_log":74,"silentgear:paxel_blueprint":2,"minecraft:beetroot_seeds":17,"botania:apothecary_default":1,"botania:blue_mystical_flower":4,"exnihilocoloratus:none_barrel":1,"create:depot":5,"minecraft:gold_ingot":562,"botania:green_mystical_flower":2,"extractinator:extractinator":2,"minecraft:stripped_oak_log":15,"botania:light_blue_petal":1,"minecraft:clock":1,"minecraft:yellow_dye":444,"ars_nouveau:battlemage_robes":3,"sf5_things:blue_apple":21,"create_sabers:brass_saber_white_off":1,"botania:red_petal":1,"ars_nouveau:wilden_wing":4,"minecraft:oak_log":9652,"minecraft:paper":110,"colouredstuff:log_gray":23,"colouredstuff:planks_black":20,"minecraft:spawner":3,"sf5_things:block_of_red_dye":278,"minecraft:apple":899,"simplehats:rabi_en_rose":1,"minecraft:stone_bricks":573,"minecraft:kelp":55,"ars_nouveau:water_essence":1,"colouredstuff:planks_lime":6,"colouredstuff:stairs_planks_purple":3,"sf5_things:block_of_gray_dye":1387,"create:mechanical_saw":1,"minecraft:milk_bucket":1,"minecraft:gravel":905,"openstairs:open_oak_stairs_outside":28,"colored_torches:white_torch":10,"exnihilosequentia:infested_leaves":17,"colouredstuff:stairs_planks_blue":5,"forcecraft:recovery_heart":2,"create:gearbox":2,"ars_nouveau:battlemage_leggings":2,"botania:red_double_flower":8,"create:millstone":5,"colouredstuff:log_stripped_lime":30,"immersiveengineering:seed":31,"create:mechanical_pump":5,"minecraft:painting":1,"colouredstuff:log_light_gray":68,"silentgear:axe":1,"colouredstuff:log_stripped_none":5,"sf5_things:block_of_orange_dye":104,"botania:brown_mystical_flower":1,"minecraft:pink_dye":1,"minecraft:hopper":5,"minecraft:ender_pearl":3,"ars_nouveau:magebloom_crop":6,"simplehats:fro":5,"minecraft:wheat":80,"colouredstuff:log_green":85,"minecraft:redstone_block":5,"simplehats:hatbag_rare":4,"create:mechanical_crafter":1,"simplehats:rednose":1,"minecraft:stone_brick_stairs":29,"colouredstuff:planks_brown":7,"botania:mana_pearl":1,"colouredstuff:crafting_table_light_gray":1,"silentgear:sinew":18,"minecraft:raw_copper":36,"craftingstation:crafting_station":5,"create:andesite_funnel":3,"minecraft:comparator":6,"minecraft:bucket":1,"minecraft:red_dye":94,"minecraft:rose_bush":134,"minecraft:redstone_torch":6,"minecraft:cobblestone_slab":197,"exnihilocoloratus:brown_barrel":10,"minecraft:furnace":10,"ars_nouveau:conjuration_essence":1,"minecraft:stick":3206,"create:mechanical_mixer":3,"tintedcampfires:green_campfire":3,"colouredstuff:leaves_brown":751,"create:dough":79,"minecraft:torch":8,"botania:yellow_mystical_flower":1,"minecraft:snow_block":1,"sf5_things:block_of_yellow_dye":1078,"simplehats:worms_mine":1,"minecraft:porkchop":1,"minecraft:dried_kelp":490,"minecraft:vine":18,"exnihilosequentia:wooden_hammer":2,"heads:blaze_head":3,"create:large_cogwheel":18,"colouredstuff:planks_green":28,"snad:snad":19,"botania:light_gray_mystical_flower":2,"simplehats:festiveribbon":1,"simplehats:supersandhat":1,"colouredstuff:leaves_red":133,"minecraft:obsidian":12,"minecraft:cobblestone":12432,"silentgear:sickle":1,"sf5_things:block_of_green_dye":304,"occultism:datura_seeds":2,"ars_nouveau:glyph_explosion":1,"colouredstuff:planks_gray":1,"minecraft:cherry_planks":25,"minecraft:andesite":176,"mysticalagriculture:watering_can":1,"minecraft:potato":1,"sf5_things:block_of_lime_dye":386,"create:belt_connector":8,"thermal:onion":1,"minecraft:magenta_dye":316,"minecraft:light_gray_dye":158,"ars_nouveau:earth_essence":2,"ars_nouveau:glyph_amplify":1,"sophisticatedstorage:storage_output":1,"minecraft:lapis_lazuli":4,"sf5_things:black_apple":1,"minecraft:dirt":726,"immersiveengineering:hemp_fiber":64,"exnihilosequentia:fired_crucible":5,"minecraft:glass":128,"colouredstuff:sapling_green":19,"botania:cyan_mystical_flower":2,"botania:pink_mystical_flower":3,"minecraft:wheat_seeds":177,"ars_nouveau:source_gem":21,"obtrophies:trophy":2,"minecraft:raw_gold":405,"botania:purple_mystical_flower":1,"minecraft:light_blue_dye":384,"minecraft:oak_planks":2,"colouredstuff:sapling_light_gray":13,"simplehats:babyturtle":1,"create:cogwheel":15,"botania:stripped_livingwood_log":1,"ars_nouveau:archwood_fence":1,"minecraft:sand":2466,"sf5_things:block_of_brown_dye":117,"openstairs:open_oak_stairs_float":24,"colouredstuff:log_brown":883,"minecraft:sugar":1,"minecraft:clay":2,"colouredstuff:leaves_green":385,"create:filter":10,"heads:cow_head":4,"colouredstuff:sapling_none":14,"colouredstuff:log_blue":218,"minecraft:oak_sapling":1500,"minecraft:netherrack":3,"minecraft:oak_leaves":1952,"create_sabers:brass_saber_white":2,"minecraft:charcoal":13,"minecraft:cocoa_beans":15,"colouredstuff:slab_planks_blue":122,"colouredstuff:sapling_brown":218,"minecraft:chicken":9,"botania:brown_double_flower":8,"ars_nouveau:blue_archwood_sapling":10,"colouredstuff:sapling_lime":3,"colouredstuff:dirt_lime":5,"sophisticatedstorage:limited_barrel_3":1,"minecraft:item_frame":1,"botania:magenta_mystical_flower":1,"create:chute":17,"sf5_things:none_apple":4,"ars_nouveau:starbuncle_shards":1,"colored_torches:blue_torch":66,"minecraft:player_head":7,"minecraft:sugar_cane":253,"colouredstuff:brick_light_gray":9,"colouredstuff:slab_planks_lime":1,"minecraft:raw_iron":123,"minecraft:orange_dye":296,"simplehats:fakeblight":1,"minecraft:copper_ingot":554,"ars_nouveau:purple_archwood_sapling":15,"minecraft:gray_dye":2,"ars_nouveau:blue_archwood_log":59,"silentgear:hammer":1,"sophisticatedstorage:copper_chest":8,"minecraft:stone_button":1,"create:hand_crank":13,"ars_nouveau:thread_spellpower":1,"minecraft:brown_dye":275,"simplehats:bigcrown":1,"create:zinc_ingot":8,"additionallanterns:white_smooth_stone_lantern":6,"simplehats:puchiko":1,"minecraft:arrow":1,"botania:lime_mystical_flower":2,"ars_nouveau:abjuration_essence":1,"ars_nouveau:ring_of_lesser_discount":3,"colouredstuff:dirt_brown":16,"colouredstuff:dirt_none":1,"minecraft:purple_dye":361,"colouredstuff:slab_planks_none":75,"botania:twig_wand":1,"minecraft:air":0,"ars_nouveau:arcanist_hood":1,"minecraft:golden_carrot":6,"colouredstuff:trapdoor_planks_brown":65,"sf5_things:block_of_white_dye":440,"minecraft:leather":110,"create:andesite_alloy":49,"colouredstuff:leaves_gray":192,"minecraft:gunpowder":80,"create:blaze_burner":5,"botania:light_gray_petal":3,"botania:light_blue_mystical_flower":7,"ars_nouveau:green_archwood_sapling":8,"colouredstuff:slab_planks_green":126,"minecraft:iron_ingot":967,"colouredstuff:dirt_light_gray":20,"colouredstuff:log_stripped_gray":13,"sophisticatedbackpacks:diamond_backpack":1,"minecraft:green_dye":11,"minecraft:book":2,"minecraft:scaffolding":65,"minecraft:oak_slab":17,"exnihilocoloratus:green_crucible":3,"create:large_water_wheel":2,"colouredstuff:crafting_table_cyan":4,"ars_nouveau:red_archwood_sapling":10,"minecraft:stone_brick_slab":49,"ars_nouveau:battlemage_boots":2,"botania:alchemy_catalyst":2,"minecraft:amethyst_shard":11,"botania:white_petal":1,"create:brass_tunnel":6,"colouredstuff:log_none":15,"exnihilosequentia:cooked_silkworm":1,"luphieclutteredmod:blue_bicycle":1,"ars_nouveau:wilden_spike":8,"minecraft:cherry_sapling":217,"colouredstuff:slab_planks_black":16,"sophisticatedstorage:diamond_chest":4,"minecraft:coal":38},"minecraft:broken":{"woodenbucket:wooden_bucket":1},"minecraft:used":{"create:deployer":16,"silentgear:sword":192,"botania:white_petal":2,"botania:light_blue_petal":2,"minecraft:stone":29,"obtrophies:trophy":2,"create:fluid_tank":86,"create:mechanical_crafter":8,"create:depot":70,"colored_torches:white_torch":17,"colored_torches:black_torch":2,"minecraft:lava_bucket":26,"minecraft:grass_block":223,"minecraft:stone_brick_stairs":86,"create:andesite_funnel":83,"create:rotation_speed_controller":7,"create:steam_engine":44,"create:shaft":511,"minecraft:oak_sapling":323,"minecraft:furnace":18,"tintedcampfires:green_campfire":2,"create_sabers:brass_saber_white":116,"minecraft:egg":32,"minecraft:potato":1,"colouredstuff:planks_none":6,"ars_nouveau:blue_archwood_sapling":2,"colouredstuff:planks_brown":32,"colouredstuff:sapling_orange":1,"colouredstuff:brick_light_gray":9,"exnihilocoloratus:brown_barrel":12,"minecraft:oak_leaves":35,"create:spout":16,"colouredstuff:stairs_planks_blue":5,"minecraft:sand":10,"additionallanterns:white_smooth_stone_lantern":4,"ars_nouveau:archwood_fence":1,"openstairs:open_oak_stairs":14,"sophisticatedstorage:basic_to_iron_tier_upgrade":1,"sophisticatedstorage:chest":97,"createsifter:sifter":1,"minecraft:coal_block":1,"colouredstuff:sapling_gray":4,"create:basin":45,"botania:pure_daisy":2,"colouredstuff:dirt_none":1,"sf5_things:block_of_black_dye":14,"botania:light_gray_mystical_flower":1,"exnihilosequentia:wooden_hammer":5,"sophisticatedstorage:storage_output":1,"minecraft:netherrack":7,"minecraft:torch":32,"thermal:eggplant_seeds":1,"minecraft:anvil":1,"openstairs:open_oak_stairs_inside":4,"colouredstuff:leaves_brown":1,"colouredstuff:slab_planks_green":202,"botania:red_petal":7,"botania:blue_mystical_flower":2,"colouredstuff:crafting_table_brown":2,"exnihilosequentia:infested_leaves":17,"create:wrench":2365,"create:gearbox":65,"minecraft:spawner":3,"botania:pink_mystical_flower":1,"extractinator:extractinator":2,"sophisticatedstorage:diamond_chest":4,"minecraft:barrel":9,"create:encased_chain_drive":146,"colouredstuff:planks_black":30,"colouredstuff:planks_green":42,"botania:mana_pool":3,"create:fluid_pipe":237,"create:content_observer":7,"minecraft:cherry_log":63,"create:belt_connector":180,"sophisticatedstorage:limited_barrel_3":1,"minecraft:wheat_seeds":51,"minecraft:water_bucket":150,"botania:endoflame":7,"colouredstuff:sapling_blue":32,"ars_nouveau:battlemage_hood":3,"create:brass_tunnel":13,"minecraft:cherry_planks":25,"botania:mana_spreader":1,"ars_nouveau:battlemage_robes":2,"colouredstuff:log_lime":38,"create:blaze_burner":21,"create:encased_fan":27,"minecraft:comparator":8,"minecraft:crafting_table":1,"minecraft:oak_slab":8,"silentgear:sickle":1047,"botania:light_blue_mystical_flower":1,"silentgear:axe":644,"minecraft:campfire":1,"botania:apothecary_default":2,"create:filter":11,"colouredstuff:log_stripped_brown":5,"minecraft:oak_log":241,"colouredstuff:crafting_table_none":1,"colouredstuff:slab_planks_blue":205,"colouredstuff:crafting_table_light_gray":1,"create:water_wheel":3,"create:mechanical_arm":76,"sf5_things:block_of_white_dye":2,"colouredstuff:log_light_gray":2,"minecraft:cobblestone":999,"colouredstuff:log_stripped_gray":4,"colouredstuff:log_green":18,"luphieclutteredmod:blue_bicycle":2,"minecraft:cooked_porkchop":4,"colouredstuff:log_none":2,"create:clutch":29,"minecraft:stripped_oak_log":6,"create:redstone_link":24,"colouredstuff:fence_planks_green":4,"minecraft:cherry_sapling":92,"exnihilocoloratus:none_barrel":2,"colouredstuff:sapling_green":11,"immersiveengineering:seed":4,"ars_nouveau:magebloom_crop":5,"create:portable_storage_interface":5,"colouredstuff:trapdoor_planks_brown":43,"create_sabers:brass_saber_white_off":1,"minecraft:player_head":4,"create:mechanical_bearing":2,"create:cogwheel":352,"exnihilosequentia:cooked_silkworm":1,"colouredstuff:crafting_table_cyan":4,"create:speedometer":29,"minecraft:obsidian":10,"sophisticatedbackpacks:diamond_backpack":3,"minecraft:glass":81,"minecraft:iron_helmet":1,"create:millstone":26,"minecraft:item_frame":1,"thermal:device_composter":1,"minecraft:stone_bricks":918,"colouredstuff:slab_planks_brown":2106,"silentgear:paxel":8882,"minecraft:scaffolding":68,"ars_nouveau:sourceberry_bush":5,"create:mechanical_drill":4,"sf5_things:brown_apple":26,"minecraft:beetroot_seeds":1,"create:polished_cut_dripstone_wall":1,"botania:brown_petal":6,"colouredstuff:sapling_brown":98,"minecraft:oak_planks":4,"minecraft:ender_pearl":1,"minecraft:redstone_block":5,"minecraft:sugar_cane":3,"create:mechanical_saw":25,"create:flywheel":1,"botania:fertilizer":35,"minecraft:shears":7824,"minecraft:redstone_torch":8,"colouredstuff:slab_planks_none":66,"minecraft:lever":24,"colouredstuff:dirt_lime":5,"sf5_things:block_of_orange_dye":1,"colouredstuff:stairs_planks_brown":53,"sf5_things:blue_apple":11,"create:andesite_casing":30,"minecraft:gravel":351,"snad:snad":7,"exnihilosequentia:stone_hammer":605,"botania:magenta_mystical_flower":1,"create:stressometer":12,"minecraft:andesite":46,"create:vertical_gearbox":119,"minecraft:bone_meal":1886,"create:large_cogwheel":94,"colouredstuff:leaves_red":1,"minecraft:flint_and_steel":15,"colored_torches:green_torch":4,"minecraft:redstone":30,"botania:white_double_flower":1,"simpletomb:grave_key":23,"exnihilocoloratus:green_crucible":4,"botania:open_crate":1,"gateways:gate_pearl":2,"colouredstuff:leaves_green":109,"create:mechanical_pump":54,"minecraft:dirt":838,"create:mechanical_mixer":26,"minecraft:hopper":14,"minecraft:diamond_helmet":1,"colouredstuff:sapling_none":7,"botania:twig_wand":11,"botania:purple_mystical_flower":1,"dimpaintings:overworld_painting":4,"botania:light_gray_petal":18,"create:chute":98,"ars_nouveau:battlemage_boots":2,"colouredstuff:planks_lime":4,"minecraft:stone_brick_slab":49,"sophisticatedstorage:controller":1,"colored_torches:blue_torch":84,"minecraft:oak_stairs":13,"colouredstuff:stairs_planks_purple":3,"silentgear:shears":1010,"minecraft:golden_carrot":6,"minecraft:cooked_beef":110,"sophisticatedstorage:basic_to_copper_tier_upgrade":2,"create:gearshift":1,"exnihilosequentia:fired_crucible":7,"colouredstuff:log_gray":9,"colouredstuff:log_brown":325,"minecraft:polished_andesite":2,"botania:brown_mystical_flower":1,"minecraft:stonecutter":2,"minecraft:cobblestone_slab":417,"create:brass_funnel":39,"ars_nouveau:battlemage_leggings":2,"colouredstuff:fence_planks_brown":82,"botania:red_mystical_flower":1,"heads:blaze_head":1,"colouredstuff:log_stripped_lime":30,"minecraft:apple":3,"create:mechanical_press":10,"craftingstation:crafting_station":7,"botania:alchemy_catalyst":2,"create:large_water_wheel":60,"sophisticatedstorage:copper_chest":8,"minecraft:bucket":142,"create:hand_crank":35,"ars_nouveau:scribes_table":3},"minecraft:crafted":{"minecraft:obsidian":9,"minecraft:black_dye":286,"botania:green_petal":2,"sf5_things:block_of_meat":3,"supplementaries:gold_trapdoor":16,"colored_torches:white_torch":2,"minecraft:chain":2,"botania:mana_pool":1,"minecraft:grass":4,"exnihilosequentia:unfired_crucible":2,"minecraft:lever":4,"sophisticatedbackpacks:crafting_upgrade":1,"sophisticatedstorage:stack_upgrade_tier_1":7,"sophisticatedstorage:stack_upgrade_tier_3":6,"colouredstuff:slab_planks_blue":252,"minecraft:iron_bars":16,"botania:red_petal":12,"create:vertical_gearbox":29,"minecraft:quartz_block":2,"colouredstuff:brick_light_gray":8,"create:rotation_speed_controller":2,"minecraft:glass":22,"minecraft:diamond_helmet":1,"create:andesite_funnel":37,"ars_nouveau:blank_thread":1,"botania:twig_wand":1,"minecraft:diamond_leggings":1,"create:mechanical_press":1,"mysticalagriculture:watering_can":1,"sophisticatedstorage:stack_upgrade_tier_4":2,"colouredstuff:crafting_table_brown":4,"botania:alchemy_catalyst":1,"colouredstuff:planks_none":25,"ars_nouveau:apprentice_spell_book":1,"create:brass_funnel":30,"minecraft:magenta_dye":63,"botania:light_gray_petal":15,"create:cogwheel":157,"create:flywheel":1,"ars_nouveau:ring_of_potential":4,"colouredstuff:slab_planks_green":174,"colouredstuff:slab_planks_none":72,"create:brass_block":1,"minecraft:raw_gold_block":98,"minecraft:clock":1,"minecraft:copper_ingot":157,"craftingstation:crafting_station":6,"minecraft:fletching_table":1,"botania:livingwood_twig":3,"minecraft:campfire":1,"create:encased_chain_drive":32,"create:redstone_link":10,"create:mechanical_mixer":5,"create:clutch":9,"create:gearbox":54,"exnihilosequentia:wooden_hammer":1,"create:encased_fan":4,"botania:open_crate":1,"minecraft:stone_brick_stairs":4,"createsifter:sifter":1,"minecraft:bamboo":1,"thermal:redstone_servo":1,"minecraft:compass":8,"minecraft:iron_pickaxe":1,"minecraft:iron_block":31,"colouredstuff:slab_planks_brown":1806,"minecraft:gold_ingot":182,"minecraft:light_gray_dye":1158,"create:large_cogwheel":8,"create:propeller":5,"woodenbucket:wooden_bucket":18,"buildinggadgets2:gadget_copy_paste":1,"minecraft:fire_charge":3,"minecraft:composter":1,"xercapaint:item_palette":1,"colouredstuff:trapdoor_planks_brown":34,"sf5_things:block_of_light_gray_dye":2,"thermal:iron_gear":1,"create:wrench":1,"sophisticatedstorage:basic_tier_upgrade":3,"minecraft:iron_nugget":417,"colouredstuff:planks_blue":259,"sophisticatedbackpacks:stack_upgrade_tier_1":3,"colouredstuff:planks_purple":8,"botania:blue_petal":1,"minecraft:bone_meal":573,"minecraft:pink_dye":25,"silentgear:paxel_template":1,"minecraft:quartz":77,"buildinggadgets2:gadget_building":1,"colored_torches:blue_torch":18,"minecraft:netherrack":17,"minecraft:diamond":21,"thermal:device_composter":1,"sophisticatedstorage:upgrade_base":7,"ars_nouveau:novice_spell_book":2,"colouredstuff:stairs_planks_brown":116,"botania:white_petal":7,"minecraft:ender_pearl":2,"minecraft:diamond_boots":1,"silentgear:sword":1,"botania:light_blue_petal":3,"minecraft:redstone_block":10,"create:electron_tube":10,"create:belt_connector":11,"minecraft:coal_block":220,"botania:pink_petal":1,"sf5_things:block_of_pink_dye":2,"create:brass_tunnel":6,"minecraft:dried_kelp":21,"colouredstuff:planks_green":171,"botania:mana_spreader":1,"create:goggles":1,"botania:lexicon":1,"sophisticatedbackpacks:gold_backpack":2,"colouredstuff:planks_black":29,"minecraft:orange_dye":34,"create:speedometer":8,"sophisticatedstorage:basic_to_copper_tier_upgrade":5,"create:mechanical_arm":2,"thermal:eggplant_seeds":1,"silentgear:sickle":1,"create:raw_zinc":63,"minecraft:iron_shovel":1,"create:shaft":149,"silentgear:rod_template":1,"sophisticatedstorage:stack_upgrade_tier_1_plus":1,"minecraft:oak_planks":8,"sf5_things:rgb_dye":38,"botania:livingwood_planks":8,"minecraft:cobblestone_slab":384,"minecraft:barrel":107,"ars_nouveau:archwood_planks":268,"minecraft:cherry_slab":24,"sf5_things:block_of_green_dye":1,"colouredstuff:crafting_table_orange":1,"colouredstuff:planks_brown":1339,"silentgear:sword_template":1,"sophisticatedstorage:packing_tape":1,"sf5_things:block_of_rgb_dye":25,"colouredstuff:slab_planks_lime":64,"create:mechanical_bearing":2,"minecraft:heavy_weighted_pressure_plate":1,"create:deployer":7,"minecraft:green_dye":203,"minecraft:hopper":8,"minecraft:stone_brick_slab":78,"minecraft:raw_copper":421,"silentgear:sickle_template":1,"minecraft:comparator":1,"minecraft:chest":2,"create:spout":3,"minecraft:copper_block":10,"colouredstuff:stairs_planks_purple":4,"exnihilocoloratus:none_barrel":1,"minecraft:bricks":42,"minecraft:stone_bricks":391,"extractinator:extractinator":1,"create:brass_hand":12,"minecraft:raw_iron_block":143,"create:content_observer":1,"create:depot":13,"sophisticatedbackpacks:backpack":3,"minecraft:arrow":4,"minecraft:cauldron":1,"minecraft:crafting_table":3,"create:mechanical_saw":12,"create:fluid_pipe":68,"minecraft:iron_helmet":1,"minecraft:kelp":45,"minecraft:brown_dye":91,"create:sand_paper":10,"minecraft:gold_block":9,"create:gearshift":2,"minecraft:brewing_stand":2,"sophisticatedbackpacks:upgrade_base":3,"minecraft:diorite":63,"create:stressometer":2,"minecraft:tnt":7,"silentgear:paxel":1,"minecraft:string":11,"minecraft:purple_dye":119,"minecraft:yellow_dye":167,"minecraft:book":1,"minecraft:paper":72,"minecraft:charcoal":7,"minecraft:diamond_pickaxe":1,"exnihilosequentia:stone_hammer":1,"create:water_wheel":24,"create:portable_storage_interface":4,"create:super_glue":1,"sophisticatedbackpacks:diamond_backpack":2,"minecraft:stick":232,"minecraft:light_blue_dye":56,"create:mechanical_pump":10,"minecraft:iron_ingot":394,"create:clipboard":1,"botania:apothecary_default":1,"minecraft:redstone_torch":9,"minecraft:shears":1,"colouredstuff:fence_planks_brown":36,"create:empty_blaze_burner":1,"buildinggadgets2:gadget_exchanging":1,"create:chute":44,"minecraft:cherry_planks":136,"colouredstuff:planks_red":9,"botania:brown_petal":10,"minecraft:redstone":176,"minecraft:raw_iron":1143,"minecraft:coal":167,"luphieclutteredmod:blue_bicycle":1,"silentgear:rod":8,"ars_nouveau:magebloom_fiber":10,"minecraft:furnace":8,"minecraft:piston":1,"minecraft:sugar_cane":64,"minecraft:gray_dye":724,"minecraft:raw_copper_block":78,"minecraft:diamond_block":5,"minecraft:flint_and_steel":1,"exnihilocoloratus:brown_barrel":2,"minecraft:scaffolding":6,"minecraft:iron_axe":1,"colouredstuff:planks_lime":30,"minecraft:slime_ball":15,"create:millstone":2,"minecraft:lime_dye":126,"create:fluid_tank":40,"sophisticatedbackpacks:stack_upgrade_tier_2":2,"create:basin":17,"colouredstuff:planks_orange":23,"create:filter":3,"minecraft:observer":1,"sophisticatedbackpacks:iron_backpack":2,"minecraft:cooked_beef":25,"minecraft:red_dye":147,"botania:fertilizer":99,"minecraft:bone_block":103,"create:andesite_alloy":229,"create:hand_crank":2,"minecraft:cyan_dye":91,"minecraft:iron_sword":1,"minecraft:bowl":4,"create:large_water_wheel":10,"minecraft:dirt":1,"sophisticatedstorage:basic_to_iron_tier_upgrade":2,"minecraft:bucket":3,"minecraft:air":33029,"minecraft:blue_dye":249,"create:raw_zinc_block":1,"craftingstation:crafting_station_slab":2,"sophisticatedstorage:chest":35,"create:whisk":9,"minecraft:white_wool":10,"minecraft:gold_nugget":9,"minecraft:white_dye":576,"minecraft:raw_gold":606,"create:mechanical_crafter":6,"minecraft:anvil":1,"create:mechanical_drill":3,"minecraft:andesite":502,"sophisticatedstorage:stack_upgrade_tier_2":10,"create:zinc_ingot":49,"sf5_things:block_of_lime_dye":7,"minecraft:lapis_lazuli":2,"minecraft:diamond_chestplate":1},"minecraft:custom":{"minecraft:open_barrel":17,"minecraft:leave_game":49,"minecraft:time_since_death":266451,"minecraft:play_time":3789750,"minecraft:deaths":24,"minecraft:jump":6838,"minecraft:interact_with_furnace":180,"minecraft:damage_dealt":18621,"minecraft:inspect_dropper":2,"minecraft:interact_with_anvil":2,"minecraft:inspect_hopper":40,"minecraft:sneak_time":49876,"minecraft:total_world_time":3789750,"minecraft:interact_with_stonecutter":1,"minecraft:time_since_rest":266792,"minecraft:swim_one_cm":3610,"minecraft:fly_one_cm":1720432,"minecraft:open_chest":2855,"minecraft:fall_one_cm":1153430,"minecraft:animals_bred":1,"minecraft:damage_resisted":0,"minecraft:sprint_one_cm":2158747,"minecraft:drop":2548,"minecraft:walk_on_water_one_cm":70342,"minecraft:crouch_one_cm":104484,"minecraft:mob_kills":208,"minecraft:interact_with_campfire":53,"minecraft:damage_dealt_resisted":0,"minecraft:climb_one_cm":39104,"minecraft:walk_one_cm":7432604,"gateways:gates_defeated":2,"minecraft:walk_under_water_one_cm":26533,"minecraft:damage_taken":13934},"minecraft:killed_by":{"minecraft:cow":2,"minecraft:ender_dragon":1,"minecraft:player":1,"minecraft:spider":2},"minecraft:killed":{"minecraft:chicken":11,"minecraft:cow":104,"ars_nouveau:starbuncle":3,"ars_nouveau:wilden_guardian":7,"minecraft:spider":5,"minecraft:bee":3,"minecraft:blaze":50,"ars_nouveau:summon_wolf":12,"ars_nouveau:wilden_stalker":1,"ars_nouveau:wilden_hunter":6},"minecraft:dropped":{"minecraft:clay":2,"minecraft:lapis_lazuli":4,"botania:pink_petal":2,"minecraft:cooked_beef":89,"create:cogwheel":3,"ars_nouveau:earth_essence":1,"colouredstuff:slab_planks_blue":33,"minecraft:grass":4,"minecraft:dirt":65,"minecraft:raw_copper_block":1,"minecraft:yellow_dye":692,"craftingstation:crafting_station_slab":2,"exnihilosequentia:wooden_hammer":3,"create:speedometer":4,"ars_nouveau:fire_essence":1,"create:goggles":1,"minecraft:bone_meal":15,"minecraft:sand":11539,"minecraft:gray_dye":1029,"ars_nouveau:wilden_horn":8,"minecraft:compass":1,"minecraft:sugar_cane":48,"create:brass_tunnel":3,"minecraft:lever":1,"colored_torches:black_torch":4,"colouredstuff:planks_black":5,"minecraft:iron_nugget":64,"ars_nouveau:apprentice_spell_book":3,"minecraft:pink_dye":35,"minecraft:wheat":88,"minecraft:obsidian":1,"minecraft:lime_dye":179,"sf5_things:block_of_white_dye":81,"minecraft:charcoal":3,"minecraft:hopper":1,"create:wrench":1,"minecraft:white_dye":873,"minecraft:painting":1,"minecraft:beef":163,"botania:brown_petal":13,"colouredstuff:planks_brown":2,"colouredstuff:planks_purple":2,"minecraft:egg":112,"minecraft:iron_ingot":250,"minecraft:black_dye":760,"minecraft:wheat_seeds":6,"minecraft:tnt":7,"create_sabers:brass_saber_white_off":2,"minecraft:book":1,"minecraft:cobblestone":14279,"colouredstuff:log_blue":74,"minecraft:apple":821,"minecraft:coal":75,"minecraft:coal_block":20,"colouredstuff:slab_planks_brown":64,"colouredstuff:slab_planks_none":1,"colored_torches:green_torch":3,"sf5_things:block_of_green_dye":39,"minecraft:red_dye":192,"sf5_things:block_of_red_dye":94,"minecraft:paper":55,"minecraft:oxidized_copper":1,"sf5_things:block_of_pink_dye":1,"minecraft:player_head":11,"silentgear:hammer":1,"minecraft:bowl":3,"snad:snad":98,"sf5_things:block_of_brown_dye":55,"minecraft:potato":1,"woodenbucket:wooden_bucket":5,"minecraft:cobblestone_slab":1,"silentgear:paxel":7,"minecraft:diamond_pickaxe":1,"create:zinc_ingot":66,"botania:twig_wand":1,"minecraft:barrel":24,"minecraft:light_gray_dye":2031,"minecraft:magenta_dye":4,"colouredstuff:fence_planks_brown":16,"botania:blue_petal":2,"create:belt_connector":12,"create:vertical_gearbox":1,"minecraft:orange_dye":300,"minecraft:oak_log":9056,"minecraft:ender_pearl":3,"colouredstuff:dirt_light_gray":20,"colouredstuff:slab_planks_black":4,"colouredstuff:dirt_brown":8,"create:filter":2,"silentgear:axe":1,"minecraft:flint":163,"colouredstuff:slab_planks_lime":1,"colored_torches:blue_torch":23,"botania:white_petal":6,"mysticalagriculture:none_crop_seeds":1,"minecraft:gold_ingot":10,"minecraft:gravel":1380,"silentgear:template_board":64,"ars_nouveau:wilden_spike":8,"ars_nouveau:purple_archwood_sapling":2,"colouredstuff:sapling_none":1,"colouredstuff:leaves_green":1,"minecraft:cherry_sapling":4,"minecraft:beetroot":2,"colouredstuff:log_brown":7,"exnihilosequentia:silkworm":19,"heads:blaze_head":2,"minecraft:carrot":1,"minecraft:beetroot_seeds":1,"create:brass_ingot":57,"create:wheat_flour":79,"sf5_things:brown_apple":17,"sf5_things:block_of_cyan_dye":128,"immersiveengineering:seed":4,"create:andesite_alloy":12,"ars_nouveau:red_archwood_sapling":1,"minecraft:oak_leaves":64,"colouredstuff:dirt_white":9,"minecraft:vine":74,"minecraft:cherry_log":35,"sf5_things:block_of_light_gray_dye":374,"minecraft:cyan_dye":124,"botania:red_petal":6,"botania:green_petal":2,"colouredstuff:trapdoor_planks_brown":28,"simplehats:fro":1,"minecraft:copper_ingot":429,"sf5_things:block_of_yellow_dye":136,"colouredstuff:planks_green":6,"minecraft:stick":2976,"colouredstuff:planks_lime":2,"mysticalagriculture:watering_can":2,"minecraft:blue_dye":66,"sf5_things:block_of_gray_dye":366,"minecraft:green_dye":559,"colouredstuff:log_light_gray":38,"minecraft:fire_charge":1,"colouredstuff:leaves_brown":1,"botania:alchemy_catalyst":1,"sf5_things:block_of_orange_dye":24,"sophisticatedbackpacks:crafting_upgrade":1,"minecraft:bucket":1,"ars_nouveau:wilden_wing":3,"minecraft:brown_dye":178,"minecraft:kelp":702,"create:shaft":67,"minecraft:blaze_rod":1,"minecraft:raw_copper":630,"botania:light_gray_petal":8,"minecraft:raw_iron":1205,"silentgear:sickle":1,"minecraft:stripped_oak_log":50,"colouredstuff:fence_planks_green":8,"sf5_things:block_of_lime_dye":101,"silentgear:paxel_blueprint":2,"minecraft:andesite":3,"minecraft:oak_sapling":7,"colouredstuff:log_stripped_brown":1,"minecraft:raw_gold":1061,"sf5_things:block_of_black_dye":1,"bhc:red_heart":3,"create:empty_blaze_burner":5}},"DataVersion":3465}