{"stats":{"minecraft:crafted":{"minecraft:black_dye":91,"botania:green_petal":2,"sf5_things:block_of_meat":3,"colored_torches:white_torch":2,"minecraft:chain":2,"botania:mana_pool":1,"minecraft:grass":4,"colouredstuff:slab_planks_blue":252,"minecraft:iron_bars":16,"botania:red_petal":10,"create:vertical_gearbox":9,"minecraft:glass":22,"create:andesite_funnel":8,"botania:twig_wand":1,"create:mechanical_press":1,"mysticalagriculture:watering_can":1,"colouredstuff:crafting_table_brown":4,"colouredstuff:planks_none":25,"create:cogwheel":106,"botania:light_gray_petal":15,"colouredstuff:slab_planks_green":174,"colouredstuff:slab_planks_none":72,"minecraft:raw_gold_block":1,"minecraft:copper_ingot":120,"craftingstation:crafting_station":3,"botania:livingwood_twig":3,"create:encased_chain_drive":7,"create:mechanical_mixer":2,"create:gearbox":11,"exnihilosequentia:wooden_hammer":1,"create:encased_fan":1,"botania:open_crate":1,"minecraft:compass":7,"colouredstuff:slab_planks_brown":1536,"create:propeller":1,"minecraft:gold_ingot":21,"create:large_cogwheel":7,"minecraft:light_gray_dye":383,"woodenbucket:wooden_bucket":18,"colouredstuff:trapdoor_planks_brown":34,"sf5_things:block_of_light_gray_dye":2,"create:wrench":1,"sophisticatedstorage:basic_tier_upgrade":2,"minecraft:iron_nugget":321,"colouredstuff:planks_blue":243,"botania:blue_petal":1,"minecraft:bone_meal":426,"minecraft:pink_dye":4,"silentgear:paxel_template":1,"colored_torches:blue_torch":18,"minecraft:netherrack":1,"minecraft:diamond":21,"colouredstuff:stairs_planks_brown":88,"botania:white_petal":7,"minecraft:ender_pearl":2,"botania:light_blue_petal":3,"minecraft:redstone_block":1,"create:belt_connector":9,"botania:pink_petal":1,"minecraft:coal_block":57,"minecraft:dried_kelp":21,"colouredstuff:planks_green":171,"botania:mana_spreader":1,"create:goggles":1,"botania:lexicon":1,"sophisticatedbackpacks:gold_backpack":1,"colouredstuff:planks_black":29,"minecraft:orange_dye":8,"create:speedometer":6,"sophisticatedstorage:basic_to_copper_tier_upgrade":1,"thermal:eggplant_seeds":1,"silentgear:sickle":1,"create:shaft":104,"sf5_things:rgb_dye":38,"botania:livingwood_planks":8,"minecraft:cobblestone_slab":384,"minecraft:barrel":76,"ars_nouveau:archwood_planks":264,"colouredstuff:planks_brown":1305,"sophisticatedstorage:packing_tape":1,"sf5_things:block_of_rgb_dye":25,"colouredstuff:slab_planks_lime":64,"minecraft:heavy_weighted_pressure_plate":1,"minecraft:green_dye":38,"minecraft:hopper":8,"minecraft:stone_brick_slab":18,"minecraft:raw_copper":15,"silentgear:sickle_template":1,"minecraft:chest":1,"create:spout":1,"minecraft:copper_block":1,"exnihilocoloratus:none_barrel":1,"minecraft:stone_bricks":30,"extractinator:extractinator":1,"minecraft:raw_iron_block":32,"create:depot":5,"sophisticatedbackpacks:backpack":2,"minecraft:cauldron":1,"create:fluid_pipe":24,"minecraft:kelp":10,"minecraft:brown_dye":20,"minecraft:diorite":63,"create:stressometer":1,"silentgear:paxel":1,"minecraft:book":1,"create:water_wheel":22,"minecraft:paper":72,"exnihilosequentia:stone_hammer":1,"minecraft:charcoal":7,"minecraft:yellow_dye":10,"sophisticatedbackpacks:diamond_backpack":1,"minecraft:stick":232,"minecraft:light_blue_dye":1,"create:mechanical_pump":2,"minecraft:iron_ingot":375,"create:clipboard":1,"botania:apothecary_default":1,"minecraft:shears":1,"colouredstuff:fence_planks_brown":36,"create:chute":8,"minecraft:cherry_planks":24,"botania:brown_petal":10,"minecraft:redstone":16,"minecraft:raw_iron":171,"minecraft:coal":99,"luphieclutteredmod:blue_bicycle":1,"silentgear:rod":4,"minecraft:furnace":8,"minecraft:piston":1,"minecraft:sugar_cane":64,"minecraft:gray_dye":66,"minecraft:raw_copper_block":15,"minecraft:flint_and_steel":1,"minecraft:diamond_block":1,"exnihilocoloratus:brown_barrel":2,"colouredstuff:planks_lime":30,"minecraft:slime_ball":15,"create:millstone":2,"minecraft:lime_dye":13,"create:fluid_tank":40,"create:basin":2,"colouredstuff:planks_orange":11,"create:filter":2,"sophisticatedbackpacks:iron_backpack":1,"minecraft:cooked_beef":25,"minecraft:red_dye":7,"botania:fertilizer":99,"minecraft:bone_block":25,"create:andesite_alloy":229,"create:hand_crank":1,"minecraft:cyan_dye":41,"minecraft:bowl":4,"create:large_water_wheel":10,"minecraft:bucket":1,"minecraft:air":8726,"minecraft:blue_dye":48,"sophisticatedstorage:chest":27,"create:whisk":2,"minecraft:white_wool":5,"minecraft:white_dye":289,"minecraft:raw_gold":13,"minecraft:andesite":313,"sf5_things:block_of_lime_dye":7},"minecraft:killed":{"minecraft:cow":103,"minecraft:bee":3},"minecraft:custom":{"minecraft:open_barrel":10,"minecraft:leave_game":20,"minecraft:time_since_death":693505,"minecraft:play_time":1246208,"minecraft:deaths":8,"minecraft:jump":2701,"minecraft:interact_with_furnace":130,"minecraft:damage_dealt":10972,"minecraft:inspect_dropper":2,"minecraft:inspect_hopper":22,"minecraft:sneak_time":17472,"minecraft:total_world_time":1246208,"minecraft:time_since_rest":693531,"minecraft:swim_one_cm":3247,"minecraft:fly_one_cm":196628,"minecraft:open_chest":1368,"minecraft:fall_one_cm":425853,"minecraft:sprint_one_cm":778809,"minecraft:drop":1309,"minecraft:walk_on_water_one_cm":23932,"minecraft:crouch_one_cm":44093,"minecraft:mob_kills":108,"minecraft:interact_with_campfire":53,"minecraft:damage_dealt_resisted":0,"minecraft:climb_one_cm":15186,"minecraft:walk_one_cm":2922363,"minecraft:walk_under_water_one_cm":4408,"minecraft:damage_taken":3971},"minecraft:picked_up":{"minecraft:seagrass":1,"create:polished_cut_dripstone_wall":1,"botania:light_blue_double_flower":1,"minecraft:string":78,"minecraft:beetroot":6,"botania:light_gray_double_flower":14,"mysticalagriculture:none_crop_seeds":5,"thermal:eggplant":6,"sf5_things:rgb_dye":24,"colouredstuff:log_black":3,"create:andesite_casing":40,"minecraft:cherry_log":993,"sf5_things:brown_apple":69,"minecraft:black_dye":7,"woodenbucket:wooden_bucket":10,"botania:white_mystical_flower":1,"botania:livingrock":24,"minecraft:blue_dye":26,"simplehats:dumhat":1,"minecraft:bookshelf":2,"botania:livingwood_log":23,"supplementaries:ash":28,"silentgear:template_board":288,"silentgear:paxel":7,"minecraft:oxidized_copper":1,"minecraft:cooked_beef":25,"minecraft:cherry_leaves":4390,"minecraft:flint":156,"simplehats:hatbag_epic":2,"botania:white_double_flower":1,"create:encased_chain_drive":4,"bhc:red_heart":1,"sophisticatedstorage:chest":18,"create:shaft":8,"simplehats:hatbag_uncommon":2,"colouredstuff:log_stripped_green":17,"botania:mana_pool":2,"botania:red_mystical_flower":2,"patchouli:guide_book":1,"colouredstuff:sapling_black":5,"exnihilosequentia:silkworm":270,"minecraft:barrel":25,"sf5_things:block_of_black_dye":86,"colored_torches:green_torch":8,"thermal:eggplant_seeds":2,"colouredstuff:fence_planks_brown":32,"thermal:copper_plate":17,"lootbags:loot_bag":17,"colouredstuff:log_stripped_brown":6,"colouredstuff:sapling_blue":36,"create:fluid_pipe":1,"botania:endoflame":7,"simplehats:baseballhat":1,"colouredstuff:fence_planks_green":16,"botania:pure_daisy":1,"minecraft:beef":188,"sf5_things:green_apple":8,"colored_torches:black_torch":3,"minecraft:stone":154,"colouredstuff:slab_planks_brown":387,"simplehats:hatbag_common":9,"colouredstuff:stairs_planks_brown":23,"colouredstuff:leaves_blue":188,"minecraft:white_dye":6,"sf5_things:block_of_light_gray_dye":369,"create:vertical_gearbox":8,"botania:brown_petal":2,"silentgear:paxel_blueprint":2,"minecraft:beetroot_seeds":12,"botania:apothecary_default":1,"botania:blue_mystical_flower":1,"exnihilocoloratus:none_barrel":1,"create:depot":1,"botania:green_mystical_flower":2,"botania:light_blue_petal":1,"sf5_things:blue_apple":21,"botania:red_petal":1,"colouredstuff:log_gray":23,"colouredstuff:planks_black":20,"sf5_things:block_of_red_dye":60,"minecraft:stone_bricks":9,"minecraft:kelp":54,"simplehats:rabi_en_rose":1,"colouredstuff:planks_lime":6,"sf5_things:block_of_gray_dye":123,"minecraft:gravel":495,"colored_torches:white_torch":8,"exnihilosequentia:infested_leaves":17,"create:gearbox":2,"botania:red_double_flower":8,"create:millstone":5,"colouredstuff:log_stripped_lime":30,"immersiveengineering:seed":8,"create:mechanical_pump":5,"silentgear:axe":1,"colouredstuff:log_stripped_none":5,"sf5_things:block_of_orange_dye":31,"botania:brown_mystical_flower":1,"minecraft:pink_dye":1,"minecraft:hopper":1,"minecraft:ender_pearl":2,"simplehats:fro":5,"minecraft:wheat":42,"colouredstuff:log_green":85,"simplehats:hatbag_rare":4,"colouredstuff:planks_brown":4,"colouredstuff:crafting_table_light_gray":1,"silentgear:sinew":18,"craftingstation:crafting_station":4,"create:andesite_funnel":1,"minecraft:red_dye":94,"minecraft:cobblestone_slab":114,"exnihilocoloratus:brown_barrel":6,"minecraft:furnace":10,"minecraft:stick":150,"create:mechanical_mixer":1,"colouredstuff:leaves_brown":574,"tintedcampfires:green_campfire":3,"create:dough":15,"sf5_things:block_of_yellow_dye":27,"minecraft:porkchop":1,"minecraft:dried_kelp":54,"minecraft:vine":16,"exnihilosequentia:wooden_hammer":2,"create:large_cogwheel":11,"snad:snad":9,"colouredstuff:planks_green":28,"botania:light_gray_mystical_flower":2,"simplehats:festiveribbon":1,"simplehats:supersandhat":1,"minecraft:cobblestone":464,"silentgear:sickle":1,"sf5_things:block_of_green_dye":64,"minecraft:andesite":44,"mysticalagriculture:watering_can":1,"sf5_things:block_of_lime_dye":41,"create:belt_connector":8,"thermal:onion":1,"minecraft:light_gray_dye":43,"sf5_things:black_apple":1,"minecraft:dirt":104,"immersiveengineering:hemp_fiber":22,"exnihilosequentia:fired_crucible":3,"colouredstuff:sapling_green":19,"botania:cyan_mystical_flower":1,"obtrophies:trophy":1,"minecraft:wheat_seeds":55,"botania:pink_mystical_flower":1,"simplehats:babyturtle":1,"create:cogwheel":10,"botania:stripped_livingwood_log":1,"ars_nouveau:archwood_fence":1,"minecraft:sand":793,"sf5_things:block_of_brown_dye":110,"colouredstuff:log_brown":566,"minecraft:clay":2,"colouredstuff:leaves_green":385,"create:filter":3,"heads:cow_head":4,"colouredstuff:sapling_none":14,"colouredstuff:log_blue":144,"minecraft:netherrack":1,"minecraft:charcoal":9,"minecraft:cocoa_beans":7,"colouredstuff:slab_planks_blue":120,"colouredstuff:sapling_brown":170,"botania:brown_double_flower":8,"ars_nouveau:blue_archwood_sapling":10,"colouredstuff:sapling_lime":3,"colouredstuff:dirt_lime":5,"sophisticatedstorage:limited_barrel_3":1,"minecraft:item_frame":1,"sf5_things:none_apple":4,"colored_torches:blue_torch":20,"minecraft:player_head":3,"colouredstuff:slab_planks_lime":1,"simplehats:fakeblight":1,"minecraft:orange_dye":9,"minecraft:copper_ingot":14,"ars_nouveau:blue_archwood_log":55,"sophisticatedstorage:copper_chest":2,"silentgear:hammer":1,"create:hand_crank":5,"minecraft:brown_dye":260,"additionallanterns:white_smooth_stone_lantern":6,"simplehats:puchiko":1,"botania:lime_mystical_flower":1,"colouredstuff:dirt_brown":16,"colouredstuff:slab_planks_none":75,"colouredstuff:dirt_none":1,"minecraft:leather":110,"sf5_things:block_of_white_dye":73,"colouredstuff:trapdoor_planks_brown":4,"colouredstuff:leaves_gray":192,"botania:light_blue_mystical_flower":2,"botania:light_gray_petal":3,"colouredstuff:slab_planks_green":125,"colouredstuff:log_stripped_gray":13,"minecraft:green_dye":11,"exnihilocoloratus:green_crucible":3,"colouredstuff:crafting_table_cyan":1,"botania:white_petal":1,"colouredstuff:log_none":15,"exnihilosequentia:cooked_silkworm":1,"luphieclutteredmod:blue_bicycle":1,"minecraft:cherry_sapling":182,"colouredstuff:slab_planks_black":16,"minecraft:coal":38},"minecraft:dropped":{"minecraft:clay":2,"botania:pink_petal":2,"create:cogwheel":1,"minecraft:dirt":1,"colouredstuff:slab_planks_blue":31,"minecraft:grass":4,"minecraft:yellow_dye":31,"exnihilosequentia:wooden_hammer":3,"minecraft:bone_meal":15,"minecraft:sand":3550,"minecraft:gray_dye":399,"colored_torches:black_torch":2,"colouredstuff:planks_black":5,"minecraft:pink_dye":1,"minecraft:wheat":24,"minecraft:lime_dye":179,"sf5_things:block_of_white_dye":21,"minecraft:charcoal":1,"minecraft:hopper":1,"minecraft:white_dye":508,"colouredstuff:planks_brown":2,"botania:brown_petal":13,"minecraft:black_dye":632,"minecraft:wheat_seeds":5,"minecraft:cobblestone":1866,"minecraft:coal":75,"minecraft:coal_block":20,"colouredstuff:slab_planks_brown":64,"colored_torches:green_torch":3,"colouredstuff:slab_planks_none":1,"sf5_things:block_of_green_dye":29,"minecraft:red_dye":111,"sf5_things:block_of_red_dye":30,"minecraft:oxidized_copper":1,"silentgear:hammer":1,"minecraft:bowl":3,"snad:snad":94,"sf5_things:block_of_brown_dye":55,"woodenbucket:wooden_bucket":5,"minecraft:cobblestone_slab":1,"silentgear:paxel":7,"minecraft:barrel":24,"minecraft:light_gray_dye":1057,"botania:blue_petal":2,"create:vertical_gearbox":1,"minecraft:orange_dye":132,"minecraft:ender_pearl":2,"colouredstuff:slab_planks_black":4,"colouredstuff:dirt_brown":8,"silentgear:axe":1,"create:filter":1,"minecraft:flint":79,"colouredstuff:slab_planks_lime":1,"colored_torches:blue_torch":1,"botania:white_petal":6,"mysticalagriculture:none_crop_seeds":1,"minecraft:gold_ingot":6,"minecraft:gravel":981,"silentgear:template_board":52,"colouredstuff:sapling_none":1,"colouredstuff:leaves_green":1,"minecraft:cherry_sapling":2,"minecraft:beetroot":2,"exnihilosequentia:silkworm":19,"create:wheat_flour":15,"immersiveengineering:seed":2,"create:andesite_alloy":1,"minecraft:vine":6,"minecraft:cherry_log":35,"sf5_things:block_of_light_gray_dye":110,"minecraft:cyan_dye":38,"botania:red_petal":6,"botania:green_petal":2,"simplehats:fro":1,"minecraft:copper_ingot":194,"colouredstuff:planks_green":6,"minecraft:stick":6,"colouredstuff:planks_lime":2,"mysticalagriculture:watering_can":2,"minecraft:blue_dye":64,"sf5_things:block_of_gray_dye":30,"minecraft:green_dye":284,"colouredstuff:leaves_brown":1,"minecraft:kelp":198,"minecraft:brown_dye":178,"create:shaft":2,"botania:light_gray_petal":8,"silentgear:sickle":1,"colouredstuff:fence_planks_green":8,"sf5_things:block_of_lime_dye":21,"silentgear:paxel_blueprint":2,"minecraft:andesite":3,"colouredstuff:log_stripped_brown":1,"sf5_things:block_of_black_dye":1,"bhc:red_heart":1},"minecraft:used":{"silentgear:sword":56,"botania:white_petal":2,"botania:light_blue_petal":2,"minecraft:stone":27,"obtrophies:trophy":1,"create:fluid_tank":31,"create:depot":22,"colored_torches:white_torch":15,"colored_torches:black_torch":1,"minecraft:lava_bucket":4,"minecraft:grass_block":170,"create:andesite_funnel":17,"create:shaft":81,"minecraft:furnace":18,"tintedcampfires:green_campfire":2,"colouredstuff:planks_none":6,"ars_nouveau:blue_archwood_sapling":2,"colouredstuff:planks_brown":30,"colouredstuff:sapling_orange":1,"exnihilocoloratus:brown_barrel":8,"create:spout":4,"minecraft:sand":8,"additionallanterns:white_smooth_stone_lantern":4,"ars_nouveau:archwood_fence":1,"sophisticatedstorage:chest":38,"colouredstuff:sapling_gray":4,"create:basin":6,"botania:pure_daisy":1,"colouredstuff:dirt_none":1,"sf5_things:block_of_black_dye":14,"botania:light_gray_mystical_flower":1,"exnihilosequentia:wooden_hammer":5,"minecraft:netherrack":2,"thermal:eggplant_seeds":1,"colouredstuff:leaves_brown":1,"colouredstuff:slab_planks_green":202,"botania:red_petal":7,"colouredstuff:crafting_table_brown":2,"create:wrench":469,"exnihilosequentia:infested_leaves":17,"create:gearbox":10,"extractinator:extractinator":1,"minecraft:barrel":1,"create:encased_chain_drive":40,"colouredstuff:planks_black":30,"colouredstuff:planks_green":42,"botania:mana_pool":3,"create:fluid_pipe":49,"minecraft:cherry_log":17,"create:belt_connector":20,"sophisticatedstorage:limited_barrel_3":1,"minecraft:wheat_seeds":25,"minecraft:water_bucket":7,"botania:endoflame":7,"colouredstuff:sapling_blue":32,"botania:mana_spreader":1,"colouredstuff:log_lime":38,"create:encased_fan":9,"silentgear:sickle":508,"silentgear:axe":644,"botania:apothecary_default":2,"create:filter":6,"colouredstuff:log_stripped_brown":4,"colouredstuff:crafting_table_none":1,"colouredstuff:slab_planks_blue":205,"colouredstuff:crafting_table_light_gray":1,"sf5_things:block_of_white_dye":2,"minecraft:cobblestone":598,"colouredstuff:log_stripped_gray":4,"colouredstuff:log_green":18,"luphieclutteredmod:blue_bicycle":2,"colouredstuff:log_none":2,"minecraft:cherry_sapling":83,"exnihilocoloratus:none_barrel":2,"colouredstuff:fence_planks_green":4,"colouredstuff:sapling_green":11,"colouredstuff:trapdoor_planks_brown":36,"minecraft:player_head":3,"create:cogwheel":120,"exnihilosequentia:cooked_silkworm":1,"colouredstuff:crafting_table_cyan":1,"create:speedometer":6,"minecraft:glass":35,"create:millstone":18,"minecraft:stone_bricks":13,"minecraft:item_frame":1,"colouredstuff:slab_planks_brown":1471,"silentgear:paxel":3701,"minecraft:beetroot_seeds":1,"sf5_things:brown_apple":11,"create:polished_cut_dripstone_wall":1,"botania:brown_petal":6,"colouredstuff:sapling_brown":59,"minecraft:ender_pearl":1,"minecraft:sugar_cane":3,"botania:fertilizer":35,"minecraft:shears":4819,"colouredstuff:slab_planks_none":66,"colouredstuff:dirt_lime":5,"colouredstuff:stairs_planks_brown":25,"sf5_things:blue_apple":3,"create:andesite_casing":11,"minecraft:gravel":348,"snad:snad":4,"exnihilosequentia:stone_hammer":605,"create:stressometer":3,"minecraft:andesite":42,"create:vertical_gearbox":32,"minecraft:bone_meal":976,"create:large_cogwheel":60,"minecraft:flint_and_steel":1,"colored_torches:green_torch":4,"botania:white_double_flower":1,"exnihilocoloratus:green_crucible":4,"botania:open_crate":1,"simpletomb:grave_key":8,"gateways:gate_pearl":1,"colouredstuff:leaves_green":109,"create:mechanical_pump":22,"minecraft:dirt":313,"create:mechanical_mixer":5,"minecraft:hopper":7,"colouredstuff:sapling_none":7,"botania:twig_wand":9,"botania:light_gray_petal":18,"create:chute":4,"minecraft:stone_brick_slab":18,"colouredstuff:planks_lime":4,"colored_torches:blue_torch":62,"silentgear:shears":1010,"minecraft:cooked_beef":37,"sophisticatedstorage:basic_to_copper_tier_upgrade":1,"exnihilosequentia:fired_crucible":2,"colouredstuff:log_gray":9,"colouredstuff:log_brown":281,"botania:brown_mystical_flower":1,"minecraft:cobblestone_slab":413,"colouredstuff:fence_planks_brown":52,"botania:red_mystical_flower":1,"colouredstuff:log_stripped_lime":30,"create:mechanical_press":8,"craftingstation:crafting_station":7,"create:large_water_wheel":18,"sophisticatedstorage:copper_chest":2,"minecraft:bucket":8,"create:hand_crank":5},"minecraft:mined":{"botania:mana_pool":2,"botania:red_mystical_flower":2,"minecraft:cherry_log":959,"create:andesite_casing":38,"botania:livingwood_log":23,"snad:snad":1,"botania:light_gray_mystical_flower":1,"colouredstuff:leaves_green":665,"colouredstuff:log_lime":1,"minecraft:fire":1,"minecraft:barrel":1,"colouredstuff:log_green":90,"colouredstuff:slab_planks_lime":1,"botania:green_mystical_flower":1,"create:cogwheel":7,"minecraft:player_wall_head":2,"sf5_things:block_of_yellow_dye":27,"tintedcampfires:green_campfire":3,"colored_torches:white_torch":3,"colouredstuff:stairs_planks_brown":23,"minecraft:glass":35,"botania:endoflame":2,"colouredstuff:dirt_brown":8,"colouredstuff:sapling_none":3,"create:andesite_belt_funnel":1,"minecraft:wheat":7,"exnihilocoloratus:brown_barrel":6,"minecraft:grass":4,"exnihilocoloratus:none_barrel":1,"colouredstuff:crafting_table_cyan":1,"create:hand_crank":4,"exnihilocoloratus:green_crucible":3,"colored_torches:blue_torch":10,"colouredstuff:leaves_brown":2394,"luphieclutteredmod:blue_bicycle":1,"create:millstone":3,"minecraft:cherry_sapling":4,"colouredstuff:planks_brown":7,"colouredstuff:log_stripped_green":18,"ars_nouveau:archwood_fence":1,"obtrophies:trophy":1,"create:shaft":6,"colouredstuff:log_gray":23,"colored_torches:black_torch":1,"minecraft:andesite":42,"minecraft:cobblestone_slab":136,"minecraft:vine":33,"colouredstuff:dirt_lime":17,"sf5_things:block_of_green_dye":10,"colouredstuff:sapling_green":1,"colouredstuff:dirt_none":1,"create:mechanical_pump":3,"colouredstuff:leaves_gray":192,"exnihilosequentia:fired_crucible":3,"minecraft:tall_grass":2,"craftingstation:crafting_station":4,"colouredstuff:trapdoor_planks_brown":4,"create:gearbox":7,"colouredstuff:slab_planks_black":29,"botania:white_mystical_flower":1,"colouredstuff:fence_planks_brown":32,"sf5_things:block_of_light_gray_dye":89,"minecraft:gravel":349,"colouredstuff:slab_planks_green":150,"minecraft:stone_bricks":13,"botania:stripped_livingwood_log":1,"minecraft:grass_block":18,"colouredstuff:sapling_lime":3,"colored_torches:wall_white_torch":2,"colouredstuff:fence_planks_green":16,"colouredstuff:crafting_table_light_gray":1,"colouredstuff:log_stripped_gray":13,"botania:apothecary_default":1,"colouredstuff:slab_planks_none":97,"colouredstuff:log_none":13,"sophisticatedstorage:chest":18,"colouredstuff:leaves_blue":608,"colouredstuff:slab_planks_blue":115,"colouredstuff:door_planks_green":1,"craftingstation:crafting_station_slab":2,"additionallanterns:white_smooth_stone_lantern":2,"colouredstuff:log_blue":144,"minecraft:cobblestone":556,"botania:light_gray_buried_petals":2,"botania:light_gray_double_flower":15,"create:polished_cut_dripstone_wall":1,"minecraft:seagrass":2,"sf5_things:block_of_orange_dye":31,"botania:light_blue_buried_petals":1,"minecraft:beetroots":4,"minecraft:sand":11,"minecraft:dirt":52,"create:encased_chain_drive":5,"minecraft:netherrack":1,"ars_nouveau:blue_archwood_sapling":1,"exnihilosequentia:infested_leaves":97,"sf5_things:colorless_leaves":8,"colouredstuff:log_stripped_none":5,"create:large_cogwheel":8,"botania:brown_double_flower":8,"create:depot":1,"colouredstuff:slab_planks_brown":251,"sf5_things:block_of_gray_dye":39,"minecraft:furnace":11,"immersiveengineering:hemp":3,"sf5_things:block_of_black_dye":45,"botania:livingrock":24,"colouredstuff:leaves_none":64,"minecraft:stone":3,"botania:light_blue_double_flower":1,"colouredstuff:log_stripped_brown":4,"sophisticatedstorage:limited_barrel_3":1,"sf5_things:block_of_white_dye":47,"colouredstuff:planks_green":25,"colouredstuff:planks_lime":6,"sophisticatedstorage:copper_chest":2,"botania:white_double_flower":3,"ars_nouveau:blue_archwood_leaves":175,"colouredstuff:log_brown":578,"botania:red_double_flower":8,"ars_nouveau:blue_archwood_log":55,"colouredstuff:log_stripped_lime":30,"colouredstuff:sapling_blue":2,"minecraft:bee_nest":1,"minecraft:cherry_leaves":4633,"colouredstuff:planks_black":20,"colored_torches:green_torch":3},"minecraft:broken":{"woodenbucket:wooden_bucket":1},"minecraft:killed_by":{"minecraft:cow":2}},"DataVersion":3465}