{"stats":{"minecraft:killed":{"minecraft:shulker":17,"minecraft:skeleton":3,"minecraft:chicken":8,"minecraft:zombie":12,"minecraft:cow":47,"ars_nouveau:drygmy":13,"ars_nouveau:starbuncle":16,"ars_nouveau:wilden_guardian":15,"minecraft:witch":6,"minecraft:bee":19,"ars_nouveau:bookwyrm":1,"sushigocrafting:tuna":12,"minecraft:blaze":16,"minecraft:slime":42,"earthmobsmod:wither_skeleton_wolf":12,"ars_nouveau:summon_wolf":15,"minecraft:squid":14,"ars_nouveau:wilden_stalker":7,"ars_nouveau:wilden_hunter":11,"minecraft:wither_skeleton":40},"minecraft:broken":{"woodenbucket:wooden_bucket":3},"minecraft:used":{"minecraft:writable_book":1,"silentgear:sword":1094,"minecraft:chest":7,"minecraft:stone":33,"obtrophies:trophy":14,"ars_nouveau:relay":7,"minecraft:soul_sand":37,"colouredstuff:sapling_black":21,"colored_torches:white_torch":1,"colored_torches:purple_torch":4,"ars_nouveau:ritual_awakening":2,"colored_torches:black_torch":28,"minecraft:lava_bucket":11,"ars_nouveau:ritual_brazier":7,"ars_nouveau:red_archwood_leaves":109,"sf5_things:rgb_dye":1,"ars_nouveau:archwood_door":6,"minecraft:oak_sapling":58,"supplementaries:ash":2,"ars_nouveau:drygmy_charm":1,"minecraft:furnace":4,"tintedcampfires:green_campfire":1,"create_sabers:brass_saber_white":1,"minecraft:egg":708,"ars_nouveau:green_archwood_log":11,"colouredstuff:sapling_light_gray":28,"cyclic:battery":2,"ars_nouveau:blue_archwood_sapling":92,"colouredstuff:sapling_orange":3,"exnihilocoloratus:brown_barrel":1,"minecraft:blackstone":3,"chipped:reinforced_oak_log":2,"exnihilosequentia:stone_barrel":4,"minecraft:sand":18,"colouredstuff:log_orange":18,"exnihilocoloratus:lime_barrel":1,"colouredstuff:door_planks_brown":1,"colouredstuff:sapling_lime":35,"additionallanterns:white_smooth_stone_lantern":8,"ars_nouveau:archwood_fence":44,"cyclic:crusher":1,"ars_nouveau:purple_archwood_log":23,"sophisticatedstorage:chest":25,"minecraft:soul_lantern":11,"colouredstuff:sapling_gray":6,"create:basin":1,"forbiddensmoothies:printer":3,"colouredstuff:dirt_none":1,"colouredstuff:door_planks_green":2,"sf5_things:block_of_black_dye":8,"chipped:carpenters_table":1,"ars_nouveau:mycelial_sourcelink":1,"cyclic:item_pipe":51,"colouredstuff:sapling_light_blue":35,"minecraft:enchanting_table":1,"exnihilosequentia:wooden_hammer":129,"ars_nouveau:arcane_core":3,"colouredstuff:slab_planks_black":88,"ars_nouveau:dominion_wand":61,"ars_nouveau:orange_sbed":7,"ars_nouveau:archwood_fence_gate":2,"sophisticatedstorage:storage_output":1,"colouredstuff:water_bucket_light_gray":2,"ars_nouveau:purple_archwood_leaves":189,"minecraft:anvil":1,"exnihilosequentia:grass_seeds":36,"ars_nouveau:ritual_fertility":2,"minecraft:glow_lichen":2,"ars_nouveau:red_archwood_log":19,"sophisticatedstorage:basic_to_diamond_tier_upgrade":3,"colouredstuff:sapling_purple":73,"cyclic:energy_pipe":34,"colouredstuff:slab_planks_green":73,"ars_nouveau:starbuncle_charm":10,"minecraft:spawner":2,"sophisticatedstorage:diamond_chest":3,"colouredstuff:planks_black":53,"colouredstuff:planks_green":21,"minecraft:cherry_log":1,"silentgear:shield":3,"minecraft:pointed_dripstone":4,"minecraft:wheat_seeds":7,"minecraft:water_bucket":107,"ars_nouveau:blue_archwood_leaves":50,"sophisticatedstorage:copper_to_diamond_tier_upgrade":1,"colouredstuff:sapling_blue":2,"colouredstuff:log_lime":6,"minecraft:polished_blackstone_bricks":31,"minecraft:mossy_cobblestone":1,"ars_nouveau:blue_archwood_log":20,"silentgear:sickle":1888,"colouredstuff:planks_gray":14,"silentgear:axe":465,"cyclic:hopper":8,"create:filter":5,"minecraft:oak_log":3,"colouredstuff:fence_planks_black":26,"ars_nouveau:arcane_pedestal":25,"colouredstuff:log_black":19,"colouredstuff:log_light_gray":38,"colouredstuff:button_planks_green":1,"dimpaintings:nether_painting":12,"minecraft:chiseled_stone_bricks":17,"minecraft:cobblestone":1646,"colouredstuff:log_stripped_gray":1,"colouredstuff:log_green":25,"luphieclutteredmod:blue_bicycle":4,"colouredstuff:log_none":5,"craftingstation:crafting_station_slab":2,"exnihilocoloratus:none_barrel":2,"colouredstuff:fence_planks_green":14,"cyclic:hopper_fluid":10,"colouredstuff:sapling_green":6,"colouredstuff:sapling_cyan":112,"immersiveengineering:seed":5,"ars_nouveau:magebloom_crop":5,"colouredstuff:door_planks_black":2,"minecraft:nether_wart":34,"sophisticatedstorage:storage_tool":30,"minecraft:player_head":1,"minecraft:soul_campfire":2,"ars_nouveau:red_archwood_sapling":20,"minecraft:nether_bricks":4,"colouredstuff:crafting_table_cyan":2,"minecraft:obsidian":5,"minecraft:mossy_cobblestone_slab":8,"forbiddensmoothies:blender":2,"ars_nouveau:green_archwood_sapling":17,"minecraft:item_frame":1,"minecraft:stone_bricks":32,"minecraft:repeater":54,"colouredstuff:slab_planks_brown":13,"silentgear:paxel":4195,"ars_nouveau:sourceberry_bush":84,"cyclic:collector":6,"sf5_things:brown_apple":11,"ars_nouveau:archwood_pressure_plate":1,"minecraft:beetroot_seeds":3,"sf5_things:darktoasto":2,"create:polished_cut_dripstone_wall":13,"colouredstuff:water_bucket_red":2,"minecraft:dropper":8,"colouredstuff:sapling_brown":16,"ars_nouveau:ritual_wilden_summon":10,"ars_nouveau:bookwyrm_charm":2,"ars_nouveau:agronomic_sourcelink":9,"silentgear:mattock":160,"minecraft:dripstone_block":1,"minecraft:shears":990,"minecraft:redstone_torch":33,"ars_nouveau:enchanting_apparatus":4,"colouredstuff:slab_planks_none":41,"ars_nouveau:purple_archwood_sapling":20,"colouredstuff:dirt_lime":2,"cyclic:generator_fuel":2,"sf5_things:blue_apple":5,"dimpaintings:end_painting":2,"minecraft:gravel":235,"snad:snad":1,"thermal:onion_seeds":4,"exnihilosequentia:stone_hammer":338,"ars_nouveau:relay_splitter":1,"minecraft:chain":4,"minecraft:mossy_cobblestone_wall":3,"exnihilosequentia:silkworm":97,"colouredstuff:log_cyan":4,"minecraft:bone_meal":756,"colouredstuff:leaves_red":4,"minecraft:redstone":123,"colored_torches:green_torch":9,"colouredstuff:sapling_red":3,"minecraft:cooked_chicken":8,"exnihilocoloratus:green_crucible":3,"simpletomb:grave_key":11,"gateways:gate_pearl":15,"colouredstuff:slab_planks_lime":61,"colouredstuff:leaves_green":3,"minecraft:dirt":2778,"ars_nouveau:ritual_flight":2,"minecraft:hopper":1,"ae2:inscriber":3,"minecraft:cobblestone_wall":96,"sf5_things:gray_apple":5,"colouredstuff:sapling_none":4,"create:small_dripstone_brick_wall":4,"dimpaintings:overworld_painting":4,"colouredstuff:planks_lime":22,"ars_nouveau:green_archwood_leaves":71,"minecraft:stone_brick_slab":47,"minecraft:wooden_axe":23,"minecraft:bookshelf":15,"sophisticatedstorage:controller":2,"colored_torches:blue_torch":1,"silentgear:shears":146,"ars_nouveau:imbuement_chamber":8,"colouredstuff:gate_planks_white":1,"minecraft:golden_carrot":36,"thermal:eggplant":1,"minecraft:cooked_beef":16,"exnihilosequentia:fired_crucible":2,"ars_nouveau:storage_lectern":7,"colouredstuff:log_gray":40,"colouredstuff:log_brown":36,"colouredstuff:sapling_white":86,"minecraft:copper_block":1,"colouredstuff:sapling_magenta":19,"sf5_things:white_apple":4,"minecraft:stonecutter":2,"minecraft:cobblestone_slab":1512,"colouredstuff:water_bucket_blue":1,"ars_nouveau:sourcestone":8,"minecraft:piston":11,"minecraft:apple":35,"ars_nouveau:source_jar":22,"craftingstation:crafting_station":5,"minecraft:cracked_polished_blackstone_bricks":64,"minecraft:purple_dye":1,"silentgear:hammer":4,"minecraft:bucket":122,"colouredstuff:fence_planks_white":39,"sf5_things:cyan_apple":33,"ars_nouveau:scribes_table":5},"minecraft:killed_by":{"ars_nouveau:whirlisprig":1,"minecraft:ender_dragon":2,"minecraft:witch":2,"earthmobsmod:wither_skeleton_wolf":1},"minecraft:dropped":{"minecraft:clay":1,"minecraft:dirt":2,"minecraft:yellow_dye":63,"exnihilosequentia:wooden_hammer":1,"minecraft:gold_nugget":15,"create:goggles":1,"minecraft:sand":2917,"ars_nouveau:wilden_horn":3,"ars_nouveau:blue_archwood_log":4,"ars_nouveau:apprentice_spell_book":4,"simplehats:triangleshades":1,"minecraft:pink_dye":9,"minecraft:wheat":3,"minecraft:lime_dye":84,"silentgear:sword":3,"minecraft:white_dye":56,"simplehats:rgbbowler":1,"minecraft:beef":2,"minecraft:black_dye":126,"minecraft:wheat_seeds":44,"minecraft:cobblestone":411,"minecraft:purple_dye":401,"minecraft:golden_carrot":6,"minecraft:red_dye":205,"minecraft:smooth_stone":1,"minecraft:string":1,"minecraft:oxidized_copper":1,"minecraft:player_head":1,"silentgear:hammer":1,"minecraft:chicken":2,"minecraft:light_blue_dye":67,"woodenbucket:wooden_bucket":5,"minecraft:potato":5,"minecraft:stone":69,"silentgear:paxel":5,"botania:twig_wand":2,"luphieclutteredmod:small_shelf":1,"minecraft:magenta_dye":72,"ars_nouveau:ritual_wilden_summon":1,"minecraft:orange_dye":57,"minecraft:ender_pearl":1,"minecraft:leather":2,"create:filter":3,"lootbags:loot_bag":1,"minecraft:flint":20,"exnihilosequentia:stone_hammer":1,"minecraft:gravel":65,"sf5_things:rgb_dye":24,"minecraft:cherry_sapling":2,"patchouli:guide_book":1,"supplementaries:ash":5,"colouredstuff:sapling_white":1,"gateways:gate_pearl":1,"create_sabers:brass_saber_white":1,"sf5_things:block_of_light_gray_dye":192,"minecraft:cyan_dye":804,"colouredstuff:sapling_brown":2,"minecraft:blue_dye":857,"create:blaze_burner":5,"minecraft:green_dye":45,"sophisticatedbackpacks:crafting_upgrade":2,"minecraft:blaze_rod":1,"minecraft:raw_iron":504,"silentgear:sickle":1,"sf5_things:block_of_lime_dye":1,"silentgear:paxel_blueprint":2,"ars_nouveau:magebloom_fiber":1,"thermal:onion":1,"minecraft:raw_gold":158,"bhc:red_heart":1},"minecraft:picked_up":{"minecraft:seagrass":2,"create:polished_cut_dripstone_wall":7,"exnihilocoloratus:lime_barrel":1,"colouredstuff:log_purple":371,"minecraft:wither_rose":1,"ars_nouveau:magebloom_fiber":5,"cyclic:battery":1,"minecraft:polished_blackstone_brick_stairs":5,"minecraft:string":26,"minecraft:soul_soil":1,"sf5_things:purple_apple":135,"minecraft:beetroot":3,"sf5_things:light_blue_apple":57,"mysticalagriculture:inferium_essence":149,"minecraft:gold_nugget":2,"mysticalagriculture:none_crop_seeds":9,"thermal:eggplant":1,"limbs:zombie_left_leg":1,"ars_nouveau:archwood_fence_gate":2,"sf5_things:rgb_dye":152,"colouredstuff:log_orange":23,"colouredstuff:log_black":59,"minecraft:cherry_log":1,"sophisticatedstorage:controller":1,"gateways:gate_pearl":5,"colouredstuff:button_planks_green":2,"minecraft:golden_chestplate":1,"sf5_things:brown_apple":47,"minecraft:black_dye":175,"woodenbucket:wooden_bucket":4,"ars_nouveau:drygmy_charm":1,"colouredstuff:sapling_light_blue":86,"cyclic:item_pipe":20,"ars_nouveau:arcane_core":2,"ars_nouveau:agronomic_sourcelink":6,"ars_nouveau:apprentice_spell_book":4,"ars_nouveau:imbuement_chamber":7,"minecraft:blue_dye":156,"minecraft:red_tulip":1,"simplehats:scouter":1,"botania:livingwood_log":7,"ars_nouveau:sourceberry_bush":28,"supplementaries:ash":267,"cyclic:hopper":8,"minecraft:blaze_rod":1,"minecraft:cooked_beef":62,"silentgear:template_board":588,"ars_nouveau:manipulation_essence":3,"limbs:wither_skeleton_torso":1,"silentgear:paxel":5,"botania:cyan_mushroom":1,"minecraft:mossy_cobblestone_slab":4,"minecraft:magma_block":10,"minecraft:feather":9,"minecraft:oxidized_copper":2,"colouredstuff:log_red":26,"ars_nouveau:magebloom":79,"minecraft:flint":4,"ars_nouveau:scribes_table":4,"minecraft:lantern":2,"bhc:red_heart":6,"minecraft:stonecutter":1,"colouredstuff:log_light_blue":203,"simplehats:bandanargb":1,"sophisticatedstorage:chest":20,"create:goggles":1,"create:small_dripstone_brick_wall":2,"simplehats:hatbag_uncommon":3,"simplehats:easterhead":1,"colouredstuff:log_stripped_green":21,"minecraft:glowstone_dust":12,"simplehats:spyzombie":1,"simplehats:zigzagwitchhat":1,"immersiveengineering:raw_uranium":1,"create:empty_blaze_burner":5,"minecraft:dropper":8,"ars_nouveau:blue_archwood_leaves":92,"minecraft:ink_sac":10,"thermal:onion_seeds":10,"ars_nouveau:relay_splitter":2,"ars_nouveau:wilden_horn":17,"exnihilosequentia:silkworm":1809,"colouredstuff:sapling_black":69,"sf5_things:block_of_black_dye":22,"colored_torches:green_torch":6,"colouredstuff:cobblestone_red":1,"thermal:eggplant_seeds":2,"simplehats:fireworks":1,"minecraft:cyan_dye":527,"lootbags:loot_bag":106,"colouredstuff:log_stripped_brown":32,"ars_nouveau:red_archwood_log":544,"minecraft:nether_wart":345,"sf5_things:light_gray_apple":37,"sushigocrafting:tobiko":4,"colouredstuff:fence_planks_black":24,"colouredstuff:sapling_blue":16,"sushigocrafting:raw_tuna":4,"ars_nouveau:sorcerer_robes":1,"colouredstuff:log_cyan":656,"colouredstuff:fence_planks_green":6,"minecraft:beef":114,"ars_nouveau:stripped_green_archwood_log":1,"sf5_things:green_apple":11,"minecraft:poppy":3,"colored_torches:black_torch":5,"colouredstuff:log_magenta":368,"minecraft:piston":14,"cyclic:hopper_fluid":10,"minecraft:egg":554,"ars_nouveau:purple_archwood_log":387,"ars_nouveau:red_archwood_leaves":275,"minecraft:stone":129,"colouredstuff:slab_planks_brown":11,"simplehats:hatbag_common":2,"sophisticatedbackpacks:crafting_upgrade":2,"minecraft:white_dye":190,"heads:chicken_head":1,"minecraft:carrot":2,"ars_nouveau:ritual_wilden_summon":1,"minecraft:redstone":124,"sf5_things:block_of_light_gray_dye":64,"ars_nouveau:starbuncle_charm":11,"ars_nouveau:green_archwood_log":593,"silentgear:paxel_blueprint":2,"colouredstuff:leaves_lime":4,"ars_nouveau:enchanting_apparatus":3,"minecraft:beetroot_seeds":14,"exnihilocoloratus:none_barrel":2,"minecraft:gold_ingot":96,"exnihilosequentia:stone_barrel":3,"colouredstuff:sapling_purple":303,"minecraft:clock":3,"minecraft:blackstone_slab":1,"sf5_things:blue_apple":10,"minecraft:red_mushroom":12,"bhc:wither_bone":7,"create_sabers:brass_saber_white_off":1,"ars_nouveau:wilden_wing":8,"minecraft:oak_log":866,"ars_nouveau:relay":4,"sf5_things:block_of_blue_dye":12,"colouredstuff:log_gray":29,"colouredstuff:planks_black":55,"minecraft:spawner":2,"sf5_things:block_of_red_dye":16,"minecraft:apple":97,"minecraft:stone_bricks":1,"silentgear:shield":1,"colouredstuff:planks_lime":1,"ars_nouveau:sorcerer_hood":1,"simplehats:dimmahat":1,"sf5_things:block_of_gray_dye":11,"ars_nouveau:source_jar":16,"minecraft:gravel":233,"exnihilosequentia:stone_hammer":1,"forcecraft:recovery_heart":8,"sf5_things:white_apple":206,"dimpaintings:nether_painting":5,"simplehats:baseballeaster":1,"minecraft:slime_ball":21,"immersiveengineering:seed":41,"ars_nouveau:orange_sbed":2,"colouredstuff:log_light_gray":144,"colouredstuff:log_stripped_none":1,"colouredstuff:sapling_cyan":333,"sf5_things:block_of_orange_dye":14,"colouredstuff:sapling_magenta":207,"minecraft:ender_pearl":1,"minecraft:hopper":1,"minecraft:shulker_shell":2,"ars_nouveau:magebloom_crop":5,"simplehats:fro":3,"minecraft:wheat":87,"colouredstuff:log_green":42,"simplehats:hatbag_rare":1,"minecraft:nether_brick_fence":5,"minecraft:gilded_blackstone":9,"colouredstuff:planks_brown":1,"colouredstuff:log_stripped_black":37,"silentgear:sinew":14,"craftingstation:crafting_station":6,"simplehats:triangleshades":1,"colouredstuff:crafting_table_none":1,"ars_nouveau:archwood_pressure_plate":1,"colouredstuff:sapling_gray":20,"minecraft:smooth_stone":32,"minecraft:red_dye":32,"forbiddensmoothies:printer":2,"minecraft:redstone_torch":33,"minecraft:cobblestone_slab":205,"colouredstuff:sapling_white":406,"minecraft:furnace":9,"minecraft:stick":1405,"colouredstuff:planks_none":6,"colouredstuff:leaves_brown":1,"minecraft:torch":4,"minecraft:pointed_dripstone":4,"exnihilosequentia:wooden_hammer":1,"heads:blaze_head":2,"colouredstuff:planks_green":30,"snad:snad":1,"simplehats:swimmer":1,"sf5_things:cyan_apple":161,"ars_nouveau:sorcerer_boots":1,"colouredstuff:leaves_red":136,"minecraft:obsidian":1,"ars_nouveau:drygmy_shard":6,"minecraft:cobblestone":1410,"silentgear:sickle":1,"occultism:datura_seeds":1,"colouredstuff:sapling_orange":23,"minecraft:repeater":54,"colouredstuff:log_white":502,"colouredstuff:planks_gray":3,"ars_nouveau:archwood_door":4,"minecraft:andesite":2,"minecraft:golden_leggings":1,"mysticalagriculture:watering_can":1,"minecraft:potato":45,"sf5_things:block_of_lime_dye":104,"simplehats:kirbymouthful":1,"thermal:onion":4,"minecraft:magenta_dye":167,"minecraft:light_gray_dye":49,"ars_nouveau:earth_essence":6,"ars_nouveau:glyph_amplify":1,"sophisticatedstorage:storage_output":1,"sf5_things:black_apple":41,"minecraft:dirt":170,"immersiveengineering:hemp_fiber":299,"minecraft:bone":40,"minecraft:glass":191,"colouredstuff:sapling_green":17,"minecraft:wheat_seeds":166,"ars_nouveau:glyph_sensitive":1,"ars_nouveau:source_gem":117,"obtrophies:trophy":13,"colouredstuff:fence_planks_white":1,"minecraft:light_blue_dye":108,"minecraft:grindstone":1,"ars_nouveau:ritual_brazier":5,"ars_nouveau:glyph_randomize":1,"colouredstuff:sapling_light_gray":76,"thermal:raw_tin":1,"minecraft:sand":864,"sf5_things:magenta_apple":95,"colouredstuff:log_stripped_orange":18,"sf5_things:block_of_brown_dye":11,"ars_nouveau:sourcestone":8,"colouredstuff:door_planks_green":2,"colouredstuff:log_brown":89,"minecraft:clay":77,"colouredstuff:leaves_green":47,"create:filter":3,"minecraft:soul_lantern":2,"minecraft:cracked_polished_blackstone_bricks":281,"colouredstuff:sapling_none":18,"minecraft:bone_meal":15,"colouredstuff:log_blue":17,"minecraft:oak_sapling":2799,"ars_nouveau:arcane_pedestal":9,"simplehats:rgbbowler":2,"minecraft:cocoa_beans":3,"minecraft:charcoal":1,"colouredstuff:slab_planks_blue":5,"colouredstuff:sapling_brown":100,"minecraft:chicken":8,"minecraft:brown_mushroom":12,"ars_nouveau:blue_archwood_sapling":211,"simplehats:pighead":1,"minecraft:gold_block":3,"cyclic:collector":6,"ars_nouveau:purple_archwood_leaves":214,"colouredstuff:sapling_lime":178,"colouredstuff:dirt_lime":2,"minecraft:item_frame":1,"botania:magenta_mystical_flower":1,"minecraft:blackstone":17,"sf5_things:none_apple":6,"ars_nouveau:storage_lectern":7,"minecraft:mossy_cobblestone_wall":1,"ars_nouveau:starbuncle_shards":21,"simplehats:rgbbigribbon":1,"colored_torches:blue_torch":3,"create:basin":1,"colouredstuff:slab_planks_lime":2,"colouredstuff:sapling_red":38,"minecraft:raw_iron":72,"minecraft:orange_dye":10,"sf5_things:orange_apple":14,"ars_nouveau:glyph_underfoot":1,"ars_nouveau:blue_archwood_log":1341,"minecraft:gray_dye":13,"ars_nouveau:purple_archwood_sapling":77,"silentgear:hammer":1,"minecraft:polished_blackstone_bricks":547,"minecraft:stone_button":3,"exnihilosequentia:diorite_pebble":1,"minecraft:brown_dye":40,"additionallanterns:white_smooth_stone_lantern":4,"heads:witch_head":1,"minecraft:arrow":4,"cyclic:energy_pipe":16,"minecraft:nether_bricks":34,"ars_nouveau:bookwyrm_charm":2,"ars_nouveau:glyph_split":1,"cyclic:generator_fuel":1,"ars_nouveau:glyph_crush":1,"colouredstuff:slab_planks_none":4,"minecraft:purple_dye":211,"botania:twig_wand":1,"minecraft:basalt":29,"colouredstuff:dirt_none":1,"minecraft:golden_carrot":1,"sf5_things:block_of_white_dye":63,"minecraft:leather":37,"create:andesite_alloy":1,"minecraft:gunpowder":20,"minecraft:cobblestone_wall":7,"botania:light_gray_petal":1,"ars_nouveau:green_archwood_sapling":63,"colouredstuff:slab_planks_green":63,"sf5_things:lime_apple":68,"minecraft:iron_ingot":148,"ars_nouveau:sorcerer_leggings":1,"sf5_things:gray_apple":15,"minecraft:soul_sand":84,"colouredstuff:dirt_light_gray":20,"colouredstuff:log_stripped_gray":40,"minecraft:green_dye":77,"minecraft:book":9,"minecraft:scaffolding":1,"exnihilocoloratus:green_crucible":4,"colouredstuff:crafting_table_cyan":2,"forbiddensmoothies:blender":1,"minecraft:chiseled_stone_bricks":1,"ars_nouveau:red_archwood_sapling":76,"minecraft:stone_brick_slab":11,"minecraft:dripstone_block":1,"minecraft:amethyst_shard":15,"ars_nouveau:dominion_wand":5,"colouredstuff:log_none":11,"luphieclutteredmod:blue_bicycle":4,"ars_nouveau:wilden_spike":24,"minecraft:lime_dye":152,"colouredstuff:log_lime":199,"ars_nouveau:glyph_aoe":1,"ae2:inscriber":2,"ars_nouveau:green_archwood_leaves":409,"minecraft:cherry_sapling":83,"colouredstuff:slab_planks_black":53,"sophisticatedstorage:diamond_chest":3,"minecraft:coal":19,"silentgear:sword":3},"minecraft:crafted":{"minecraft:black_dye":101,"colouredstuff:sapling_light_gray":5,"colored_torches:black_torch":18,"gateways:gate_pearl":1,"immersiveengineering:hammer":1,"thermal:onion_seeds":1,"colouredstuff:door_planks_brown":3,"minecraft:oak_pressure_plate":1,"minecraft:blaze_powder":12,"minecraft:grass":4,"silentgear:boots_template":1,"exnihilosequentia:unfired_crucible":1,"ars_nouveau:purple_archwood_sapling":1,"sophisticatedbackpacks:crafting_upgrade":1,"sophisticatedstorage:stack_upgrade_tier_1":3,"minecraft:bookshelf":27,"patchouli:guide_book":1,"thermal:machine_frame":1,"exnihilosequentia:stone_barrel":2,"minecraft:granite":5,"colouredstuff:planks_gray":40,"minecraft:glass":57,"minecraft:quartz_block":4,"colouredstuff:button_planks_green":1,"minecraft:repeater":26,"ars_nouveau:archwood_door":3,"colouredstuff:crafting_table_brown":1,"colouredstuff:planks_none":24,"luphieclutteredmod:small_shelf":1,"ars_nouveau:apprentice_spell_book":2,"biggerreactors:cyanite_dust":1,"minecraft:magenta_dye":104,"silentgear:legging_plates":1,"colouredstuff:sapling_cyan":5,"colouredstuff:slab_planks_green":144,"minecraft:soul_campfire":2,"colouredstuff:sapling_black":2,"colouredstuff:slab_planks_none":42,"colouredstuff:door_planks_green":3,"colouredstuff:fence_planks_black":24,"hostilenetworks:deep_learner":1,"minecraft:clock":3,"exnihilosequentia:fired_crucible":1,"ars_nouveau:source_jar":6,"minecraft:mossy_cobblestone":5,"immersiveengineering:dust_uranium":1,"minecraft:copper_ingot":58,"craftingstation:crafting_station":1,"minecraft:sticky_piston":2,"sophisticatedstorage:paintbrush":1,"ars_nouveau:ritual_fertility":2,"minecraft:painting":2,"exnihilosequentia:wooden_hammer":1,"thermal:tin_gear":1,"minecraft:stone_brick_stairs":8,"minecraft:bamboo":6,"minecraft:lectern":1,"minecraft:golden_leggings":1,"cyclic:generator_fuel":1,"minecraft:stone_slab":18,"cyclic:flint_block":2,"minecraft:iron_pickaxe":2,"minecraft:iron_block":10,"colouredstuff:slab_planks_brown":30,"silentgear:paxel_blueprint":2,"minecraft:gold_ingot":89,"sophisticatedbackpacks:blasting_upgrade":1,"minecraft:light_gray_dye":205,"silentgear:helmet":1,"woodenbucket:wooden_bucket":8,"colored_torches:purple_torch":4,"minecraft:fire_charge":3,"ars_nouveau:arcane_pedestal":18,"thermal:tin_ingot":13,"xercapaint:item_palette":2,"minecraft:cyan_wool":10,"cyclic:hopper":9,"colouredstuff:sapling_red":1,"ars_nouveau:ritual_flight":2,"minecraft:iron_nugget":63,"ars_nouveau:archwood_pressure_plate":1,"minecraft:pointed_dripstone":4,"minecraft:brick_stairs":4,"exnihilosequentia:porcelain_clay":7,"sophisticatedbackpacks:stack_upgrade_tier_1":1,"minecraft:soul_torch":16,"ars_nouveau:mycelial_sourcelink":1,"ars_nouveau:relay":6,"minecraft:bone_meal":747,"minecraft:pink_dye":128,"silentgear:paxel_template":3,"minecraft:quartz":36,"cyclic:collector":1,"minecraft:netherrack":27,"minecraft:diamond":49,"sophisticatedstorage:upgrade_base":7,"ars_nouveau:novice_spell_book":2,"ars_nouveau:green_archwood_sapling":1,"sophisticatedbackpacks:auto_blasting_upgrade":1,"minecraft:ender_pearl":4,"silentgear:sword":1,"minecraft:redstone_block":1,"sophisticatedstorage:blasting_upgrade":1,"colouredstuff:sapling_light_blue":7,"minecraft:golden_helmet":1,"minecraft:dripstone_block":9,"minecraft:coal_block":2,"minecraft:firework_star":1,"ars_nouveau:ritual_wilden_summon":9,"sf5_things:block_of_pink_dye":7,"minecraft:enchanting_table":1,"minecraft:dried_kelp":15,"colouredstuff:planks_green":76,"ars_nouveau:ritual_awakening":2,"colouredstuff:gate_planks_white":2,"sophisticatedbackpacks:gold_backpack":1,"create:small_dripstone_brick_wall":2,"colouredstuff:planks_black":134,"minecraft:orange_dye":30,"thermal:copper_nugget":11,"minecraft:glow_lichen":18,"ars_nouveau:sourcestone":80,"minecraft:soul_lantern":9,"minecraft:cobblestone":358,"minecraft:golden_apple":1,"silentgear:sickle":3,"thermal:raw_tin":13,"minecraft:wooden_axe":2,"minecraft:writable_book":1,"minecraft:iron_shovel":2,"cyclic:item_pipe":32,"silentgear:rod_template":2,"minecraft:brick":297,"sophisticatedstorage:controller":1,"ars_nouveau:red_archwood_sapling":1,"minecraft:grindstone":1,"minecraft:oak_planks":16,"sf5_things:rgb_dye":5,"minecraft:cobblestone_slab":2340,"silentgear:chestplate":1,"minecraft:barrel":1,"ars_nouveau:archwood_planks":588,"sophisticatedstorage:basic_to_diamond_tier_upgrade":4,"minecraft:cooked_chicken":17,"colouredstuff:planks_brown":41,"silentgear:sword_template":1,"ars_nouveau:archwood_fence_gate":2,"colouredstuff:fence_planks_green":18,"sophisticatedstorage:barrel":2,"minecraft:stone":165,"silentgear:leggings":1,"minecraft:pink_carpet":3,"forbiddensmoothies:printer":1,"colouredstuff:slab_planks_lime":108,"colouredstuff:sapling_gray":1,"minecraft:heavy_weighted_pressure_plate":5,"silentgear:helmet_template":1,"minecraft:green_dye":141,"colouredstuff:slab_planks_black":252,"minecraft:hopper":1,"silentgear:chestplate_plates":1,"cyclic:crusher":1,"minecraft:bow":2,"minecraft:iron_boots":1,"minecraft:raw_copper":3,"silentgear:sickle_template":1,"sf5_things:block_of_purple_dye":7,"silentgear:boot_plates":1,"minecraft:comparator":2,"minecraft:mossy_cobblestone_slab":4,"minecraft:chest":27,"sf5_things:block_of_blue_dye":2,"minecraft:copper_block":1,"minecraft:chiseled_stone_bricks":23,"ars_nouveau:enchanting_apparatus":1,"minecraft:bricks":29,"ars_nouveau:archwood_fence":48,"minecraft:stone_bricks":36,"sf5_things:block_of_magenta_dye":6,"minecraft:dropper":2,"minecraft:oak_slab":6,"minecraft:item_frame":1,"sophisticatedbackpacks:backpack":1,"ars_nouveau:arcane_core":1,"lootbags:loot_bag":1,"vinery:grapevine_stem":1,"minecraft:crafting_table":2,"sophisticatedstorage:storage_tool":1,"minecraft:brown_dye":11,"minecraft:brush":1,"colouredstuff:log_magenta":8,"minecraft:brewing_stand":2,"chipped:carpenters_table":1,"sophisticatedbackpacks:upgrade_base":3,"colouredstuff:door_planks_black":3,"silentgear:blueprint_paper":12,"minecraft:diorite":8,"colouredstuff:fence_planks_white":66,"ars_nouveau:ritual_brazier":2,"create:polished_cut_dripstone_wall":6,"colored_torches:green_torch":8,"silentgear:chestplate_template":1,"silentgear:paxel":2,"minecraft:string":68,"minecraft:pink_wool":4,"minecraft:emerald_block":3,"minecraft:book":100,"minecraft:charcoal":7,"minecraft:paper":201,"minecraft:purple_dye":79,"minecraft:diamond_pickaxe":1,"exnihilosequentia:stone_hammer":1,"minecraft:yellow_dye":650,"ars_nouveau:archwood_chest":4,"colouredstuff:sapling_magenta":10,"sophisticatedbackpacks:diamond_backpack":1,"minecraft:stick":179,"minecraft:light_blue_dye":74,"minecraft:iron_ingot":129,"ars_nouveau:orange_sbed":5,"silentgear:paxel_head":2,"sophisticatedstorage:copper_to_diamond_tier_upgrade":1,"minecraft:redstone_torch":17,"ars_nouveau:scribes_table":1,"minecraft:shears":1,"cyclic:battery":1,"minecraft:redstone":90,"minecraft:raw_iron":300,"silentgear:leggings_template":1,"minecraft:coal":132,"exnihilosequentia:grass_seeds":68,"immersiveengineering:raw_uranium":1,"minecraft:golden_chestplate":1,"silentgear:rod":12,"ars_nouveau:magebloom_fiber":60,"colouredstuff:planks_white":72,"minecraft:stone_button":3,"minecraft:furnace":2,"minecraft:blast_furnace":1,"minecraft:piston":5,"minecraft:sugar_cane":204,"minecraft:mushroom_stew":1,"minecraft:gray_dye":24,"ars_nouveau:archwood_slab":210,"cyclic:energy_pipe":48,"ae2:certus_quartz_cutting_knife":1,"cyclic:cable_wrench":1,"minecraft:glass_pane":16,"exnihilocoloratus:brown_barrel":1,"tintedcampfires:green_campfire":1,"ars_nouveau:source_gem_block":8,"minecraft:scaffolding":6,"silentgear:boots":1,"forbiddensmoothies:blender":1,"sf5_things:orange_apple":3,"silentgear:sword_blade":1,"minecraft:iron_axe":2,"colouredstuff:planks_lime":210,"silentgear:sickle_blade":3,"minecraft:lime_dye":167,"silentgear:helmet_plates":1,"minecraft:cobblestone_wall":3,"cyclic:hopper_fluid":5,"minecraft:clay_ball":91,"colouredstuff:planks_orange":1,"cyclic:compressed_cobblestone":4,"ars_nouveau:agronomic_sourcelink":3,"ae2:inscriber":1,"sophisticatedbackpacks:iron_backpack":1,"minecraft:cooked_beef":2,"minecraft:red_dye":337,"dimpaintings:nether_painting":1,"minecraft:diamond_sword":7,"exnihilocoloratus:lime_barrel":1,"minecraft:cyan_dye":163,"minecraft:amethyst_shard":64,"ars_nouveau:imbuement_chamber":1,"minecraft:iron_sword":4,"eccentrictome:tome":11,"sophisticatedstorage:crafting_upgrade":1,"minecraft:bowl":4,"minecraft:bucket":3,"sophisticatedstorage:storage_output":1,"minecraft:mossy_cobblestone_wall":2,"minecraft:air":11110,"minecraft:blue_dye":508,"craftingstation:crafting_station_slab":2,"sophisticatedstorage:chest":34,"dimpaintings:end_painting":1,"createsifter:string_mesh":1,"minecraft:white_wool":10,"minecraft:gold_nugget":72,"minecraft:white_dye":669,"minecraft:raw_gold":167,"minecraft:anvil":1,"minecraft:stonecutter":4,"minecraft:andesite":4,"colouredstuff:sapling_purple":64,"sophisticatedstorage:stack_upgrade_tier_2":3,"sf5_things:block_of_lime_dye":45,"minecraft:lapis_block":10,"sf5_things:treasure_bag_template":10},"minecraft:mined":{"minecraft:obsidian":1,"botania:livingwood_log":7,"snad:snad":1,"colouredstuff:sapling_black":4,"sophisticatedstorage:controller":1,"minecraft:hopper":1,"minecraft:nether_wart":48,"colouredstuff:leaves_green":127,"minecraft:spawner":4,"colouredstuff:log_lime":202,"minecraft:polished_blackstone_bricks":512,"botania:cyan_mushroom":1,"colouredstuff:log_red":21,"colouredstuff:fence_planks_black":26,"minecraft:fire":38,"cyclic:item_pipe":20,"thermal:eggplant":1,"colouredstuff:planks_gray":6,"colouredstuff:log_green":40,"colouredstuff:slab_planks_lime":1,"colouredstuff:log_white":502,"minecraft:player_head":1,"cyclic:hopper":8,"colouredstuff:leaves_lime":1657,"minecraft:brown_mushroom":12,"sf5_things:block_of_red_dye":16,"sophisticatedstorage:diamond_chest":3,"minecraft:oxidized_copper":1,"ars_nouveau:archwood_door":4,"cyclic:hopper_fluid":10,"colouredstuff:leaves_white":3983,"colouredstuff:sapling_none":1,"create:basin":1,"minecraft:repeater":31,"minecraft:wheat":13,"minecraft:wither_rose":1,"minecraft:grass":28,"exnihilocoloratus:none_barrel":3,"colouredstuff:crafting_table_cyan":2,"ars_nouveau:archwood_fence_gate":2,"exnihilocoloratus:green_crucible":4,"minecraft:stonecutter":1,"colored_torches:blue_torch":3,"minecraft:piston":11,"colouredstuff:leaves_brown":857,"ars_nouveau:relay":1,"colouredstuff:crafting_table_none":1,"minecraft:nether_bricks":12,"colouredstuff:log_stripped_green":20,"cyclic:energy_pipe":31,"minecraft:redstone_wire":85,"colouredstuff:button_planks_green":1,"minecraft:red_mushroom":12,"obtrophies:trophy":5,"colouredstuff:door_planks_black":1,"colouredstuff:log_gray":29,"colored_torches:black_torch":1,"minecraft:cobblestone_slab":280,"minecraft:vine":24,"colouredstuff:log_stripped_black":37,"colouredstuff:sapling_gray":1,"colouredstuff:sapling_magenta":12,"colouredstuff:dirt_lime":2,"colouredstuff:log_cyan":598,"cyclic:battery":1,"colouredstuff:fence_planks_white":2,"colouredstuff:log_purple":320,"minecraft:soul_sand":46,"colouredstuff:sapling_green":2,"colouredstuff:leaves_purple":2963,"colouredstuff:dirt_none":1,"minecraft:dropper":8,"colouredstuff:leaves_gray":278,"ars_nouveau:purple_archwood_sapling":4,"minecraft:tall_grass":20,"colouredstuff:log_stripped_orange":18,"ars_nouveau:source_jar":9,"craftingstation:crafting_station":6,"minecraft:black_stained_glass":9,"minecraft:cobblestone_wall":10,"ars_nouveau:arcane_pedestal":8,"colouredstuff:slab_planks_black":59,"colouredstuff:slab_cobblestone_red":1,"colouredstuff:sapling_orange":1,"minecraft:dripstone_block":1,"minecraft:gravel":234,"forbiddensmoothies:blender":1,"colouredstuff:slab_planks_green":51,"ars_nouveau:imbuement_chamber":6,"colouredstuff:sapling_white":4,"exnihilocoloratus:lime_barrel":1,"colouredstuff:log_light_blue":195,"colouredstuff:leaves_red":441,"colouredstuff:leaves_black":688,"colouredstuff:log_magenta":361,"colouredstuff:leaves_cyan":3310,"ars_nouveau:orange_sbed":2,"minecraft:grass_block":5,"colouredstuff:sapling_lime":9,"minecraft:cracked_polished_blackstone_bricks":264,"ars_nouveau:sourceberry_bush":3,"colouredstuff:fence_planks_green":2,"minecraft:gilded_blackstone":8,"ars_nouveau:arcane_core":2,"colouredstuff:leaves_orange":218,"colouredstuff:log_stripped_gray":41,"supplementaries:ash":11,"colouredstuff:log_black":62,"colouredstuff:slab_planks_none":7,"colouredstuff:log_none":13,"sophisticatedstorage:chest":21,"ars_nouveau:red_archwood_log":512,"minecraft:red_tulip":1,"minecraft:pointed_dripstone":2,"colouredstuff:leaves_blue":136,"ars_nouveau:enchanting_apparatus":3,"ars_nouveau:ritual_brazier":2,"colouredstuff:door_planks_green":1,"minecraft:blackstone":17,"additionallanterns:white_smooth_stone_lantern":3,"ars_nouveau:stripped_green_archwood_log":1,"minecraft:poppy":3,"colouredstuff:log_blue":17,"ars_nouveau:archwood_pressure_plate":1,"minecraft:cobblestone":1353,"colouredstuff:leaves_light_gray":629,"botania:light_gray_buried_petals":1,"ars_nouveau:scribes_table":2,"create:polished_cut_dripstone_wall":7,"ars_nouveau:red_archwood_leaves":1352,"minecraft:seagrass":2,"sf5_things:block_of_orange_dye":12,"minecraft:oak_log":29,"colouredstuff:door_planks_brown":1,"minecraft:sand":21,"minecraft:dirt":73,"ars_nouveau:red_archwood_sapling":2,"minecraft:oak_leaves":449,"exnihilosequentia:infested_leaves":26,"ars_nouveau:blue_archwood_sapling":55,"sf5_things:colorless_leaves":49,"cyclic:collector":3,"ars_nouveau:green_archwood_leaves":1505,"colouredstuff:log_stripped_none":1,"minecraft:glow_lichen":2,"ars_nouveau:storage_lectern":4,"ae2:inscriber":2,"colouredstuff:planks_none":6,"colouredstuff:log_light_gray":135,"colouredstuff:slab_planks_brown":3,"minecraft:furnace":1,"ars_nouveau:sourcestone":8,"sf5_things:block_of_black_dye":22,"colouredstuff:sapling_brown":3,"minecraft:gold_block":3,"minecraft:nether_brick_fence":1,"colouredstuff:leaves_magenta":1784,"minecraft:bookshelf":3,"ars_nouveau:agronomic_sourcelink":2,"create:small_dripstone_brick_wall":2,"colouredstuff:leaves_none":100,"minecraft:lantern":1,"colouredstuff:leaves_light_blue":819,"colouredstuff:cobblestone_red":1,"minecraft:stone":19,"ars_nouveau:purple_archwood_log":373,"forbiddensmoothies:printer":2,"minecraft:scaffolding":1,"colouredstuff:log_stripped_brown":33,"ars_nouveau:green_archwood_log":560,"sf5_things:block_of_white_dye":42,"minecraft:basalt":28,"colouredstuff:planks_green":38,"colouredstuff:planks_lime":1,"colouredstuff:sapling_cyan":3,"colouredstuff:sapling_purple":12,"exnihilosequentia:stone_barrel":4,"cyclic:generator_fuel":1,"minecraft:polished_blackstone_brick_stairs":3,"ars_nouveau:blue_archwood_leaves":2993,"colouredstuff:log_brown":88,"colouredstuff:log_orange":23,"ars_nouveau:blue_archwood_log":1333,"ars_nouveau:purple_archwood_leaves":1175,"minecraft:redstone_torch":33,"sf5_things:block_of_lime_dye":82,"colouredstuff:sapling_blue":1,"minecraft:bee_nest":2,"minecraft:cherry_leaves":274,"colouredstuff:planks_black":63,"colored_torches:green_torch":5},"minecraft:custom":{"minecraft:open_barrel":2,"minecraft:leave_game":40,"minecraft:time_since_death":78795,"minecraft:damage_blocked_by_shield":89,"minecraft:play_time":3317635,"minecraft:deaths":11,"minecraft:jump":4398,"minecraft:enchant_item":2,"minecraft:interact_with_furnace":248,"minecraft:damage_dealt":35357,"minecraft:inspect_dropper":57,"minecraft:inspect_hopper":4,"minecraft:damage_dealt_absorbed":40,"minecraft:sneak_time":17883,"minecraft:total_world_time":3317635,"minecraft:interact_with_stonecutter":15,"minecraft:time_since_rest":79072,"minecraft:swim_one_cm":3950,"minecraft:fly_one_cm":2675454,"minecraft:open_chest":1555,"minecraft:fall_one_cm":489000,"minecraft:animals_bred":1,"minecraft:damage_resisted":0,"minecraft:sprint_one_cm":867970,"minecraft:drop":914,"minecraft:walk_on_water_one_cm":57668,"minecraft:player_kills":1,"minecraft:crouch_one_cm":28813,"minecraft:mob_kills":353,"minecraft:interact_with_campfire":225,"minecraft:damage_dealt_resisted":0,"minecraft:climb_one_cm":9088,"minecraft:walk_one_cm":8336299,"gateways:gates_defeated":9,"minecraft:walk_under_water_one_cm":20185,"minecraft:damage_taken":8675}},"DataVersion":3465}