{"stats":{"minecraft:mined":{"colouredstuff:sapling_white":4,"exnihilocoloratus:lime_barrel":1,"colouredstuff:leaves_black":688,"minecraft:obsidian":1,"minecraft:grass_block":1,"colouredstuff:sapling_lime":9,"sophisticatedstorage:controller":1,"snad:snad":1,"colouredstuff:sapling_black":4,"minecraft:hopper":1,"colouredstuff:fence_planks_green":2,"colouredstuff:leaves_green":127,"colouredstuff:leaves_orange":218,"colouredstuff:log_lime":202,"colouredstuff:log_stripped_gray":41,"colouredstuff:fence_planks_black":26,"supplementaries:ash":11,"minecraft:fire":26,"colouredstuff:slab_planks_none":7,"colouredstuff:log_black":62,"cyclic:item_pipe":17,"colouredstuff:log_none":13,"sophisticatedstorage:chest":18,"minecraft:pointed_dripstone":2,"thermal:eggplant":1,"colouredstuff:planks_gray":6,"colouredstuff:leaves_blue":136,"colouredstuff:log_green":40,"colouredstuff:slab_planks_lime":1,"colouredstuff:log_white":502,"minecraft:player_head":1,"cyclic:hopper":8,"colouredstuff:leaves_lime":1657,"colouredstuff:door_planks_green":1,"sf5_things:block_of_red_dye":16,"additionallanterns:white_smooth_stone_lantern":3,"sophisticatedstorage:diamond_chest":3,"minecraft:oxidized_copper":1,"ars_nouveau:archwood_door":4,"colouredstuff:log_blue":17,"cyclic:hopper_fluid":10,"minecraft:cobblestone":836,"colouredstuff:leaves_white":3983,"create:polished_cut_dripstone_wall":7,"colouredstuff:sapling_none":1,"minecraft:seagrass":2,"create:basin":1,"sf5_things:block_of_orange_dye":12,"minecraft:repeater":31,"minecraft:wheat":13,"colouredstuff:crafting_table_cyan":2,"colouredstuff:door_planks_brown":1,"minecraft:wither_rose":1,"minecraft:grass":27,"minecraft:oak_log":29,"exnihilocoloratus:none_barrel":3,"minecraft:sand":15,"minecraft:dirt":1,"ars_nouveau:archwood_fence_gate":2,"exnihilocoloratus:green_crucible":4,"minecraft:stonecutter":1,"colored_torches:blue_torch":1,"minecraft:piston":11,"minecraft:oak_leaves":404,"exnihilosequentia:infested_leaves":26,"colouredstuff:leaves_brown":854,"sf5_things:colorless_leaves":49,"cyclic:collector":3,"colouredstuff:log_stripped_none":1,"colouredstuff:crafting_table_none":1,"colouredstuff:log_stripped_green":20,"cyclic:energy_pipe":31,"minecraft:redstone_wire":85,"colouredstuff:button_planks_green":1,"colouredstuff:planks_none":6,"obtrophies:trophy":5,"colouredstuff:slab_planks_brown":3,"minecraft:furnace":1,"colouredstuff:door_planks_black":1,"colouredstuff:log_gray":29,"colored_torches:black_torch":1,"sf5_things:block_of_black_dye":22,"colouredstuff:sapling_brown":3,"minecraft:vine":24,"create:small_dripstone_brick_wall":2,"minecraft:cobblestone_slab":195,"colouredstuff:leaves_none":100,"colouredstuff:cobblestone_red":1,"colouredstuff:log_stripped_black":37,"colouredstuff:sapling_gray":1,"minecraft:stone":17,"colouredstuff:dirt_lime":2,"forbiddensmoothies:printer":2,"cyclic:battery":1,"colouredstuff:fence_planks_white":2,"colouredstuff:log_stripped_brown":33,"sf5_things:block_of_white_dye":42,"colouredstuff:sapling_green":2,"colouredstuff:planks_green":38,"colouredstuff:dirt_none":1,"colouredstuff:planks_lime":1,"exnihilosequentia:stone_barrel":4,"minecraft:dropper":8,"colouredstuff:leaves_gray":278,"minecraft:tall_grass":20,"colouredstuff:log_stripped_orange":18,"cyclic:generator_fuel":1,"ars_nouveau:blue_archwood_leaves":529,"craftingstation:crafting_station":5,"colouredstuff:log_brown":88,"colouredstuff:log_orange":23,"minecraft:black_stained_glass":9,"ars_nouveau:blue_archwood_log":188,"minecraft:cobblestone_wall":10,"minecraft:redstone_torch":33,"sf5_things:block_of_lime_dye":82,"colouredstuff:slab_planks_black":59,"colouredstuff:sapling_blue":1,"minecraft:bee_nest":2,"colouredstuff:slab_cobblestone_red":1,"colouredstuff:sapling_orange":1,"minecraft:cherry_leaves":202,"forbiddensmoothies:blender":1,"minecraft:gravel":234,"minecraft:dripstone_block":1,"colouredstuff:slab_planks_green":51,"colouredstuff:planks_black":63,"colored_torches:green_torch":5},"minecraft:picked_up":{"simplehats:fro":1,"minecraft:seagrass":2,"minecraft:wheat":72,"colouredstuff:log_green":42,"simplehats:hatbag_rare":1,"create:polished_cut_dripstone_wall":7,"exnihilocoloratus:lime_barrel":1,"minecraft:wither_rose":1,"cyclic:battery":1,"colouredstuff:log_stripped_black":37,"silentgear:sinew":12,"minecraft:string":26,"craftingstation:crafting_station":4,"simplehats:triangleshades":1,"colouredstuff:crafting_table_none":1,"minecraft:beetroot":3,"minecraft:smooth_stone":32,"colouredstuff:sapling_gray":20,"mysticalagriculture:inferium_essence":149,"mysticalagriculture:none_crop_seeds":9,"limbs:zombie_left_leg":1,"minecraft:red_dye":14,"minecraft:cobblestone_slab":172,"forbiddensmoothies:printer":2,"minecraft:redstone_torch":33,"thermal:eggplant":1,"ars_nouveau:archwood_fence_gate":2,"colouredstuff:sapling_white":406,"sf5_things:rgb_dye":152,"minecraft:furnace":1,"minecraft:stick":392,"colouredstuff:leaves_brown":1,"colouredstuff:planks_none":6,"colouredstuff:log_orange":23,"colouredstuff:log_black":59,"sophisticatedstorage:controller":1,"minecraft:pointed_dripstone":4,"gateways:gate_pearl":2,"colouredstuff:button_planks_green":2,"sf5_things:brown_apple":47,"heads:blaze_head":2,"minecraft:black_dye":175,"woodenbucket:wooden_bucket":3,"exnihilosequentia:wooden_hammer":1,"colouredstuff:planks_green":30,"snad:snad":1,"cyclic:item_pipe":17,"simplehats:swimmer":1,"minecraft:blue_dye":9,"supplementaries:ash":264,"cyclic:hopper":8,"minecraft:obsidian":1,"silentgear:template_board":584,"silentgear:sickle":1,"minecraft:cobblestone":622,"limbs:wither_skeleton_torso":1,"silentgear:paxel":4,"occultism:datura_seeds":1,"minecraft:feather":1,"colouredstuff:sapling_orange":23,"minecraft:oxidized_copper":2,"minecraft:repeater":54,"colouredstuff:log_white":502,"colouredstuff:planks_gray":3,"ars_nouveau:archwood_door":4,"minecraft:andesite":2,"sf5_things:block_of_lime_dye":104,"thermal:onion":4,"minecraft:flint":4,"sf5_things:black_apple":41,"minecraft:dirt":20,"immersiveengineering:hemp_fiber":244,"bhc:red_heart":3,"minecraft:bone":40,"colouredstuff:sapling_green":17,"minecraft:stonecutter":1,"minecraft:wheat_seeds":139,"obtrophies:trophy":7,"colouredstuff:fence_planks_white":1,"create:goggles":1,"sophisticatedstorage:chest":17,"create:small_dripstone_brick_wall":2,"simplehats:easterhead":1,"simplehats:hatbag_uncommon":3,"colouredstuff:log_stripped_green":21,"simplehats:spyzombie":1,"simplehats:zigzagwitchhat":1,"thermal:raw_tin":1,"immersiveengineering:raw_uranium":1,"create:empty_blaze_burner":5,"minecraft:sand":516,"minecraft:dropper":8,"colouredstuff:log_stripped_orange":18,"thermal:onion_seeds":10,"sf5_things:block_of_brown_dye":11,"exnihilosequentia:silkworm":807,"sf5_things:block_of_black_dye":22,"colouredstuff:sapling_black":69,"colouredstuff:door_planks_green":2,"colored_torches:green_torch":6,"colouredstuff:log_brown":89,"minecraft:clay":77,"colouredstuff:leaves_green":47,"create:filter":2,"colouredstuff:cobblestone_red":1,"thermal:eggplant_seeds":2,"colouredstuff:sapling_none":18,"minecraft:bone_meal":15,"colouredstuff:log_blue":17,"minecraft:cyan_dye":26,"minecraft:oak_sapling":94,"lootbags:loot_bag":43,"colouredstuff:log_stripped_brown":32,"minecraft:cocoa_beans":3,"minecraft:charcoal":1,"colouredstuff:slab_planks_blue":5,"colouredstuff:sapling_brown":100,"minecraft:chicken":2,"ars_nouveau:blue_archwood_sapling":27,"simplehats:pighead":1,"cyclic:collector":3,"colouredstuff:fence_planks_black":24,"colouredstuff:sapling_blue":16,"colouredstuff:sapling_lime":178,"colouredstuff:dirt_lime":2,"botania:magenta_mystical_flower":1,"colouredstuff:fence_planks_green":6,"sf5_things:none_apple":6,"minecraft:beef":69,"create:basin":1,"sf5_things:green_apple":11,"colored_torches:black_torch":4,"cyclic:hopper_fluid":10,"minecraft:piston":11,"colouredstuff:slab_planks_lime":2,"minecraft:egg":8,"minecraft:raw_iron":8,"minecraft:orange_dye":10,"minecraft:stone":128,"colouredstuff:slab_planks_brown":1,"sf5_things:orange_apple":14,"sophisticatedbackpacks:crafting_upgrade":2,"minecraft:gray_dye":13,"ars_nouveau:blue_archwood_log":188,"silentgear:hammer":1,"minecraft:white_dye":190,"exnihilosequentia:diorite_pebble":1,"minecraft:redstone":121,"minecraft:brown_dye":40,"additionallanterns:white_smooth_stone_lantern":4,"silentgear:paxel_blueprint":2,"minecraft:arrow":4,"colouredstuff:leaves_lime":4,"minecraft:beetroot_seeds":13,"cyclic:energy_pipe":16,"exnihilocoloratus:none_barrel":2,"cyclic:generator_fuel":1,"exnihilosequentia:stone_barrel":3,"colouredstuff:slab_planks_none":4,"colouredstuff:dirt_none":1,"sf5_things:block_of_white_dye":63,"minecraft:leather":31,"sf5_things:blue_apple":10,"bhc:wither_bone":7,"minecraft:oak_log":29,"create:andesite_alloy":1,"minecraft:cobblestone_wall":7,"sf5_things:block_of_blue_dye":12,"colouredstuff:log_gray":29,"colouredstuff:planks_black":55,"sf5_things:block_of_red_dye":16,"colouredstuff:slab_planks_green":63,"minecraft:apple":2,"silentgear:shield":1,"sf5_things:lime_apple":68,"minecraft:iron_ingot":144,"sf5_things:gray_apple":15,"colouredstuff:planks_lime":1,"simplehats:dimmahat":1,"colouredstuff:log_stripped_gray":40,"sf5_things:block_of_gray_dye":11,"minecraft:green_dye":77,"colouredstuff:crafting_table_cyan":2,"exnihilocoloratus:green_crucible":4,"forbiddensmoothies:blender":1,"minecraft:dripstone_block":1,"minecraft:gravel":233,"exnihilosequentia:stone_hammer":1,"forcecraft:recovery_heart":4,"colouredstuff:log_none":11,"sf5_things:white_apple":206,"dimpaintings:nether_painting":5,"minecraft:lime_dye":102,"simplehats:baseballeaster":1,"immersiveengineering:seed":35,"colouredstuff:log_lime":199,"minecraft:cherry_sapling":65,"colouredstuff:slab_planks_black":53,"sophisticatedstorage:diamond_chest":3,"colouredstuff:log_stripped_none":1,"sf5_things:block_of_orange_dye":14,"minecraft:coal":19,"minecraft:hopper":1,"silentgear:sword":2},"minecraft:broken":{"woodenbucket:wooden_bucket":3},"minecraft:used":{"craftingstation:crafting_station_slab":2,"exnihilocoloratus:none_barrel":2,"colouredstuff:fence_planks_green":14,"silentgear:sword":508,"cyclic:hopper_fluid":10,"colouredstuff:sapling_green":6,"immersiveengineering:seed":5,"colouredstuff:door_planks_black":2,"minecraft:stone":4,"obtrophies:trophy":8,"minecraft:player_head":1,"colouredstuff:crafting_table_cyan":2,"colouredstuff:sapling_black":21,"colored_torches:white_torch":1,"colored_torches:black_torch":27,"minecraft:lava_bucket":10,"forbiddensmoothies:blender":2,"minecraft:item_frame":1,"sf5_things:rgb_dye":1,"minecraft:repeater":54,"silentgear:paxel":2491,"ars_nouveau:archwood_door":6,"cyclic:collector":4,"supplementaries:ash":2,"minecraft:oak_sapling":58,"minecraft:furnace":2,"sf5_things:brown_apple":11,"tintedcampfires:green_campfire":1,"minecraft:beetroot_seeds":3,"minecraft:egg":35,"sf5_things:darktoasto":2,"create:polished_cut_dripstone_wall":13,"cyclic:battery":2,"colouredstuff:water_bucket_red":2,"ars_nouveau:blue_archwood_sapling":35,"minecraft:dropper":8,"colouredstuff:sapling_orange":3,"colouredstuff:sapling_brown":16,"exnihilocoloratus:brown_barrel":1,"exnihilosequentia:stone_barrel":4,"minecraft:sand":18,"colouredstuff:log_orange":18,"colouredstuff:door_planks_brown":1,"exnihilocoloratus:lime_barrel":1,"colouredstuff:sapling_lime":35,"minecraft:dripstone_block":1,"silentgear:mattock":49,"additionallanterns:white_smooth_stone_lantern":8,"minecraft:redstone_torch":33,"colouredstuff:slab_planks_none":41,"colouredstuff:dirt_lime":2,"ars_nouveau:archwood_fence":44,"cyclic:crusher":1,"cyclic:generator_fuel":2,"dimpaintings:end_painting":1,"sf5_things:blue_apple":5,"snad:snad":1,"minecraft:gravel":235,"sophisticatedstorage:chest":22,"create:basin":1,"colouredstuff:sapling_gray":6,"thermal:onion_seeds":4,"forbiddensmoothies:printer":3,"colouredstuff:dirt_none":1,"exnihilosequentia:stone_hammer":338,"colouredstuff:door_planks_green":2,"sf5_things:block_of_black_dye":8,"exnihilosequentia:silkworm":97,"minecraft:bone_meal":219,"cyclic:item_pipe":48,"exnihilosequentia:wooden_hammer":129,"colouredstuff:slab_planks_black":88,"colored_torches:green_torch":9,"minecraft:redstone":123,"ars_nouveau:archwood_fence_gate":2,"sophisticatedstorage:storage_output":1,"exnihilocoloratus:green_crucible":3,"simpletomb:grave_key":6,"colouredstuff:slab_planks_lime":61,"colouredstuff:leaves_green":3,"gateways:gate_pearl":7,"minecraft:dirt":23,"minecraft:hopper":1,"exnihilosequentia:grass_seeds":17,"minecraft:cobblestone_wall":96,"sf5_things:gray_apple":5,"colouredstuff:sapling_none":4,"create:small_dripstone_brick_wall":4,"dimpaintings:overworld_painting":4,"sophisticatedstorage:basic_to_diamond_tier_upgrade":3,"colouredstuff:planks_lime":22,"minecraft:wooden_axe":23,"cyclic:energy_pipe":34,"colouredstuff:slab_planks_green":73,"sophisticatedstorage:controller":2,"sophisticatedstorage:diamond_chest":3,"silentgear:shears":6,"colouredstuff:gate_planks_white":1,"colouredstuff:planks_black":53,"colouredstuff:planks_green":21,"thermal:eggplant":1,"minecraft:cooked_beef":6,"silentgear:shield":1,"minecraft:pointed_dripstone":4,"exnihilosequentia:fired_crucible":2,"minecraft:wheat_seeds":7,"minecraft:water_bucket":10,"colouredstuff:log_gray":40,"sophisticatedstorage:copper_to_diamond_tier_upgrade":1,"colouredstuff:log_brown":36,"colouredstuff:sapling_blue":2,"colouredstuff:sapling_white":86,"minecraft:copper_block":1,"sf5_things:white_apple":4,"minecraft:stonecutter":2,"colouredstuff:log_lime":6,"minecraft:cobblestone_slab":1404,"colouredstuff:water_bucket_blue":1,"colouredstuff:planks_gray":14,"ars_nouveau:blue_archwood_log":7,"silentgear:sickle":1887,"silentgear:axe":465,"cyclic:hopper":8,"create:filter":4,"colouredstuff:fence_planks_black":26,"minecraft:piston":11,"craftingstation:crafting_station":4,"silentgear:hammer":4,"colouredstuff:log_black":19,"dimpaintings:nether_painting":12,"colouredstuff:button_planks_green":1,"minecraft:cobblestone":768,"colouredstuff:log_green":25,"colouredstuff:log_stripped_gray":1,"colouredstuff:fence_planks_white":39,"minecraft:bucket":23,"colouredstuff:log_none":5},"minecraft:crafted":{"minecraft:brick":297,"sophisticatedstorage:controller":1,"minecraft:black_dye":101,"gateways:gate_pearl":1,"colored_torches:black_torch":18,"minecraft:oak_planks":16,"sf5_things:rgb_dye":5,"immersiveengineering:hammer":1,"minecraft:barrel":1,"minecraft:cobblestone_slab":2322,"ars_nouveau:archwood_planks":60,"thermal:onion_seeds":1,"colouredstuff:door_planks_brown":3,"sophisticatedstorage:basic_to_diamond_tier_upgrade":4,"colouredstuff:planks_brown":41,"ars_nouveau:archwood_fence_gate":2,"colouredstuff:fence_planks_green":18,"minecraft:grass":4,"sophisticatedstorage:barrel":2,"minecraft:stone":160,"exnihilosequentia:unfired_crucible":1,"sophisticatedbackpacks:crafting_upgrade":1,"forbiddensmoothies:printer":1,"colouredstuff:slab_planks_lime":108,"colouredstuff:sapling_gray":1,"sophisticatedstorage:stack_upgrade_tier_1":3,"minecraft:bookshelf":12,"minecraft:heavy_weighted_pressure_plate":5,"patchouli:guide_book":1,"thermal:machine_frame":1,"exnihilosequentia:stone_barrel":2,"minecraft:green_dye":141,"minecraft:hopper":1,"colouredstuff:planks_gray":40,"colouredstuff:slab_planks_black":252,"minecraft:glass":57,"colouredstuff:button_planks_green":1,"minecraft:repeater":26,"cyclic:crusher":1,"minecraft:raw_copper":3,"ars_nouveau:archwood_door":3,"silentgear:sickle_template":1,"sf5_things:block_of_purple_dye":7,"minecraft:comparator":2,"colouredstuff:crafting_table_brown":1,"minecraft:chest":5,"luphieclutteredmod:small_shelf":1,"sf5_things:block_of_blue_dye":2,"minecraft:copper_block":1,"colouredstuff:planks_none":24,"minecraft:bricks":29,"ars_nouveau:archwood_fence":48,"biggerreactors:cyanite_dust":1,"minecraft:magenta_dye":72,"minecraft:stone_bricks":32,"sf5_things:block_of_magenta_dye":6,"minecraft:oak_slab":6,"minecraft:dropper":2,"minecraft:item_frame":1,"sophisticatedbackpacks:backpack":1,"colouredstuff:slab_planks_green":144,"colouredstuff:sapling_black":2,"vinery:grapevine_stem":1,"minecraft:crafting_table":1,"colouredstuff:slab_planks_none":42,"colouredstuff:door_planks_green":3,"colouredstuff:fence_planks_black":24,"minecraft:brown_dye":11,"minecraft:brush":1,"immersiveengineering:dust_uranium":1,"exnihilosequentia:fired_crucible":1,"minecraft:copper_ingot":58,"craftingstation:crafting_station":1,"colouredstuff:fence_planks_white":66,"sophisticatedbackpacks:upgrade_base":3,"colouredstuff:door_planks_black":3,"silentgear:blueprint_paper":12,"minecraft:painting":2,"create:polished_cut_dripstone_wall":6,"exnihilosequentia:wooden_hammer":1,"colored_torches:green_torch":8,"thermal:tin_gear":1,"minecraft:stone_brick_stairs":8,"silentgear:paxel":2,"minecraft:string":25,"minecraft:book":47,"minecraft:yellow_dye":11,"minecraft:paper":201,"minecraft:charcoal":7,"exnihilosequentia:stone_hammer":1,"minecraft:purple_dye":69,"cyclic:generator_fuel":1,"sophisticatedbackpacks:blasting_upgrade":1,"sophisticatedbackpacks:diamond_backpack":1,"minecraft:stick":179,"minecraft:stone_slab":6,"minecraft:light_blue_dye":10,"cyclic:flint_block":2,"minecraft:iron_ingot":129,"minecraft:iron_block":7,"colouredstuff:slab_planks_brown":30,"silentgear:paxel_head":2,"silentgear:paxel_blueprint":2,"sophisticatedstorage:copper_to_diamond_tier_upgrade":1,"minecraft:gold_ingot":8,"minecraft:light_gray_dye":74,"woodenbucket:wooden_bucket":8,"minecraft:redstone_torch":17,"xercapaint:item_palette":2,"thermal:tin_ingot":13,"cyclic:hopper":9,"cyclic:battery":1,"minecraft:redstone":90,"minecraft:raw_iron":12,"minecraft:coal":132,"exnihilosequentia:grass_seeds":68,"immersiveengineering:raw_uranium":1,"minecraft:iron_nugget":9,"silentgear:rod":8,"minecraft:pointed_dripstone":4,"minecraft:brick_stairs":4,"exnihilosequentia:porcelain_clay":7,"sophisticatedbackpacks:stack_upgrade_tier_1":1,"colouredstuff:planks_white":72,"minecraft:furnace":2,"minecraft:blast_furnace":1,"minecraft:piston":2,"minecraft:sugar_cane":204,"minecraft:gray_dye":24,"minecraft:bone_meal":118,"ars_nouveau:archwood_slab":6,"minecraft:pink_dye":65,"cyclic:energy_pipe":48,"silentgear:paxel_template":3,"minecraft:quartz":2,"cyclic:cable_wrench":1,"minecraft:glass_pane":16,"exnihilocoloratus:brown_barrel":1,"cyclic:collector":1,"tintedcampfires:green_campfire":1,"minecraft:netherrack":27,"minecraft:diamond":49,"forbiddensmoothies:blender":1,"sf5_things:orange_apple":3,"sophisticatedstorage:upgrade_base":7,"colouredstuff:planks_lime":210,"silentgear:sickle_blade":3,"sophisticatedbackpacks:auto_blasting_upgrade":1,"minecraft:lime_dye":167,"minecraft:cobblestone_wall":3,"cyclic:hopper_fluid":5,"minecraft:clay_ball":91,"minecraft:redstone_block":1,"sophisticatedstorage:blasting_upgrade":1,"colouredstuff:planks_orange":1,"cyclic:compressed_cobblestone":4,"sophisticatedbackpacks:iron_backpack":1,"minecraft:cooked_beef":2,"minecraft:dripstone_block":9,"minecraft:coal_block":2,"minecraft:red_dye":335,"dimpaintings:nether_painting":1,"minecraft:diamond_sword":6,"exnihilocoloratus:lime_barrel":1,"minecraft:cyan_dye":117,"minecraft:amethyst_shard":2,"sf5_things:block_of_pink_dye":7,"minecraft:dried_kelp":15,"colouredstuff:planks_green":76,"sophisticatedstorage:crafting_upgrade":1,"eccentrictome:tome":10,"colouredstuff:gate_planks_white":2,"sophisticatedbackpacks:gold_backpack":1,"minecraft:bucket":2,"sophisticatedstorage:storage_output":1,"colouredstuff:planks_black":134,"create:small_dripstone_brick_wall":2,"minecraft:orange_dye":30,"thermal:copper_nugget":11,"minecraft:air":6791,"minecraft:blue_dye":463,"craftingstation:crafting_station_slab":2,"sophisticatedstorage:chest":34,"dimpaintings:end_painting":1,"minecraft:white_wool":3,"minecraft:cobblestone":310,"minecraft:white_dye":414,"minecraft:raw_gold":9,"silentgear:sickle":3,"thermal:raw_tin":13,"minecraft:wooden_axe":1,"minecraft:stonecutter":3,"minecraft:andesite":4,"sophisticatedstorage:stack_upgrade_tier_2":3,"sf5_things:block_of_lime_dye":45,"minecraft:lapis_block":2,"cyclic:item_pipe":32,"silentgear:rod_template":1},"minecraft:custom":{"minecraft:animals_bred":1,"minecraft:open_barrel":2,"minecraft:leave_game":21,"minecraft:time_since_death":114175,"minecraft:sprint_one_cm":220350,"minecraft:drop":685,"minecraft:play_time":1864906,"minecraft:deaths":6,"minecraft:jump":2560,"minecraft:walk_on_water_one_cm":29132,"minecraft:interact_with_furnace":204,"minecraft:damage_dealt":20623,"minecraft:crouch_one_cm":6411,"minecraft:inspect_dropper":57,"minecraft:mob_kills":130,"minecraft:inspect_hopper":4,"minecraft:interact_with_campfire":225,"minecraft:damage_dealt_resisted":0,"minecraft:climb_one_cm":7697,"minecraft:walk_one_cm":4632227,"gateways:gates_defeated":3,"minecraft:damage_dealt_absorbed":40,"minecraft:sneak_time":4327,"minecraft:walk_under_water_one_cm":11510,"minecraft:total_world_time":1864906,"minecraft:interact_with_stonecutter":7,"minecraft:time_since_rest":114196,"minecraft:damage_taken":3688,"minecraft:fly_one_cm":34068,"minecraft:open_chest":1209,"minecraft:fall_one_cm":174301},"minecraft:killed_by":{"ars_nouveau:whirlisprig":1,"earthmobsmod:wither_skeleton_wolf":1},"minecraft:killed":{"minecraft:skeleton":3,"minecraft:bee":7,"minecraft:chicken":2,"minecraft:zombie":12,"minecraft:cow":41,"earthmobsmod:wither_skeleton_wolf":12,"minecraft:wither_skeleton":40},"minecraft:dropped":{"minecraft:clay":1,"minecraft:orange_dye":57,"minecraft:leather":2,"create:filter":2,"lootbags:loot_bag":1,"minecraft:dirt":1,"minecraft:yellow_dye":63,"exnihilosequentia:wooden_hammer":1,"create:goggles":1,"minecraft:sand":1647,"exnihilosequentia:stone_hammer":1,"ars_nouveau:blue_archwood_log":4,"minecraft:gravel":65,"minecraft:pink_dye":9,"minecraft:wheat":3,"sf5_things:rgb_dye":24,"minecraft:cherry_sapling":2,"minecraft:lime_dye":84,"patchouli:guide_book":1,"silentgear:sword":2,"supplementaries:ash":5,"minecraft:white_dye":56,"colouredstuff:sapling_white":1,"minecraft:beef":2,"minecraft:black_dye":126,"minecraft:wheat_seeds":1,"minecraft:cyan_dye":116,"minecraft:cobblestone":187,"minecraft:purple_dye":81,"colouredstuff:sapling_brown":2,"minecraft:blue_dye":398,"create:blaze_burner":5,"minecraft:green_dye":45,"minecraft:red_dye":205,"sophisticatedbackpacks:crafting_upgrade":2,"minecraft:string":1,"minecraft:oxidized_copper":1,"minecraft:player_head":1,"silentgear:hammer":1,"minecraft:blaze_rod":1,"minecraft:raw_iron":152,"minecraft:chicken":2,"silentgear:sickle":1,"sf5_things:block_of_lime_dye":1,"minecraft:light_blue_dye":67,"woodenbucket:wooden_bucket":5,"minecraft:stone":32,"silentgear:paxel":4,"silentgear:paxel_blueprint":2,"luphieclutteredmod:small_shelf":1,"thermal:onion":1,"minecraft:magenta_dye":72,"bhc:red_heart":1}},"DataVersion":3465}