{"stats":{"minecraft:mined":{"botania:mana_pool":2,"botania:red_mystical_flower":4,"create:andesite_casing":39,"minecraft:cherry_log":1054,"minecraft:warped_stairs":2,"minecraft:obsidian":12,"botania:livingwood_log":23,"colouredstuff:sapling_light_gray":2,"snad:snad":7,"minecraft:coal_block":1,"sophisticatedstorage:controller":1,"minecraft:hopper":4,"minecraft:crimson_fungus":3,"minecraft:nether_wart":3,"botania:light_gray_mystical_flower":1,"colouredstuff:leaves_green":665,"minecraft:spawner":6,"colouredstuff:log_lime":1,"botania:purple_mystical_flower":1,"colouredstuff:log_red":9,"minecraft:barrel":5,"minecraft:fire":196,"cyclic:item_pipe":30,"colouredstuff:planks_gray":2,"minecraft:oak_stairs":2,"minecraft:spruce_wood":29,"colouredstuff:log_green":90,"minecraft:iron_block":1,"colouredstuff:slab_planks_lime":1,"botania:light_blue_mystical_flower":2,"minecraft:player_head":1,"botania:alchemy_catalyst":1,"botania:green_mystical_flower":1,"create:cogwheel":7,"minecraft:player_wall_head":2,"silentgear:netherwood_leaves":184,"sf5_things:block_of_yellow_dye":27,"tintedcampfires:green_campfire":3,"sophisticatedstorage:diamond_chest":4,"colored_torches:white_torch":4,"colouredstuff:stairs_planks_brown":51,"minecraft:glass":61,"botania:endoflame":2,"colouredstuff:dirt_brown":8,"minecraft:sugar_cane":5,"colouredstuff:sapling_none":3,"create:andesite_belt_funnel":1,"colouredstuff:stairs_planks_purple":3,"sophisticatedbackpacks:diamond_backpack":1,"minecraft:wheat":45,"minecraft:warped_fungus":5,"minecraft:stone_brick_stairs":32,"minecraft:grass":92,"exnihilocoloratus:brown_barrel":10,"exnihilocoloratus:none_barrel":1,"colouredstuff:crafting_table_cyan":4,"colouredstuff:stairs_planks_blue":10,"create:hand_crank":4,"colouredstuff:dirt_white":9,"exnihilocoloratus:green_crucible":3,"colored_torches:wall_blue_torch":4,"minecraft:stonecutter":2,"colored_torches:blue_torch":14,"colouredstuff:leaves_brown":2950,"mcwroofs:warped_planks_steep_roof":99,"luphieclutteredmod:blue_bicycle":1,"create:millstone":3,"extractinator:extractinator":1,"minecraft:cherry_sapling":5,"minecraft:end_stone":1735,"colouredstuff:planks_brown":19,"colouredstuff:log_stripped_green":18,"colouredstuff:leaves_pink":749,"framedblocks:framed_lattice_block":22,"minecraft:redstone_wire":20,"ars_nouveau:archwood_fence":1,"obtrophies:trophy":1,"create:shaft":9,"botania:magenta_mystical_flower":1,"colouredstuff:log_gray":23,"colored_torches:black_torch":3,"minecraft:andesite":46,"ars_nouveau:relay_splitter":3,"minecraft:cobblestone_slab":244,"minecraft:vine":75,"minecraft:warped_stem":174,"colouredstuff:dirt_lime":17,"minecraft:oak_slab":24,"sf5_things:block_of_green_dye":10,"botania:lime_mystical_flower":1,"minecraft:redstone_block":5,"minecraft:soul_sand":5,"minecraft:cherry_planks":25,"minecraft:comparator":4,"colouredstuff:sapling_green":1,"minecraft:stone_brick_slab":52,"colouredstuff:dirt_none":1,"create:fluid_pipe":8,"create:mechanical_pump":3,"colouredstuff:leaves_gray":192,"minecraft:campfire":1,"exnihilosequentia:fired_crucible":5,"minecraft:tall_grass":12,"ars_nouveau:source_jar":1,"mcwroofs:cherry_roof":12,"craftingstation:crafting_station":5,"minecraft:warped_wart_block":944,"create:redstone_link":1,"create:mechanical_saw":1,"minecraft:stripped_spruce_wood":39,"colouredstuff:trapdoor_planks_brown":41,"create:gearbox":8,"colouredstuff:slab_planks_black":29,"minecraft:spruce_log":561,"botania:white_mystical_flower":1,"colouredstuff:fence_planks_brown":62,"sf5_things:block_of_light_gray_dye":89,"minecraft:gravel":351,"colouredstuff:slab_planks_green":151,"minecraft:stone_bricks":657,"create:andesite_funnel":1,"mcwwindows:spruce_plank_parapet":6,"minecraft:oak_sapling":42,"minecraft:farmland":17,"colouredstuff:log_pink":56,"colouredstuff:leaves_red":133,"botania:stripped_livingwood_log":1,"minecraft:grass_block":437,"colouredstuff:sapling_lime":3,"colored_torches:wall_white_torch":3,"colouredstuff:fence_planks_green":16,"minecraft:gilded_blackstone":7,"colouredstuff:crafting_table_light_gray":1,"refurbished_furniture:spruce_lattice_fence":12,"colouredstuff:log_stripped_gray":13,"botania:apothecary_default":1,"chipped:massive_andesite_bricks":1,"supplementaries:ash":4,"colouredstuff:slab_planks_none":97,"colouredstuff:log_none":13,"sophisticatedstorage:chest":57,"ars_nouveau:red_archwood_log":203,"create:spruce_window":7,"colouredstuff:leaves_blue":608,"minecraft:end_stone_bricks":296,"colouredstuff:slab_planks_blue":115,"craftingstation:crafting_station_slab":2,"colouredstuff:door_planks_green":1,"minecraft:blackstone":1,"additionallanterns:white_smooth_stone_lantern":2,"ars_nouveau:stripped_green_archwood_log":1,"colouredstuff:log_blue":144,"minecraft:mushroom_stem":30,"minecraft:cobblestone":761,"botania:blue_mystical_flower":2,"colouredstuff:leaves_light_gray":97,"minecraft:oak_planks":25,"botania:light_gray_buried_petals":2,"ars_nouveau:scribes_table":2,"botania:light_gray_double_flower":15,"ars_nouveau:red_archwood_leaves":482,"create:polished_cut_dripstone_wall":7,"minecraft:wall_torch":1,"create:large_water_wheel":1,"mcwroofs:warped_planks_upper_steep_roof":58,"minecraft:seagrass":2,"sf5_things:block_of_orange_dye":32,"minecraft:warped_nylium":1,"botania:light_blue_buried_petals":1,"ars_nouveau:green_archwood_sapling":1,"minecraft:warped_planks":7,"sophisticatedstorage:storage_output":1,"colouredstuff:brick_light_gray":9,"minecraft:oak_log":1603,"minecraft:beetroots":4,"minecraft:sand":19,"minecraft:dirt":316,"create:encased_chain_drive":8,"minecraft:netherrack":4,"exnihilosequentia:infested_leaves":97,"minecraft:oak_leaves":6920,"ars_nouveau:blue_archwood_sapling":1,"sf5_things:colorless_leaves":8,"create:oak_window":3,"vinery:spruce_lattice":5,"ars_nouveau:green_archwood_leaves":324,"colouredstuff:log_stripped_none":5,"minecraft:lever":1,"create:large_cogwheel":8,"botania:brown_double_flower":8,"create:depot":5,"minecraft:brown_mushroom_block":270,"minecraft:spruce_leaves":344,"thermal:device_composter":1,"colouredstuff:log_light_gray":54,"mcwroofs:warped_planks_upper_lower_roof":52,"colouredstuff:slab_planks_brown":966,"ars_nouveau:magebloom_crop":5,"sf5_things:block_of_gray_dye":39,"minecraft:furnace":11,"immersiveengineering:hemp":9,"sf5_things:block_of_black_dye":45,"colouredstuff:sapling_brown":1,"silentgear:netherwood_log":10,"minecraft:stripped_spruce_log":3,"mcwroofs:warped_planks_top_roof":3,"create:small_dripstone_brick_wall":2,"minecraft:shroomlight":28,"botania:livingrock":24,"colouredstuff:leaves_none":64,"minecraft:stripped_oak_log":10,"botania:pure_daisy":1,"botania:light_blue_double_flower":1,"minecraft:stone":5,"ars_nouveau:purple_archwood_log":128,"minecraft:redstone_wall_torch":2,"minecraft:podzol":4,"minecraft:scaffolding":34,"sophisticatedstorage:limited_barrel_3":1,"colouredstuff:log_stripped_brown":6,"ars_nouveau:green_archwood_log":181,"sf5_things:block_of_white_dye":47,"chipped:andesite_bricks":1,"minecraft:warped_fence":2,"colouredstuff:planks_green":25,"colouredstuff:planks_lime":7,"minecraft:oak_fence":1,"minecraft:crafting_table":1,"minecraft:oak_wood":7,"sophisticatedstorage:copper_chest":8,"colouredstuff:dirt_light_gray":21,"botania:white_double_flower":3,"ars_nouveau:blue_archwood_leaves":181,"colouredstuff:log_brown":905,"botania:pink_mystical_flower":2,"minecraft:spruce_stairs":23,"botania:red_double_flower":8,"botania:cyan_mystical_flower":1,"ars_nouveau:blue_archwood_log":57,"minecraft:end_stone_brick_stairs":1,"ars_nouveau:purple_archwood_leaves":227,"minecraft:redstone_torch":3,"mcwroofs:warped_planks_lower_roof":50,"mcwwindows:spruce_curtain_rod":2,"colouredstuff:log_stripped_lime":30,"colouredstuff:sapling_blue":2,"minecraft:bee_nest":1,"botania:yellow_mystical_flower":1,"minecraft:cherry_leaves":4638,"colouredstuff:planks_black":20,"colored_torches:green_torch":3,"minecraft:polished_andesite":2,"create:andesite_encased_shaft":1,"refurbished_furniture:spruce_lattice_fence_gate":5},"minecraft:custom":{"minecraft:open_barrel":20,"minecraft:leave_game":58,"minecraft:time_since_death":85385,"minecraft:play_time":4417366,"minecraft:deaths":27,"minecraft:jump":7554,"minecraft:interact_with_furnace":180,"minecraft:damage_dealt":18626,"minecraft:inspect_dropper":2,"minecraft:interact_with_anvil":3,"minecraft:inspect_hopper":41,"minecraft:sneak_time":55955,"minecraft:total_world_time":4417366,"minecraft:interact_with_stonecutter":2,"minecraft:time_since_rest":85418,"minecraft:swim_one_cm":3610,"minecraft:fly_one_cm":2886686,"minecraft:open_chest":2969,"minecraft:fall_one_cm":1169115,"minecraft:animals_bred":1,"minecraft:damage_resisted":0,"minecraft:sprint_one_cm":2322222,"minecraft:drop":2606,"minecraft:interact_with_brewingstand":2,"minecraft:walk_on_water_one_cm":72295,"minecraft:open_enderchest":2,"minecraft:player_kills":1,"minecraft:crouch_one_cm":110733,"minecraft:mob_kills":252,"minecraft:interact_with_campfire":53,"minecraft:damage_dealt_resisted":0,"minecraft:climb_one_cm":42036,"minecraft:walk_one_cm":8107269,"gateways:gates_defeated":2,"minecraft:walk_under_water_one_cm":27363,"minecraft:damage_taken":17349,"minecraft:aviate_one_cm":1725781},"minecraft:crafted":{"buildinggadgets2:gadget_cut_paste":1,"minecraft:obsidian":9,"minecraft:black_dye":286,"botania:green_petal":2,"sf5_things:block_of_meat":3,"minecraft:blaze_powder":4,"supplementaries:gold_trapdoor":16,"colored_torches:white_torch":2,"minecraft:chain":2,"sophisticatedbackpacks:magnet_upgrade":1,"botania:mana_pool":1,"minecraft:grass":4,"mcwroofs:warped_planks_steep_roof":136,"exnihilosequentia:unfired_crucible":2,"minecraft:lever":4,"sophisticatedbackpacks:crafting_upgrade":1,"sophisticatedstorage:stack_upgrade_tier_1":7,"sophisticatedstorage:stack_upgrade_tier_3":6,"colouredstuff:slab_planks_blue":252,"minecraft:iron_bars":16,"botania:red_petal":12,"create:vertical_gearbox":29,"colouredstuff:brick_light_gray":8,"minecraft:quartz_block":2,"create:rotation_speed_controller":2,"minecraft:glass":22,"minecraft:diamond_helmet":1,"create:andesite_funnel":37,"ars_nouveau:blank_thread":2,"botania:twig_wand":1,"minecraft:diamond_leggings":1,"create:mechanical_press":1,"mysticalagriculture:watering_can":1,"mcwwindows:spruce_plank_parapet":5,"sophisticatedstorage:stack_upgrade_tier_4":2,"colouredstuff:crafting_table_brown":4,"botania:alchemy_catalyst":1,"colouredstuff:planks_none":25,"ars_nouveau:apprentice_spell_book":1,"create:brass_funnel":30,"botania:light_gray_petal":15,"minecraft:magenta_dye":63,"create:cogwheel":157,"create:flywheel":1,"minecraft:warped_stairs":4,"ars_nouveau:ring_of_potential":4,"colouredstuff:slab_planks_green":174,"colouredstuff:slab_planks_none":72,"create:brass_block":1,"minecraft:raw_gold_block":98,"minecraft:clock":1,"minecraft:copper_ingot":157,"craftingstation:crafting_station":6,"minecraft:sticky_piston":1,"minecraft:fletching_table":1,"botania:livingwood_twig":3,"minecraft:campfire":1,"create:encased_chain_drive":32,"create:redstone_link":10,"create:mechanical_mixer":5,"create:clutch":9,"create:gearbox":54,"exnihilosequentia:wooden_hammer":1,"create:encased_fan":4,"botania:open_crate":1,"minecraft:stone_brick_stairs":4,"thermal:redstone_servo":1,"minecraft:bamboo":1,"createsifter:sifter":1,"minecraft:golden_leggings":1,"minecraft:compass":8,"minecraft:iron_pickaxe":1,"minecraft:iron_block":31,"colouredstuff:slab_planks_brown":1806,"minecraft:gold_ingot":182,"minecraft:light_gray_dye":1158,"create:large_cogwheel":8,"create:propeller":5,"woodenbucket:wooden_bucket":18,"mcwroofs:warped_planks_top_roof":4,"buildinggadgets2:gadget_copy_paste":1,"minecraft:fire_charge":3,"minecraft:composter":1,"xercapaint:item_palette":1,"colouredstuff:trapdoor_planks_brown":34,"sf5_things:block_of_light_gray_dye":2,"thermal:iron_gear":1,"create:wrench":1,"sophisticatedstorage:basic_tier_upgrade":3,"minecraft:iron_nugget":417,"sophisticatedbackpacks:inception_upgrade":1,"colouredstuff:planks_blue":259,"sophisticatedbackpacks:stack_upgrade_tier_1":3,"colouredstuff:planks_purple":8,"botania:blue_petal":1,"minecraft:bone_meal":573,"minecraft:pink_dye":25,"silentgear:paxel_template":1,"minecraft:quartz":77,"buildinggadgets2:gadget_building":1,"colored_torches:blue_torch":18,"exnihilosequentia:warped_nylium_spores":10,"refurbished_furniture:workbench":1,"minecraft:netherrack":17,"minecraft:diamond":21,"minecraft:spruce_stairs":24,"thermal:device_composter":1,"sophisticatedstorage:upgrade_base":7,"ars_nouveau:novice_spell_book":2,"botania:white_petal":7,"colouredstuff:stairs_planks_brown":116,"minecraft:ender_pearl":20,"minecraft:diamond_boots":1,"silentgear:sword":1,"botania:light_blue_petal":3,"minecraft:redstone_block":30,"create:electron_tube":10,"mcwwindows:spruce_curtain_rod":5,"create:belt_connector":11,"minecraft:golden_helmet":1,"minecraft:coal_block":220,"botania:pink_petal":1,"minecraft:firework_star":1,"sf5_things:block_of_pink_dye":2,"create:brass_tunnel":6,"minecraft:dried_kelp":21,"colouredstuff:planks_green":171,"botania:mana_spreader":1,"create:goggles":1,"botania:lexicon":1,"sophisticatedbackpacks:gold_backpack":2,"colouredstuff:planks_black":29,"minecraft:orange_dye":54,"mcwroofs:warped_planks_lower_roof":104,"create:speedometer":8,"sophisticatedstorage:basic_to_copper_tier_upgrade":5,"create:mechanical_arm":2,"thermal:eggplant_seeds":1,"silentgear:sickle":1,"vinery:spruce_lattice":16,"create:raw_zinc":63,"minecraft:iron_shovel":1,"silentgear:netherwood_sapling":1,"create:shaft":149,"silentgear:rod_template":1,"minecraft:oak_planks":77,"sophisticatedstorage:stack_upgrade_tier_1_plus":1,"sf5_things:rgb_dye":38,"botania:livingwood_planks":8,"minecraft:cobblestone_slab":384,"minecraft:barrel":107,"ars_nouveau:archwood_planks":268,"minecraft:cherry_slab":24,"sf5_things:block_of_green_dye":1,"colouredstuff:crafting_table_orange":1,"colouredstuff:planks_brown":1339,"silentgear:sword_template":1,"sophisticatedstorage:packing_tape":1,"sf5_things:block_of_rgb_dye":25,"colouredstuff:slab_planks_lime":64,"create:mechanical_bearing":2,"minecraft:heavy_weighted_pressure_plate":1,"create:deployer":7,"minecraft:warped_planks":64,"minecraft:green_dye":203,"minecraft:hopper":8,"minecraft:stone_brick_slab":78,"minecraft:raw_copper":421,"silentgear:sickle_template":1,"minecraft:comparator":1,"minecraft:chest":2,"create:spout":3,"minecraft:copper_block":10,"colouredstuff:stairs_planks_purple":4,"exnihilocoloratus:none_barrel":1,"minecraft:bricks":42,"minecraft:ender_eye":4,"minecraft:stone_bricks":391,"extractinator:extractinator":1,"chipped:mason_table":1,"refurbished_furniture:light_electricity_generator":1,"create:brass_hand":12,"minecraft:raw_iron_block":143,"minecraft:golden_boots":1,"create:content_observer":1,"create:depot":13,"refurbished_furniture:spruce_lattice_fence":3,"minecraft:arrow":4,"sophisticatedbackpacks:backpack":3,"minecraft:cauldron":1,"minecraft:crafting_table":4,"minecraft:spruce_planks":108,"create:mechanical_saw":12,"create:fluid_pipe":68,"minecraft:kelp":45,"minecraft:iron_helmet":1,"minecraft:brown_dye":91,"create:sand_paper":10,"minecraft:gold_block":9,"mcwroofs:warped_planks_upper_lower_roof":45,"create:gearshift":2,"minecraft:brewing_stand":2,"sophisticatedbackpacks:upgrade_base":4,"minecraft:diorite":63,"create:stressometer":2,"minecraft:tnt":7,"silentgear:paxel":1,"minecraft:string":11,"minecraft:purple_dye":119,"minecraft:yellow_dye":167,"minecraft:book":1,"minecraft:paper":72,"minecraft:charcoal":7,"minecraft:diamond_pickaxe":1,"exnihilosequentia:stone_hammer":1,"create:water_wheel":24,"create:portable_storage_interface":4,"create:super_glue":1,"sophisticatedbackpacks:diamond_backpack":2,"minecraft:stick":232,"minecraft:light_blue_dye":56,"create:mechanical_pump":10,"minecraft:iron_ingot":398,"create:clipboard":1,"create:spruce_window":10,"botania:apothecary_default":1,"minecraft:redstone_torch":9,"mcwroofs:warped_planks_upper_steep_roof":3,"minecraft:shears":2,"create:empty_blaze_burner":1,"colouredstuff:fence_planks_brown":36,"buildinggadgets2:gadget_exchanging":1,"mcwroofs:cherry_roof":10,"create:chute":44,"minecraft:cherry_planks":136,"botania:brown_petal":10,"colouredstuff:planks_red":9,"minecraft:redstone":176,"minecraft:raw_iron":1143,"minecraft:coal":167,"minecraft:golden_chestplate":1,"luphieclutteredmod:blue_bicycle":1,"silentgear:rod":8,"refurbished_furniture:spruce_lattice_fence_gate":1,"buildinggadgets2:gadget_destruction":1,"minecraft:blast_furnace":1,"sophisticatedbackpacks:advanced_magnet_upgrade":1,"ars_nouveau:magebloom_fiber":10,"minecraft:furnace":8,"minecraft:piston":2,"minecraft:sugar_cane":64,"minecraft:gray_dye":798,"create:oak_window":44,"minecraft:raw_copper_block":78,"minecraft:warped_fence":6,"minecraft:diamond_block":5,"minecraft:flint_and_steel":1,"exnihilocoloratus:brown_barrel":2,"minecraft:scaffolding":6,"minecraft:iron_axe":1,"colouredstuff:planks_lime":30,"minecraft:spruce_wood":72,"minecraft:slime_ball":15,"create:millstone":2,"minecraft:lime_dye":126,"create:fluid_tank":40,"sophisticatedbackpacks:stack_upgrade_tier_2":2,"create:basin":17,"colouredstuff:planks_orange":23,"create:filter":3,"minecraft:observer":1,"sophisticatedbackpacks:iron_backpack":2,"minecraft:cooked_beef":25,"minecraft:red_dye":148,"botania:fertilizer":99,"minecraft:bone_block":103,"create:andesite_alloy":229,"create:hand_crank":2,"minecraft:cyan_dye":91,"minecraft:iron_sword":1,"minecraft:bowl":4,"create:large_water_wheel":10,"minecraft:dirt":1,"sophisticatedstorage:basic_to_iron_tier_upgrade":2,"minecraft:bucket":3,"minecraft:air":35321,"minecraft:blue_dye":249,"create:raw_zinc_block":1,"refurbished_furniture:wrench":1,"craftingstation:crafting_station_slab":2,"sophisticatedstorage:chest":35,"sophisticatedbackpacks:pickup_upgrade":1,"create:whisk":9,"minecraft:white_wool":10,"framedblocks:framed_cube":20,"minecraft:gold_nugget":9,"minecraft:white_dye":576,"minecraft:raw_gold":606,"create:mechanical_crafter":6,"minecraft:stonecutter":1,"minecraft:anvil":1,"create:mechanical_drill":3,"minecraft:andesite":566,"sophisticatedstorage:stack_upgrade_tier_2":10,"create:zinc_ingot":49,"sf5_things:block_of_lime_dye":7,"framedblocks:framed_lattice_block":12,"minecraft:lapis_lazuli":2,"minecraft:diamond_chestplate":1,"minecraft:firework_rocket":63},"minecraft:killed":{"minecraft:shulker":27,"minecraft:chicken":12,"minecraft:iron_golem":4,"minecraft:cow":104,"ars_nouveau:starbuncle":3,"ars_nouveau:wilden_guardian":7,"minecraft:spider":5,"minecraft:bee":3,"minecraft:creeper":3,"minecraft:blaze":50,"earthmobsmod:fancy_chicken":2,"ars_nouveau:summon_wolf":12,"veincreeper:cyan":4,"endertrigon:baby_ender_dragon":3,"ars_nouveau:wilden_stalker":1,"ars_nouveau:wilden_hunter":6},"minecraft:used":{"create:deployer":16,"silentgear:sword":192,"botania:white_petal":2,"minecraft:spruce_slab":8,"minecraft:elytra":3,"botania:light_blue_petal":2,"minecraft:stone":29,"obtrophies:trophy":2,"create:oak_window":44,"create:fluid_tank":86,"create:mechanical_crafter":8,"create:depot":70,"colored_torches:white_torch":17,"minecraft:stripped_spruce_log":3,"colored_torches:black_torch":2,"minecraft:lava_bucket":26,"minecraft:grass_block":223,"ars_nouveau:wixie_charm":3,"minecraft:stone_brick_stairs":90,"create:andesite_funnel":83,"create_sabers:brass_saber_white":116,"create:rotation_speed_controller":7,"create:steam_engine":44,"minecraft:end_stone_brick_stairs":1,"minecraft:oak_sapling":323,"create:shaft":511,"tintedcampfires:green_campfire":2,"minecraft:furnace":18,"minecraft:egg":32,"minecraft:potato":1,"colouredstuff:planks_none":6,"chipped:andesite_bricks":1,"minecraft:end_stone_bricks":366,"ars_nouveau:blue_archwood_sapling":2,"colouredstuff:planks_brown":32,"colouredstuff:sapling_orange":1,"colouredstuff:brick_light_gray":9,"exnihilocoloratus:brown_barrel":12,"minecraft:oak_leaves":35,"create:spout":16,"colouredstuff:stairs_planks_blue":10,"minecraft:sand":10,"additionallanterns:white_smooth_stone_lantern":4,"ars_nouveau:archwood_fence":1,"openstairs:open_oak_stairs":14,"sophisticatedstorage:basic_to_iron_tier_upgrade":1,"mcwwindows:spruce_plank_parapet":8,"sophisticatedstorage:chest":98,"createsifter:sifter":1,"minecraft:coal_block":1,"colouredstuff:sapling_gray":4,"create:basin":45,"botania:pure_daisy":2,"colouredstuff:dirt_none":1,"sf5_things:block_of_black_dye":14,"botania:light_gray_mystical_flower":1,"exnihilosequentia:wooden_hammer":5,"ars_nouveau:dominion_wand":8,"ars_nouveau:sorcerer_leggings":1,"sophisticatedstorage:storage_output":1,"minecraft:netherrack":9,"minecraft:torch":35,"thermal:eggplant_seeds":1,"minecraft:anvil":1,"openstairs:open_oak_stairs_inside":4,"vinery:spruce_lattice":13,"silentgear:netherwood_sapling":1,"create:spruce_window":7,"colouredstuff:leaves_brown":1,"minecraft:iron_block":1,"colouredstuff:slab_planks_green":202,"botania:red_petal":7,"mcwroofs:warped_planks_steep_roof":220,"botania:blue_mystical_flower":2,"colouredstuff:crafting_table_brown":2,"exnihilosequentia:infested_leaves":17,"create:wrench":2366,"create:gearbox":65,"minecraft:warped_fence":6,"minecraft:spawner":3,"botania:pink_mystical_flower":1,"extractinator:extractinator":2,"sophisticatedstorage:diamond_chest":4,"minecraft:barrel":9,"create:encased_chain_drive":146,"colouredstuff:planks_black":30,"minecraft:warped_stairs":2,"colouredstuff:planks_green":42,"botania:mana_pool":3,"create:fluid_pipe":237,"create:content_observer":7,"framedblocks:framed_lattice_block":22,"minecraft:cherry_log":63,"create:belt_connector":180,"sophisticatedstorage:limited_barrel_3":1,"minecraft:wheat_seeds":51,"minecraft:water_bucket":150,"botania:endoflame":7,"colouredstuff:sapling_blue":32,"ars_nouveau:battlemage_hood":3,"mcwroofs:cherry_roof":12,"create:brass_tunnel":13,"minecraft:cherry_planks":25,"botania:mana_spreader":1,"ars_nouveau:sorcerer_robes":1,"ars_nouveau:battlemage_robes":4,"colouredstuff:log_lime":38,"create:blaze_burner":21,"create:encased_fan":27,"minecraft:comparator":8,"minecraft:crafting_table":1,"minecraft:oak_slab":9,"silentgear:sickle":1685,"mcwwindows:spruce_curtain_rod":4,"botania:light_blue_mystical_flower":1,"silentgear:axe":644,"minecraft:campfire":1,"botania:apothecary_default":2,"create:filter":11,"minecraft:spruce_log":97,"colouredstuff:log_stripped_brown":5,"minecraft:oak_log":286,"colouredstuff:crafting_table_none":1,"colouredstuff:slab_planks_blue":205,"colouredstuff:crafting_table_light_gray":1,"create:water_wheel":3,"create:mechanical_arm":76,"minecraft:spruce_sapling":52,"sf5_things:block_of_white_dye":2,"colouredstuff:log_light_gray":2,"minecraft:cobblestone":1007,"colouredstuff:log_stripped_gray":4,"colouredstuff:log_green":18,"luphieclutteredmod:blue_bicycle":2,"minecraft:cooked_porkchop":4,"colouredstuff:log_none":2,"refurbished_furniture:spruce_lattice_fence_gate":5,"create:clutch":29,"minecraft:stripped_oak_log":6,"create:redstone_link":24,"colouredstuff:fence_planks_green":4,"minecraft:cherry_sapling":92,"exnihilocoloratus:none_barrel":2,"colouredstuff:sapling_green":11,"immersiveengineering:seed":4,"ars_nouveau:magebloom_crop":5,"create:portable_storage_interface":5,"minecraft:nether_wart":4,"colouredstuff:trapdoor_planks_brown":43,"create_sabers:brass_saber_white_off":1,"minecraft:player_head":4,"create:mechanical_bearing":2,"create:cogwheel":354,"exnihilosequentia:cooked_silkworm":1,"colouredstuff:crafting_table_cyan":4,"mcwroofs:warped_planks_upper_lower_roof":138,"create:speedometer":29,"minecraft:obsidian":10,"mcwroofs:warped_planks_upper_steep_roof":178,"sophisticatedbackpacks:diamond_backpack":3,"minecraft:glass":81,"minecraft:spruce_wood":221,"minecraft:iron_helmet":1,"create:millstone":26,"ars_nouveau:green_archwood_sapling":3,"minecraft:item_frame":1,"thermal:device_composter":1,"minecraft:stone_bricks":1006,"colouredstuff:slab_planks_brown":2107,"silentgear:paxel":13615,"minecraft:warped_fungus":29,"minecraft:scaffolding":68,"ars_nouveau:sourceberry_bush":5,"create:mechanical_drill":4,"sf5_things:brown_apple":26,"minecraft:beetroot_seeds":1,"create:polished_cut_dripstone_wall":1,"botania:brown_petal":6,"minecraft:stripped_spruce_wood":29,"colouredstuff:sapling_brown":98,"minecraft:oak_planks":43,"minecraft:ender_pearl":4,"minecraft:redstone_block":5,"minecraft:sugar_cane":3,"create:mechanical_saw":25,"refurbished_furniture:spruce_lattice_fence":12,"create:flywheel":1,"botania:fertilizer":35,"mcwroofs:warped_planks_top_roof":5,"minecraft:shears":7824,"minecraft:end_stone":16,"minecraft:redstone_torch":8,"colouredstuff:slab_planks_none":66,"colouredstuff:dirt_lime":5,"minecraft:lever":24,"minecraft:firework_rocket":9,"sf5_things:block_of_orange_dye":1,"minecraft:warped_slab":2,"colouredstuff:stairs_planks_brown":55,"sf5_things:blue_apple":11,"create:andesite_casing":30,"minecraft:gravel":351,"snad:snad":7,"exnihilosequentia:stone_hammer":605,"botania:magenta_mystical_flower":1,"ars_nouveau:relay_splitter":3,"create:stressometer":12,"minecraft:andesite":46,"create:vertical_gearbox":120,"colouredstuff:leaves_red":1,"exnihilosequentia:warped_nylium_spores":4,"create:large_cogwheel":94,"minecraft:bone_meal":2118,"minecraft:oak_fence":7,"minecraft:flint_and_steel":15,"colored_torches:green_torch":4,"minecraft:redstone":30,"botania:white_double_flower":1,"simpletomb:grave_key":26,"exnihilocoloratus:green_crucible":4,"botania:open_crate":1,"gateways:gate_pearl":2,"colouredstuff:leaves_green":109,"create:mechanical_pump":54,"minecraft:dirt":903,"create:mechanical_mixer":26,"minecraft:hopper":14,"ars_nouveau:sorcerer_boots":1,"minecraft:spruce_stairs":78,"botania:purple_mystical_flower":1,"minecraft:diamond_helmet":1,"colouredstuff:sapling_none":7,"minecraft:oak_wood":7,"botania:twig_wand":11,"dimpaintings:overworld_painting":12,"botania:light_gray_petal":18,"create:chute":98,"ars_nouveau:battlemage_boots":2,"colouredstuff:planks_lime":4,"minecraft:stone_brick_slab":49,"sophisticatedstorage:controller":1,"colored_torches:blue_torch":84,"minecraft:oak_stairs":13,"colouredstuff:stairs_planks_purple":3,"silentgear:shears":1010,"mcwroofs:warped_planks_lower_roof":118,"minecraft:golden_carrot":6,"minecraft:cooked_beef":142,"sophisticatedstorage:basic_to_copper_tier_upgrade":2,"create:gearshift":1,"exnihilosequentia:fired_crucible":7,"colouredstuff:log_gray":9,"colouredstuff:log_brown":325,"minecraft:polished_andesite":4,"botania:brown_mystical_flower":1,"minecraft:brown_mushroom":7,"minecraft:stonecutter":2,"minecraft:cobblestone_slab":417,"chipped:massive_andesite_bricks":1,"create:brass_funnel":39,"chipped:mason_table":1,"ars_nouveau:battlemage_leggings":2,"colouredstuff:fence_planks_brown":82,"botania:red_mystical_flower":1,"heads:blaze_head":1,"minecraft:warped_planks":9,"colouredstuff:log_stripped_lime":30,"minecraft:apple":3,"ars_nouveau:source_jar":1,"create:mechanical_press":10,"craftingstation:crafting_station":7,"botania:alchemy_catalyst":2,"refurbished_furniture:light_electricity_generator":1,"create:large_water_wheel":60,"sophisticatedstorage:copper_chest":8,"minecraft:crimson_fungus":3,"refurbished_furniture:workbench":1,"minecraft:bucket":142,"create:hand_crank":35,"ars_nouveau:scribes_table":3},"minecraft:broken":{"woodenbucket:wooden_bucket":1},"minecraft:picked_up":{"minecraft:seagrass":1,"create:spout":1,"create:polished_cut_dripstone_wall":7,"minecraft:oak_stairs":2,"create:wrench":1,"buildinggadgets2:gadget_cut_paste":1,"sophisticatedstorage:stack_upgrade_tier_4":1,"botania:light_blue_double_flower":1,"minecraft:string":80,"mcwroofs:warped_planks_steep_roof":93,"minecraft:shroomlight":27,"minecraft:beetroot":6,"botania:light_gray_double_flower":14,"minecraft:gold_nugget":2,"mysticalagriculture:none_crop_seeds":5,"thermal:eggplant":6,"colouredstuff:dirt_white":9,"simplehats:shrekears":1,"ars_nouveau:thread_gliding":1,"minecraft:coal_block":1,"colouredstuff:planks_purple":2,"sf5_things:rgb_dye":25,"simplehats:madscientist":1,"ars_nouveau:ring_of_greater_discount":4,"colouredstuff:log_black":3,"create:andesite_casing":43,"ars_nouveau:glyph_firework":1,"minecraft:cherry_log":1091,"sophisticatedstorage:controller":1,"minecraft:warped_planks":7,"chipped:andesite_bricks":1,"openstairs:open_oak_stairs_inside":32,"sf5_things:brown_apple":101,"minecraft:black_dye":7,"woodenbucket:wooden_bucket":10,"ars_nouveau:sourceberry_bush":1,"botania:white_mystical_flower":1,"cyclic:item_pipe":29,"botania:livingrock":24,"ars_nouveau:worn_notebook":1,"ars_nouveau:apprentice_spell_book":4,"minecraft:blue_dye":28,"minecraft:iron_block":1,"simplehats:dumhat":1,"minecraft:bookshelf":2,"botania:livingwood_log":23,"thermal:slag":64,"supplementaries:ash":76,"minecraft:blaze_rod":33,"ars_nouveau:manipulation_essence":1,"silentgear:template_board":616,"silentgear:paxel":8,"minecraft:cooked_beef":91,"minecraft:feather":8,"minecraft:oxidized_copper":1,"minecraft:cherry_leaves":4390,"minecraft:water_bucket":1,"colouredstuff:log_red":9,"ars_nouveau:magebloom":11,"minecraft:flint":159,"minecraft:stripped_spruce_wood":35,"ars_nouveau:scribes_table":3,"botania:white_double_flower":1,"simplehats:hatbag_epic":2,"create:encased_chain_drive":7,"bhc:red_heart":3,"minecraft:stonecutter":2,"sophisticatedstorage:chest":56,"create:goggles":1,"simplehats:easterhead":1,"create:small_dripstone_brick_wall":2,"create:shaft":70,"colouredstuff:log_stripped_green":17,"simplehats:hatbag_uncommon":2,"minecraft:rabbit":1,"botania:mana_pool":2,"refurbished_furniture:spruce_lattice_fence":12,"botania:red_mystical_flower":4,"patchouli:guide_book":1,"minecraft:warped_wart_block":927,"openstairs:open_oak_stairs":28,"minecraft:stripped_spruce_log":3,"minecraft:fermented_spider_eye":1,"ars_nouveau:relay_splitter":3,"sf5_things:block_of_black_dye":164,"minecraft:barrel":29,"ars_nouveau:wilden_horn":10,"exnihilosequentia:silkworm":360,"colouredstuff:sapling_black":5,"colored_torches:green_torch":9,"minecraft:polished_andesite":2,"minecraft:lever":14,"thermal:eggplant_seeds":2,"colouredstuff:fence_planks_brown":78,"mcwroofs:warped_planks_lower_roof":45,"minecraft:cyan_dye":86,"thermal:copper_plate":17,"lootbags:loot_bag":19,"colouredstuff:log_stripped_brown":8,"ars_nouveau:red_archwood_log":156,"minecraft:crafting_table":1,"minecraft:nether_wart":10,"minecraft:clay_ball":148,"refurbished_furniture:wrench":1,"sf5_things:light_gray_apple":12,"mcwroofs:warped_planks_upper_steep_roof":55,"colouredstuff:sapling_blue":36,"ars_nouveau:battlemage_hood":2,"minecraft:elytra":2,"create:fluid_pipe":10,"botania:endoflame":7,"minecraft:flint_and_steel":1,"ars_nouveau:sorcerer_robes":3,"minecraft:compass":1,"create:redstone_link":4,"simplehats:baseballhat":1,"colouredstuff:fence_planks_green":16,"botania:pure_daisy":2,"minecraft:beef":191,"ars_nouveau:stripped_green_archwood_log":1,"sf5_things:green_apple":8,"minecraft:iron_nugget":24,"colored_torches:black_torch":11,"create:clutch":3,"ars_nouveau:fire_essence":4,"minecraft:egg":183,"ars_nouveau:purple_archwood_log":128,"minecraft:stone":1424,"colouredstuff:slab_planks_brown":934,"simplehats:hatbag_common":11,"ars_nouveau:air_essence":3,"colouredstuff:stairs_planks_brown":50,"sophisticatedbackpacks:crafting_upgrade":1,"mcwroofs:warped_planks_top_roof":3,"sf5_things:block_of_purple_dye":12,"minecraft:fire_charge":2,"colouredstuff:leaves_blue":188,"minecraft:white_dye":6,"minecraft:carrot":1,"minecraft:redstone":24,"sf5_things:block_of_light_gray_dye":1928,"thermal:device_composter":1,"sf5_things:block_of_cyan_dye":779,"create:vertical_gearbox":10,"botania:brown_petal":2,"ars_nouveau:green_archwood_log":121,"silentgear:paxel_blueprint":2,"minecraft:beetroot_seeds":25,"botania:apothecary_default":1,"botania:blue_mystical_flower":4,"exnihilocoloratus:none_barrel":1,"create:depot":5,"minecraft:gold_ingot":562,"botania:green_mystical_flower":2,"extractinator:extractinator":2,"minecraft:stripped_oak_log":20,"botania:light_blue_petal":1,"minecraft:clock":1,"minecraft:yellow_dye":444,"ars_nouveau:battlemage_robes":4,"sf5_things:blue_apple":21,"create_sabers:brass_saber_white_off":1,"botania:red_petal":1,"ars_nouveau:wilden_wing":4,"minecraft:oak_log":10074,"colouredstuff:log_gray":23,"minecraft:paper":110,"colouredstuff:planks_black":20,"sf5_things:block_of_red_dye":278,"minecraft:spawner":3,"minecraft:apple":903,"simplehats:rabi_en_rose":1,"minecraft:stone_bricks":604,"minecraft:kelp":55,"ars_nouveau:water_essence":1,"minecraft:warped_stem":174,"mcwroofs:cherry_roof":12,"ars_nouveau:sorcerer_hood":2,"colouredstuff:planks_lime":6,"colouredstuff:stairs_planks_purple":3,"sf5_things:block_of_gray_dye":1408,"create:mechanical_saw":1,"minecraft:milk_bucket":1,"ars_nouveau:source_jar":1,"minecraft:gravel":905,"openstairs:open_oak_stairs_outside":28,"exnihilosequentia:infested_leaves":17,"colored_torches:white_torch":10,"minecraft:spruce_sapling":145,"minecraft:spruce_log":557,"colouredstuff:stairs_planks_blue":5,"forcecraft:recovery_heart":3,"create:gearbox":2,"ars_nouveau:battlemage_leggings":2,"botania:red_double_flower":8,"minecraft:oak_wood":6,"create:millstone":5,"colouredstuff:log_stripped_lime":30,"immersiveengineering:seed":36,"create:mechanical_pump":5,"minecraft:painting":1,"colouredstuff:log_light_gray":68,"silentgear:axe":1,"colouredstuff:log_stripped_none":5,"sf5_things:block_of_orange_dye":104,"minecraft:ender_pearl":3,"botania:brown_mystical_flower":1,"minecraft:pink_dye":26,"minecraft:hopper":5,"ars_nouveau:magebloom_crop":7,"minecraft:shulker_shell":12,"simplehats:fro":5,"minecraft:wheat":80,"colouredstuff:log_green":85,"minecraft:redstone_block":5,"simplehats:hatbag_rare":5,"create:mechanical_crafter":1,"simplehats:rednose":1,"minecraft:potion":1,"minecraft:gilded_blackstone":6,"minecraft:stone_brick_stairs":32,"minecraft:warped_stairs":2,"colouredstuff:planks_brown":7,"botania:mana_pearl":1,"silentgear:sinew":18,"colouredstuff:crafting_table_light_gray":1,"minecraft:raw_copper":36,"craftingstation:crafting_station":5,"create:andesite_funnel":3,"minecraft:comparator":6,"minecraft:bucket":1,"minecraft:red_dye":94,"minecraft:rose_bush":134,"minecraft:redstone_torch":6,"minecraft:cobblestone_slab":197,"vinery:spruce_lattice":5,"exnihilocoloratus:brown_barrel":10,"minecraft:furnace":10,"ars_nouveau:conjuration_essence":1,"silentgear:netherwood_stick":9,"minecraft:stick":3273,"create:mechanical_mixer":3,"tintedcampfires:green_campfire":3,"colouredstuff:leaves_brown":751,"create:dough":79,"minecraft:oak_fence":1,"botania:yellow_mystical_flower":1,"minecraft:torch":8,"minecraft:spruce_stairs":22,"chipped:massive_andesite_bricks":1,"minecraft:porkchop":1,"simplehats:worms_mine":1,"sf5_things:block_of_yellow_dye":1078,"minecraft:snow_block":1,"minecraft:dried_kelp":490,"minecraft:vine":18,"colouredstuff:log_pink":57,"exnihilosequentia:wooden_hammer":2,"heads:blaze_head":3,"create:large_cogwheel":18,"snad:snad":19,"colouredstuff:planks_green":28,"botania:light_gray_mystical_flower":2,"dimpaintings:overworld_painting":3,"simplehats:supersandhat":1,"simplehats:festiveribbon":1,"ars_nouveau:sorcerer_boots":2,"silentgear:netherwood_log":10,"refurbished_furniture:spruce_lattice_fence_gate":4,"minecraft:obsidian":12,"colouredstuff:leaves_red":133,"silentgear:sickle":1,"minecraft:cobblestone":12433,"sf5_things:block_of_green_dye":304,"occultism:datura_seeds":2,"ars_nouveau:glyph_explosion":1,"minecraft:cherry_planks":25,"colouredstuff:planks_gray":1,"minecraft:andesite":176,"mysticalagriculture:watering_can":1,"minecraft:potato":1,"sf5_things:block_of_lime_dye":386,"simplehats:tophat":1,"create:belt_connector":8,"thermal:onion":1,"minecraft:magenta_dye":316,"minecraft:light_gray_dye":158,"ars_nouveau:earth_essence":2,"sophisticatedstorage:storage_output":1,"ars_nouveau:glyph_amplify":1,"minecraft:dirt":758,"minecraft:lapis_lazuli":4,"sf5_things:black_apple":1,"immersiveengineering:hemp_fiber":64,"exnihilosequentia:fired_crucible":5,"minecraft:glass":128,"colouredstuff:sapling_green":19,"botania:cyan_mystical_flower":2,"silentgear:netherwood_sapling":13,"botania:pink_mystical_flower":3,"ars_nouveau:source_gem":21,"minecraft:wheat_seeds":182,"obtrophies:trophy":2,"minecraft:raw_gold":405,"botania:purple_mystical_flower":1,"minecraft:light_blue_dye":384,"ars_nouveau:glyph_extend_time":1,"minecraft:oak_planks":21,"colouredstuff:sapling_light_gray":13,"simplehats:babyturtle":1,"framedblocks:framed_lattice_block":21,"create:cogwheel":15,"botania:stripped_livingwood_log":1,"ars_nouveau:archwood_fence":1,"minecraft:sand":2467,"sf5_things:block_of_brown_dye":117,"mcwwindows:spruce_plank_parapet":6,"openstairs:open_oak_stairs_float":24,"ars_nouveau:wixie_charm":3,"colouredstuff:log_brown":883,"minecraft:sugar":1,"minecraft:clay":2,"minecraft:nether_star":1,"colouredstuff:leaves_green":385,"create:filter":10,"minecraft:soul_lantern":1,"heads:cow_head":4,"colouredstuff:sapling_none":14,"colouredstuff:log_blue":218,"minecraft:netherrack":4,"minecraft:oak_sapling":1846,"minecraft:oak_leaves":1952,"minecraft:end_stone_bricks":260,"colouredstuff:slab_planks_blue":122,"create_sabers:brass_saber_white":2,"minecraft:charcoal":13,"minecraft:cocoa_beans":15,"minecraft:end_stone_brick_stairs":1,"colouredstuff:sapling_brown":218,"minecraft:chicken":9,"botania:brown_double_flower":8,"minecraft:brown_mushroom":107,"ars_nouveau:blue_archwood_sapling":10,"silentgear:nether_banana":2,"minecraft:warped_fence":2,"colouredstuff:sapling_lime":3,"colouredstuff:dirt_lime":5,"sophisticatedstorage:limited_barrel_3":1,"create:chute":17,"minecraft:item_frame":3,"botania:magenta_mystical_flower":1,"minecraft:blackstone":1,"mcwroofs:warped_planks_upper_lower_roof":51,"sf5_things:none_apple":4,"ars_nouveau:starbuncle_shards":1,"colored_torches:blue_torch":66,"minecraft:player_head":7,"minecraft:sugar_cane":253,"colouredstuff:brick_light_gray":9,"colouredstuff:slab_planks_lime":1,"minecraft:orange_dye":296,"minecraft:raw_iron":123,"simplehats:fakeblight":1,"minecraft:end_stone":1617,"mcwwindows:spruce_curtain_rod":2,"minecraft:copper_ingot":554,"ars_nouveau:blue_archwood_log":59,"minecraft:gray_dye":2,"ars_nouveau:purple_archwood_sapling":16,"silentgear:hammer":1,"sophisticatedstorage:copper_chest":8,"create:hand_crank":13,"minecraft:stone_button":1,"ars_nouveau:thread_spellpower":1,"minecraft:brown_dye":275,"simplehats:bigcrown":1,"create:zinc_ingot":8,"additionallanterns:white_smooth_stone_lantern":6,"simplehats:puchiko":1,"minecraft:arrow":1,"botania:lime_mystical_flower":2,"colouredstuff:dirt_brown":16,"ars_nouveau:abjuration_essence":1,"ars_nouveau:ring_of_lesser_discount":3,"colouredstuff:dirt_none":1,"minecraft:air":0,"colouredstuff:slab_planks_none":75,"minecraft:purple_dye":361,"botania:twig_wand":1,"ars_nouveau:arcanist_hood":1,"minecraft:golden_carrot":6,"colouredstuff:trapdoor_planks_brown":65,"minecraft:leather":110,"sf5_things:block_of_white_dye":440,"minecraft:crimson_fungus":3,"create:andesite_alloy":49,"colouredstuff:leaves_gray":192,"minecraft:gunpowder":144,"create:blaze_burner":5,"draconicevolution:dragon_heart":1,"colouredstuff:sapling_pink":64,"botania:light_gray_petal":3,"botania:light_blue_mystical_flower":7,"ars_nouveau:green_archwood_sapling":11,"colouredstuff:slab_planks_green":126,"minecraft:spruce_wood":27,"minecraft:iron_ingot":967,"ars_nouveau:sorcerer_leggings":2,"minecraft:soul_sand":1,"minecraft:scaffolding":65,"sophisticatedbackpacks:diamond_backpack":1,"colouredstuff:dirt_light_gray":20,"colouredstuff:log_stripped_gray":13,"create:large_water_wheel":2,"minecraft:green_dye":11,"minecraft:book":2,"minecraft:oak_slab":18,"exnihilocoloratus:green_crucible":3,"minecraft:warped_fungus":5,"colouredstuff:crafting_table_cyan":4,"minecraft:stone_brick_slab":49,"ars_nouveau:red_archwood_sapling":21,"ars_nouveau:battlemage_boots":2,"minecraft:amethyst_shard":11,"ars_nouveau:dominion_wand":1,"botania:alchemy_catalyst":2,"botania:white_petal":1,"create:brass_tunnel":6,"colouredstuff:log_none":15,"exnihilosequentia:cooked_silkworm":1,"buildinggadgets2:gadget_copy_paste":1,"luphieclutteredmod:blue_bicycle":1,"ars_nouveau:wilden_spike":8,"minecraft:cherry_sapling":217,"colouredstuff:slab_planks_black":16,"sophisticatedstorage:diamond_chest":4,"minecraft:coal":38},"minecraft:dropped":{"minecraft:clay":2,"minecraft:lapis_lazuli":4,"botania:pink_petal":2,"minecraft:cooked_beef":89,"create:cogwheel":3,"ars_nouveau:earth_essence":1,"minecraft:item_frame":2,"colouredstuff:slab_planks_blue":33,"minecraft:grass":4,"minecraft:dirt":65,"minecraft:raw_copper_block":1,"minecraft:yellow_dye":692,"craftingstation:crafting_station_slab":2,"exnihilosequentia:wooden_hammer":3,"create:speedometer":4,"ars_nouveau:fire_essence":2,"create:goggles":1,"minecraft:sand":11539,"minecraft:gray_dye":1029,"minecraft:bone_meal":15,"ars_nouveau:wilden_horn":8,"minecraft:compass":1,"minecraft:sugar_cane":48,"create:brass_tunnel":3,"minecraft:lever":1,"colored_torches:black_torch":4,"colouredstuff:planks_black":5,"minecraft:iron_nugget":64,"ars_nouveau:apprentice_spell_book":4,"minecraft:pink_dye":35,"minecraft:wheat":88,"minecraft:obsidian":1,"minecraft:lime_dye":179,"minecraft:firework_star":1,"sf5_things:block_of_white_dye":81,"minecraft:charcoal":3,"create:wrench":1,"minecraft:hopper":1,"minecraft:white_dye":873,"minecraft:painting":1,"minecraft:beef":163,"botania:brown_petal":13,"colouredstuff:planks_brown":2,"colouredstuff:planks_purple":2,"minecraft:egg":151,"buildinggadgets2:gadget_copy_paste":1,"minecraft:iron_ingot":250,"minecraft:black_dye":760,"minecraft:wheat_seeds":8,"minecraft:tnt":7,"create_sabers:brass_saber_white_off":2,"minecraft:book":1,"minecraft:cobblestone":14279,"colouredstuff:log_blue":74,"minecraft:apple":821,"minecraft:coal":75,"minecraft:coal_block":20,"colouredstuff:slab_planks_none":1,"colouredstuff:slab_planks_brown":64,"colored_torches:green_torch":3,"sf5_things:block_of_green_dye":39,"minecraft:red_dye":192,"sf5_things:block_of_red_dye":94,"minecraft:paper":55,"minecraft:oxidized_copper":1,"sf5_things:block_of_pink_dye":1,"minecraft:player_head":12,"silentgear:hammer":1,"minecraft:bowl":3,"ars_nouveau:greater_experience_gem":41,"snad:snad":98,"sf5_things:block_of_brown_dye":55,"minecraft:potato":1,"woodenbucket:wooden_bucket":5,"minecraft:cobblestone_slab":1,"silentgear:paxel":8,"minecraft:diamond_pickaxe":1,"create:zinc_ingot":66,"botania:twig_wand":1,"minecraft:barrel":24,"minecraft:light_gray_dye":2031,"minecraft:magenta_dye":4,"colouredstuff:fence_planks_brown":16,"botania:blue_petal":2,"minecraft:soul_sand":1,"create:belt_connector":12,"create:vertical_gearbox":1,"minecraft:orange_dye":300,"minecraft:oak_log":9056,"minecraft:ender_pearl":3,"colouredstuff:dirt_light_gray":20,"colouredstuff:slab_planks_black":4,"colouredstuff:dirt_brown":8,"create:filter":2,"silentgear:axe":1,"minecraft:flint":227,"refurbished_furniture:wrench":1,"ars_nouveau:red_archwood_log":1,"colouredstuff:slab_planks_lime":1,"silentgear:nether_banana":2,"colored_torches:blue_torch":23,"botania:white_petal":6,"mysticalagriculture:none_crop_seeds":1,"minecraft:gold_ingot":10,"minecraft:gravel":1380,"minecraft:blackstone":1,"silentgear:template_board":64,"ars_nouveau:wilden_spike":8,"ars_nouveau:purple_archwood_sapling":3,"colouredstuff:sapling_none":1,"colouredstuff:leaves_green":1,"minecraft:cherry_sapling":4,"minecraft:beetroot":2,"colouredstuff:log_brown":7,"exnihilosequentia:silkworm":19,"heads:blaze_head":2,"minecraft:carrot":1,"minecraft:beetroot_seeds":6,"minecraft:spruce_wood":2,"create:brass_ingot":57,"create:wheat_flour":79,"sf5_things:block_of_cyan_dye":128,"sf5_things:brown_apple":17,"minecraft:firework_rocket":2,"immersiveengineering:seed":7,"create:andesite_alloy":12,"ars_nouveau:red_archwood_sapling":1,"minecraft:oak_leaves":64,"colouredstuff:dirt_white":9,"minecraft:vine":74,"minecraft:cherry_log":35,"sf5_things:block_of_light_gray_dye":374,"minecraft:cyan_dye":124,"botania:red_petal":6,"botania:green_petal":2,"colouredstuff:trapdoor_planks_brown":28,"simplehats:fro":1,"colouredstuff:planks_green":6,"minecraft:copper_ingot":429,"sf5_things:block_of_yellow_dye":136,"buildinggadgets2:gadget_cut_paste":3,"colouredstuff:planks_lime":2,"minecraft:stick":2985,"mysticalagriculture:watering_can":2,"minecraft:blue_dye":66,"colouredstuff:log_pink":1,"sf5_things:block_of_gray_dye":366,"minecraft:green_dye":559,"colouredstuff:log_light_gray":38,"minecraft:fire_charge":1,"colouredstuff:leaves_brown":1,"botania:alchemy_catalyst":1,"sf5_things:block_of_orange_dye":24,"sophisticatedbackpacks:crafting_upgrade":1,"minecraft:bucket":1,"ars_nouveau:wilden_wing":3,"minecraft:brown_dye":178,"minecraft:kelp":702,"create:shaft":67,"minecraft:blaze_rod":1,"minecraft:raw_copper":630,"botania:light_gray_petal":8,"minecraft:raw_iron":1205,"silentgear:sickle":1,"minecraft:stripped_oak_log":50,"colouredstuff:fence_planks_green":8,"sf5_things:block_of_lime_dye":101,"silentgear:paxel_blueprint":2,"minecraft:andesite":3,"minecraft:oak_sapling":31,"colouredstuff:log_stripped_brown":1,"minecraft:raw_gold":1061,"sf5_things:block_of_black_dye":1,"bhc:red_heart":3,"create:empty_blaze_burner":5},"minecraft:killed_by":{"minecraft:cow":2,"minecraft:ender_dragon":1,"minecraft:player":1,"minecraft:spider":2}},"DataVersion":3465}