{"stats":{"minecraft:mined":{"create:andesite_casing":38,"colored_torches:wall_white_torch":2,"colouredstuff:fence_planks_green":16,"colouredstuff:leaves_green":665,"colouredstuff:log_stripped_gray":13,"minecraft:fire":1,"colouredstuff:slab_planks_none":97,"colouredstuff:log_none":13,"sophisticatedstorage:chest":6,"colouredstuff:log_green":90,"colouredstuff:leaves_blue":231,"colouredstuff:slab_planks_lime":1,"colouredstuff:slab_planks_blue":115,"create:cogwheel":7,"colouredstuff:door_planks_green":1,"craftingstation:crafting_station_slab":2,"minecraft:player_wall_head":1,"additionallanterns:white_smooth_stone_lantern":2,"sf5_things:block_of_yellow_dye":27,"tintedcampfires:green_campfire":1,"colored_torches:white_torch":1,"colouredstuff:stairs_planks_brown":23,"colouredstuff:log_blue":49,"minecraft:glass":35,"minecraft:cobblestone":545,"colouredstuff:sapling_none":3,"minecraft:seagrass":2,"sf5_things:block_of_orange_dye":31,"minecraft:wheat":5,"exnihilocoloratus:brown_barrel":2,"minecraft:beetroots":4,"exnihilocoloratus:none_barrel":1,"create:hand_crank":4,"minecraft:sand":10,"minecraft:dirt":30,"create:encased_chain_drive":5,"exnihilocoloratus:green_crucible":3,"minecraft:netherrack":1,"ars_nouveau:blue_archwood_sapling":1,"exnihilosequentia:infested_leaves":97,"colouredstuff:leaves_brown":1762,"sf5_things:colorless_leaves":8,"create:millstone":3,"colouredstuff:log_stripped_none":5,"colouredstuff:planks_brown":7,"create:large_cogwheel":8,"colouredstuff:log_stripped_green":18,"create:depot":1,"colouredstuff:slab_planks_brown":137,"sf5_things:block_of_gray_dye":39,"create:shaft":6,"minecraft:furnace":5,"immersiveengineering:hemp":3,"colouredstuff:log_gray":23,"colored_torches:black_torch":1,"sf5_things:block_of_black_dye":45,"minecraft:andesite":31,"minecraft:cobblestone_slab":106,"minecraft:vine":13,"colouredstuff:leaves_none":64,"colouredstuff:dirt_lime":9,"sf5_things:block_of_green_dye":10,"sophisticatedstorage:limited_barrel_3":1,"colouredstuff:log_stripped_brown":3,"sf5_things:block_of_white_dye":45,"colouredstuff:sapling_green":1,"colouredstuff:planks_green":20,"colouredstuff:planks_lime":2,"create:mechanical_pump":3,"colouredstuff:leaves_gray":192,"exnihilosequentia:fired_crucible":2,"ars_nouveau:blue_archwood_leaves":175,"colouredstuff:log_brown":402,"craftingstation:crafting_station":4,"ars_nouveau:blue_archwood_log":55,"create:gearbox":7,"colouredstuff:slab_planks_black":22,"colouredstuff:log_stripped_lime":30,"minecraft:bee_nest":1,"sf5_things:block_of_light_gray_dye":89,"minecraft:gravel":349,"colouredstuff:slab_planks_green":149,"colouredstuff:planks_black":20,"colored_torches:green_torch":2},"minecraft:picked_up":{"simplehats:fro":2,"minecraft:seagrass":1,"minecraft:wheat":10,"colouredstuff:log_green":85,"colouredstuff:planks_brown":4,"silentgear:sinew":9,"minecraft:string":78,"craftingstation:crafting_station":4,"minecraft:beetroot":6,"mysticalagriculture:none_crop_seeds":5,"minecraft:red_dye":63,"minecraft:cobblestone_slab":103,"thermal:eggplant":6,"exnihilocoloratus:brown_barrel":2,"minecraft:furnace":4,"minecraft:stick":80,"create:mechanical_mixer":1,"colouredstuff:leaves_brown":574,"tintedcampfires:green_campfire":1,"colouredstuff:log_black":3,"create:andesite_casing":40,"sf5_things:block_of_yellow_dye":27,"minecraft:dried_kelp":54,"minecraft:vine":16,"sf5_things:brown_apple":50,"minecraft:black_dye":7,"woodenbucket:wooden_bucket":10,"exnihilosequentia:wooden_hammer":2,"create:large_cogwheel":11,"snad:snad":8,"colouredstuff:planks_green":23,"minecraft:blue_dye":12,"minecraft:bookshelf":2,"supplementaries:ash":28,"silentgear:sickle":1,"silentgear:template_board":284,"minecraft:cobblestone":451,"sf5_things:block_of_green_dye":64,"silentgear:paxel":7,"minecraft:cooked_beef":23,"minecraft:oxidized_copper":1,"minecraft:andesite":33,"mysticalagriculture:watering_can":1,"sf5_things:block_of_lime_dye":41,"create:belt_connector":8,"thermal:onion":1,"minecraft:flint":156,"minecraft:light_gray_dye":43,"sf5_things:black_apple":1,"minecraft:dirt":61,"simplehats:hatbag_epic":1,"create:encased_chain_drive":4,"immersiveengineering:hemp_fiber":22,"bhc:red_heart":1,"exnihilosequentia:fired_crucible":2,"colouredstuff:sapling_green":19,"minecraft:wheat_seeds":12,"sophisticatedstorage:chest":6,"create:shaft":8,"simplehats:hatbag_uncommon":1,"colouredstuff:log_stripped_green":17,"patchouli:guide_book":1,"create:cogwheel":10,"minecraft:sand":736,"sf5_things:block_of_brown_dye":110,"minecraft:barrel":24,"exnihilosequentia:silkworm":178,"sf5_things:block_of_black_dye":86,"colouredstuff:sapling_black":5,"colored_torches:green_torch":5,"colouredstuff:log_brown":391,"minecraft:clay":2,"colouredstuff:leaves_green":385,"create:filter":3,"heads:cow_head":3,"thermal:eggplant_seeds":2,"colouredstuff:sapling_none":14,"colouredstuff:log_blue":49,"thermal:copper_plate":17,"lootbags:loot_bag":11,"minecraft:netherrack":1,"colouredstuff:log_stripped_brown":5,"minecraft:cocoa_beans":7,"colouredstuff:slab_planks_blue":120,"colouredstuff:sapling_brown":108,"ars_nouveau:blue_archwood_sapling":7,"colouredstuff:sapling_blue":17,"create:fluid_pipe":1,"colouredstuff:dirt_lime":5,"sophisticatedstorage:limited_barrel_3":1,"simplehats:baseballhat":1,"colouredstuff:fence_planks_green":16,"sf5_things:none_apple":4,"minecraft:beef":70,"minecraft:player_head":2,"sf5_things:green_apple":8,"colored_torches:black_torch":3,"colouredstuff:slab_planks_lime":1,"minecraft:orange_dye":9,"simplehats:fakeblight":1,"minecraft:stone":120,"colouredstuff:slab_planks_brown":349,"simplehats:hatbag_common":4,"colouredstuff:stairs_planks_brown":23,"minecraft:copper_ingot":14,"ars_nouveau:blue_archwood_log":55,"silentgear:hammer":1,"minecraft:white_dye":6,"create:hand_crank":5,"sf5_things:block_of_light_gray_dye":369,"minecraft:brown_dye":232,"create:vertical_gearbox":5,"additionallanterns:white_smooth_stone_lantern":5,"silentgear:paxel_blueprint":2,"minecraft:beetroot_seeds":12,"exnihilocoloratus:none_barrel":1,"create:depot":1,"colouredstuff:slab_planks_none":75,"sf5_things:block_of_white_dye":71,"minecraft:leather":45,"sf5_things:blue_apple":10,"colouredstuff:leaves_gray":192,"colouredstuff:log_gray":23,"colouredstuff:planks_black":20,"sf5_things:block_of_red_dye":60,"colouredstuff:slab_planks_green":125,"minecraft:kelp":54,"colouredstuff:planks_lime":2,"colouredstuff:log_stripped_gray":13,"sf5_things:block_of_gray_dye":123,"minecraft:green_dye":11,"exnihilocoloratus:green_crucible":3,"minecraft:gravel":495,"exnihilosequentia:infested_leaves":17,"colored_torches:white_torch":6,"colouredstuff:log_none":15,"exnihilosequentia:cooked_silkworm":1,"create:gearbox":2,"create:millstone":5,"colouredstuff:log_stripped_lime":30,"immersiveengineering:seed":6,"create:mechanical_pump":5,"colouredstuff:slab_planks_black":10,"silentgear:axe":1,"colouredstuff:log_stripped_none":5,"sf5_things:block_of_orange_dye":31,"minecraft:coal":10},"minecraft:killed":{"minecraft:bee":3,"minecraft:cow":45},"minecraft:broken":{"woodenbucket:wooden_bucket":1},"minecraft:killed_by":{"minecraft:cow":2},"minecraft:custom":{"minecraft:open_barrel":7,"minecraft:leave_game":12,"minecraft:time_since_death":276483,"minecraft:sprint_one_cm":458823,"minecraft:drop":1183,"minecraft:play_time":829186,"minecraft:deaths":8,"minecraft:jump":1686,"minecraft:walk_on_water_one_cm":17934,"minecraft:interact_with_furnace":109,"minecraft:damage_dealt":5095,"minecraft:crouch_one_cm":40487,"minecraft:inspect_dropper":2,"minecraft:mob_kills":49,"minecraft:interact_with_campfire":53,"minecraft:damage_dealt_resisted":0,"minecraft:climb_one_cm":13156,"minecraft:walk_one_cm":2107161,"minecraft:sneak_time":14877,"minecraft:walk_under_water_one_cm":2754,"minecraft:total_world_time":829186,"minecraft:time_since_rest":276509,"minecraft:damage_taken":3432,"minecraft:swim_one_cm":2726,"minecraft:fly_one_cm":87455,"minecraft:open_chest":878,"minecraft:fall_one_cm":336264},"minecraft:used":{"exnihilocoloratus:none_barrel":2,"colouredstuff:fence_planks_green":4,"silentgear:sword":56,"colouredstuff:sapling_green":11,"minecraft:player_head":2,"create:fluid_tank":31,"create:cogwheel":106,"exnihilosequentia:cooked_silkworm":1,"create:depot":20,"create:speedometer":6,"colored_torches:white_torch":14,"minecraft:glass":35,"colored_torches:black_torch":1,"minecraft:lava_bucket":3,"minecraft:grass_block":8,"create:millstone":15,"minecraft:stone_bricks":12,"create:andesite_funnel":12,"colouredstuff:slab_planks_brown":303,"silentgear:paxel":1996,"create:shaft":77,"minecraft:furnace":12,"tintedcampfires:green_campfire":1,"minecraft:beetroot_seeds":1,"colouredstuff:planks_none":6,"ars_nouveau:blue_archwood_sapling":2,"colouredstuff:planks_brown":30,"colouredstuff:sapling_orange":1,"colouredstuff:sapling_brown":41,"exnihilocoloratus:brown_barrel":4,"create:spout":2,"minecraft:sand":7,"minecraft:shears":228,"additionallanterns:white_smooth_stone_lantern":3,"colouredstuff:slab_planks_none":66,"colouredstuff:dirt_lime":5,"colouredstuff:stairs_planks_brown":25,"create:andesite_casing":11,"minecraft:gravel":348,"sophisticatedstorage:chest":18,"colouredstuff:sapling_gray":4,"create:basin":6,"exnihilosequentia:stone_hammer":605,"create:stressometer":3,"minecraft:andesite":31,"create:vertical_gearbox":25,"minecraft:bone_meal":202,"create:large_cogwheel":58,"exnihilosequentia:wooden_hammer":5,"minecraft:flint_and_steel":1,"colored_torches:green_torch":4,"exnihilocoloratus:green_crucible":4,"minecraft:netherrack":1,"simpletomb:grave_key":8,"colouredstuff:leaves_green":109,"gateways:gate_pearl":1,"create:mechanical_pump":20,"minecraft:dirt":47,"thermal:eggplant_seeds":1,"create:mechanical_mixer":5,"colouredstuff:sapling_none":7,"colouredstuff:leaves_brown":1,"minecraft:stone_brick_slab":6,"colouredstuff:slab_planks_green":202,"colouredstuff:crafting_table_brown":2,"exnihilosequentia:infested_leaves":17,"create:wrench":394,"create:gearbox":8,"silentgear:shears":1010,"create:encased_chain_drive":34,"colouredstuff:planks_black":30,"colouredstuff:planks_green":37,"create:fluid_pipe":42,"minecraft:cooked_beef":24,"create:belt_connector":18,"sophisticatedstorage:limited_barrel_3":1,"exnihilosequentia:fired_crucible":1,"minecraft:wheat_seeds":11,"colouredstuff:log_gray":9,"colouredstuff:sapling_blue":10,"colouredstuff:log_brown":258,"colouredstuff:log_lime":30,"minecraft:cobblestone_slab":374,"create:encased_fan":1,"silentgear:sickle":300,"silentgear:axe":644,"create:filter":5,"colouredstuff:log_stripped_lime":30,"colouredstuff:log_stripped_brown":3,"colouredstuff:crafting_table_none":1,"colouredstuff:slab_planks_blue":205,"create:mechanical_press":8,"craftingstation:crafting_station":6,"create:large_water_wheel":18,"minecraft:cobblestone":586,"colouredstuff:log_stripped_gray":4,"colouredstuff:log_green":18,"minecraft:bucket":3,"colouredstuff:log_none":2,"create:hand_crank":5},"minecraft:dropped":{"minecraft:clay":2,"minecraft:orange_dye":132,"create:filter":1,"silentgear:axe":1,"minecraft:flint":79,"minecraft:grass":4,"minecraft:dirt":1,"colouredstuff:slab_planks_blue":31,"minecraft:yellow_dye":31,"exnihilosequentia:wooden_hammer":3,"colouredstuff:slab_planks_lime":1,"minecraft:sand":2676,"minecraft:gray_dye":399,"minecraft:gold_ingot":6,"minecraft:gravel":957,"silentgear:template_board":52,"colored_torches:black_torch":2,"colouredstuff:planks_black":5,"minecraft:wheat":2,"colouredstuff:sapling_none":1,"colouredstuff:leaves_green":1,"minecraft:beetroot":2,"exnihilosequentia:silkworm":9,"minecraft:lime_dye":179,"sf5_things:block_of_white_dye":13,"minecraft:charcoal":1,"minecraft:white_dye":76,"colouredstuff:planks_brown":2,"create:andesite_alloy":1,"minecraft:vine":6,"minecraft:black_dye":134,"sf5_things:block_of_light_gray_dye":110,"minecraft:cobblestone":1799,"minecraft:copper_ingot":194,"colouredstuff:planks_green":6,"minecraft:coal":10,"minecraft:stick":6,"colouredstuff:planks_lime":2,"colouredstuff:slab_planks_brown":64,"mysticalagriculture:watering_can":2,"colored_torches:green_torch":1,"colouredstuff:slab_planks_none":1,"sf5_things:block_of_gray_dye":30,"minecraft:green_dye":284,"sf5_things:block_of_green_dye":29,"colouredstuff:leaves_brown":1,"minecraft:red_dye":82,"sf5_things:block_of_red_dye":30,"minecraft:oxidized_copper":1,"minecraft:kelp":198,"minecraft:brown_dye":178,"create:shaft":2,"silentgear:hammer":1,"minecraft:bowl":3,"silentgear:sickle":1,"snad:snad":94,"sf5_things:block_of_brown_dye":55,"colouredstuff:fence_planks_green":8,"sf5_things:block_of_lime_dye":21,"woodenbucket:wooden_bucket":5,"minecraft:cobblestone_slab":1,"silentgear:paxel":7,"silentgear:paxel_blueprint":2,"minecraft:andesite":3,"minecraft:barrel":24,"minecraft:light_gray_dye":1057,"colouredstuff:log_stripped_brown":1,"bhc:red_heart":1},"minecraft:crafted":{"minecraft:black_dye":48,"minecraft:cobblestone_slab":384,"minecraft:barrel":76,"ars_nouveau:archwood_planks":264,"colored_torches:white_torch":2,"colouredstuff:planks_brown":563,"minecraft:grass":4,"colouredstuff:slab_planks_lime":64,"minecraft:heavy_weighted_pressure_plate":1,"colouredstuff:slab_planks_blue":252,"minecraft:hopper":1,"minecraft:green_dye":29,"create:vertical_gearbox":9,"minecraft:glass":22,"minecraft:stone_brick_slab":18,"create:andesite_funnel":6,"minecraft:raw_copper":13,"create:mechanical_press":1,"mysticalagriculture:watering_can":1,"minecraft:chest":1,"create:spout":1,"colouredstuff:crafting_table_brown":4,"exnihilocoloratus:none_barrel":1,"colouredstuff:planks_none":25,"minecraft:stone_bricks":30,"create:cogwheel":65,"minecraft:raw_iron_block":32,"create:depot":5,"colouredstuff:slab_planks_green":174,"colouredstuff:slab_planks_none":72,"create:fluid_pipe":24,"minecraft:kelp":10,"minecraft:brown_dye":20,"minecraft:copper_ingot":115,"craftingstation:crafting_station":2,"create:encased_chain_drive":7,"create:mechanical_mixer":2,"minecraft:diorite":63,"create:stressometer":1,"create:gearbox":11,"exnihilosequentia:wooden_hammer":1,"create:encased_fan":1,"create:water_wheel":22,"minecraft:yellow_dye":10,"minecraft:charcoal":7,"exnihilosequentia:stone_hammer":1,"minecraft:stick":232,"minecraft:compass":7,"create:mechanical_pump":2,"minecraft:iron_ingot":375,"colouredstuff:slab_planks_brown":474,"create:propeller":1,"minecraft:gold_ingot":12,"woodenbucket:wooden_bucket":18,"minecraft:light_gray_dye":383,"create:large_cogwheel":7,"minecraft:shears":1,"sf5_things:block_of_light_gray_dye":2,"minecraft:redstone":12,"minecraft:raw_iron":171,"minecraft:coal":91,"create:wrench":1,"minecraft:iron_nugget":312,"colouredstuff:planks_blue":201,"minecraft:furnace":8,"minecraft:gray_dye":66,"minecraft:bone_meal":104,"minecraft:pink_dye":4,"minecraft:raw_copper_block":13,"minecraft:flint_and_steel":1,"exnihilocoloratus:brown_barrel":2,"minecraft:netherrack":1,"colouredstuff:planks_lime":30,"colouredstuff:stairs_planks_brown":88,"create:millstone":2,"minecraft:lime_dye":11,"create:fluid_tank":40,"create:basin":2,"create:belt_connector":9,"create:filter":2,"minecraft:cooked_beef":25,"minecraft:coal_block":7,"minecraft:red_dye":7,"minecraft:bone_block":5,"create:andesite_alloy":229,"create:hand_crank":1,"minecraft:dried_kelp":21,"colouredstuff:planks_green":171,"minecraft:bowl":4,"create:goggles":1,"create:large_water_wheel":10,"minecraft:bucket":1,"colouredstuff:planks_black":29,"minecraft:orange_dye":8,"minecraft:air":5242,"create:speedometer":6,"sophisticatedstorage:chest":12,"minecraft:white_wool":5,"create:whisk":2,"minecraft:white_dye":169,"thermal:eggplant_seeds":1,"minecraft:raw_gold":12,"create:shaft":88,"minecraft:andesite":313}},"DataVersion":3465}