{
  "mcwfences:recipes/dark_oak": {
    "criteria": {
      "has_dark_oak": "2025-12-26 21:43:07 -0300"
    },
    "done": true
  },
  "additionallanterns:recipes/misc/smooth_stone_lantern_purple": {
    "criteria": {
      "recipe_condition": "2025-12-26 21:43:07 -0300"
    },
    "done": true
  },
  "mcwfences:recipes/crimson": {
    "criteria": {
      "has_crimson": "2025-12-26 21:43:07 -0300"
    },
    "done": true
  },
  "additionallanterns:recipes/misc/smooth_stone_lantern_colorless": {
    "criteria": {
      "recipe_condition": "2025-12-26 21:43:07 -0300"
    },
    "done": true
  },
  "minecraft:recipes/decorations/crafting_table": {
    "criteria": {
      "unlock_right_away": "2025-12-26 21:43:07 -0300"
    },
    "done": true
  },
  "mcwfences:recipes/jungle": {
    "criteria": {
      "has_jungle": "2025-12-26 21:43:07 -0300"
    },
    "done": true
  },
  "mcwfences:recipes/warped": {
    "criteria": {
      "has_warped": "2025-12-26 21:43:07 -0300"
    },
    "done": true
  },
  "additionallanterns:recipes/misc/smooth_stone_lantern_gray": {
    "criteria": {
      "recipe_condition": "2025-12-26 21:43:07 -0300"
    },
    "done": true
  },
  "additionallanterns:recipes/misc/smooth_stone_lantern_light_gray": {
    "criteria": {
      "recipe_condition": "2025-12-26 21:43:07 -0300"
    },
    "done": true
  },
  "additionallanterns:recipes/misc/smooth_stone_lantern_pink": {
    "criteria": {
      "recipe_condition": "2025-12-26 21:43:07 -0300"
    },
    "done": true
  },
  "mcwfences:recipes/birch": {
    "criteria": {
      "has_birch": "2025-12-26 21:43:07 -0300"
    },
    "done": true
  },
  "mcwfences:recipes/stone": {
    "criteria": {
      "has_stone": "2025-12-26 21:43:07 -0300"
    },
    "done": true
  },
  "mcwfences:recipes/sandstone": {
    "criteria": {
      "has_sand": "2025-12-26 21:43:07 -0300"
    },
    "done": true
  },
  "mcwfences:recipes/acacia": {
    "criteria": {
      "has_acacia": "2025-12-26 21:43:07 -0300"
    },
    "done": true
  },
  "mcwfences:recipes/oak": {
    "criteria": {
      "has_oak": "2025-12-26 21:43:07 -0300"
    },
    "done": true
  },
  "additionallanterns:recipes/misc/smooth_stone_lantern_yellow": {
    "criteria": {
      "recipe_condition": "2025-12-26 21:43:07 -0300"
    },
    "done": true
  },
  "mcwfences:recipes/hedge": {
    "criteria": {
      "has_birch": "2025-12-26 21:43:07 -0300"
    },
    "done": true
  },
  "additionallanterns:recipes/misc/smooth_stone_lantern_magenta": {
    "criteria": {
      "recipe_condition": "2025-12-26 21:43:07 -0300"
    },
    "done": true
  },
  "additionallanterns:recipes/misc/smooth_stone_lantern_lime": {
    "criteria": {
      "recipe_condition": "2025-12-26 21:43:07 -0300"
    },
    "done": true
  },
  "additionallanterns:recipes/misc/smooth_stone_lantern_blue": {
    "criteria": {
      "recipe_condition": "2025-12-26 21:43:07 -0300"
    },
    "done": true
  },
  "skyfactory_5:tracking_advancements/titan_gateways/root": {
    "criteria": {
      "crafting_table": "2025-12-26 21:43:07 -0300"
    },
    "done": true
  },
  "additionallanterns:recipes/misc/smooth_stone_lantern_light_blue": {
    "criteria": {
      "recipe_condition": "2025-12-26 21:43:07 -0300"
    },
    "done": true
  },
  "mcwfences:recipes/prismarine": {
    "criteria": {
      "has_qq": "2025-12-26 21:43:07 -0300"
    },
    "done": true
  },
  "mcwfences:recipes/quartz": {
    "criteria": {
      "has_qq": "2025-12-26 21:43:07 -0300"
    },
    "done": true
  },
  "mcwfences:recipes/mangrove": {
    "criteria": {
      "has_mangrove": "2025-12-26 21:43:07 -0300"
    },
    "done": true
  },
  "additionallanterns:recipes/misc/smooth_stone_lantern_brown": {
    "criteria": {
      "recipe_condition": "2025-12-26 21:43:07 -0300"
    },
    "done": true
  },
  "additionallanterns:recipes/misc/smooth_stone_lantern_orange": {
    "criteria": {
      "recipe_condition": "2025-12-26 21:43:07 -0300"
    },
    "done": true
  },
  "mcwfences:recipes/nether": {
    "criteria": {
      "has_nether_brick": "2025-12-26 21:43:07 -0300"
    },
    "done": true
  },
  "skyfactory_5:color_stages/root": {
    "criteria": {
      "crafting_table": "2025-12-26 21:43:07 -0300"
    },
    "done": true
  },
  "mcwfences:recipes/bamboo": {
    "criteria": {
      "has_bamboo": "2025-12-26 21:43:07 -0300"
    },
    "done": true
  },
  "mcwfences:recipes/spruce": {
    "criteria": {
      "has_spruce": "2025-12-26 21:43:07 -0300"
    },
    "done": true
  },
  "skyfactory_5:tracking_advancements/normal_gateways/root": {
    "criteria": {
      "crafting_table": "2025-12-26 21:43:07 -0300"
    },
    "done": true
  },
  "mcwfences:recipes/end": {
    "criteria": {
      "has_end_brick": "2025-12-26 21:43:07 -0300"
    },
    "done": true
  },
  "additionallanterns:recipes/misc/smooth_stone_lantern_green": {
    "criteria": {
      "recipe_condition": "2025-12-26 21:43:07 -0300"
    },
    "done": true
  },
  "skyfactory_5:tracking_advancements/challenge_gateways/root": {
    "criteria": {
      "crafting_table": "2025-12-26 21:43:07 -0300"
    },
    "done": true
  },
  "mcwfences:recipes/mud_brick": {
    "criteria": {
      "has_qq": "2025-12-26 21:43:07 -0300"
    },
    "done": true
  },
  "additionallanterns:recipes/misc/smooth_stone_lantern_white": {
    "criteria": {
      "recipe_condition": "2025-12-26 21:43:07 -0300"
    },
    "done": true
  },
  "mcwfences:recipes/blackstone": {
    "criteria": {
      "has_blackstone": "2025-12-26 21:43:07 -0300"
    },
    "done": true
  },
  "skyfactory_5:tracking_advancements/trophies/root": {
    "criteria": {
      "crafting_table": "2025-12-26 21:43:07 -0300"
    },
    "done": true
  },
  "additionallanterns:recipes/misc/smooth_stone_lantern_black": {
    "criteria": {
      "recipe_condition": "2025-12-26 21:43:07 -0300"
    },
    "done": true
  },
  "mcwfences:recipes/deepslate": {
    "criteria": {
      "has_deepslate": "2025-12-26 21:43:07 -0300"
    },
    "done": true
  },
  "skyfactory_5:tracking_advancements/simple_hats/root": {
    "criteria": {
      "crafting_table": "2025-12-26 21:43:07 -0300"
    },
    "done": true
  },
  "additionallanterns:recipes/misc/smooth_stone_lantern_red": {
    "criteria": {
      "recipe_condition": "2025-12-26 21:43:07 -0300"
    },
    "done": true
  },
  "additionallanterns:recipes/misc/smooth_stone_lantern_cyan": {
    "criteria": {
      "recipe_condition": "2025-12-26 21:43:07 -0300"
    },
    "done": true
  },
  "skyfactory_5:dimension_travel/root": {
    "criteria": {
      "crafting_table": "2025-12-26 21:43:07 -0300"
    },
    "done": true
  },
  "DataVersion": 3465
}