{"stats":{"minecraft:killed":{"minecraft:bee":3,"minecraft:cow":33},"minecraft:killed_by":{"minecraft:cow":2},"minecraft:crafted":{"minecraft:black_dye":42,"minecraft:cobblestone_slab":384,"minecraft:barrel":17,"ars_nouveau:archwood_planks":4,"colored_torches:white_torch":2,"colouredstuff:planks_brown":119,"minecraft:grass":4,"colouredstuff:slab_planks_lime":64,"minecraft:heavy_weighted_pressure_plate":1,"colouredstuff:slab_planks_blue":252,"minecraft:green_dye":16,"create:vertical_gearbox":4,"minecraft:glass":22,"create:andesite_funnel":4,"minecraft:raw_copper":8,"create:mechanical_press":1,"mysticalagriculture:watering_can":1,"colouredstuff:crafting_table_brown":4,"colouredstuff:planks_none":25,"exnihilocoloratus:none_barrel":1,"minecraft:stone_bricks":15,"create:cogwheel":65,"create:depot":4,"colouredstuff:slab_planks_green":174,"colouredstuff:slab_planks_none":72,"create:fluid_pipe":20,"minecraft:kelp":2,"minecraft:brown_dye":20,"minecraft:copper_ingot":70,"craftingstation:crafting_station":2,"create:encased_chain_drive":7,"create:mechanical_mixer":2,"minecraft:diorite":63,"create:gearbox":8,"exnihilosequentia:wooden_hammer":1,"create:encased_fan":1,"minecraft:yellow_dye":10,"exnihilosequentia:stone_hammer":1,"minecraft:charcoal":7,"create:water_wheel":5,"minecraft:stick":232,"create:mechanical_pump":2,"minecraft:iron_ingot":106,"colouredstuff:slab_planks_brown":6,"create:propeller":1,"minecraft:gold_ingot":12,"woodenbucket:wooden_bucket":18,"minecraft:light_gray_dye":330,"create:large_cogwheel":7,"sf5_things:block_of_light_gray_dye":2,"minecraft:raw_iron":112,"minecraft:coal":86,"create:wrench":1,"minecraft:iron_nugget":72,"colouredstuff:planks_blue":201,"minecraft:furnace":8,"minecraft:gray_dye":58,"minecraft:bone_meal":29,"minecraft:raw_copper_block":8,"exnihilocoloratus:brown_barrel":2,"colouredstuff:planks_lime":30,"colouredstuff:stairs_planks_brown":88,"create:millstone":2,"minecraft:lime_dye":11,"create:fluid_tank":5,"create:basin":2,"create:filter":2,"minecraft:bone_block":5,"create:andesite_alloy":89,"create:hand_crank":1,"minecraft:dried_kelp":21,"colouredstuff:planks_green":139,"minecraft:bowl":4,"create:goggles":1,"create:large_water_wheel":5,"minecraft:bucket":1,"colouredstuff:planks_black":29,"minecraft:orange_dye":3,"minecraft:air":3281,"sophisticatedstorage:chest":10,"create:whisk":2,"minecraft:white_wool":5,"minecraft:white_dye":45,"thermal:eggplant_seeds":1,"minecraft:raw_gold":12,"create:shaft":82,"minecraft:andesite":103},"minecraft:used":{"exnihilocoloratus:none_barrel":2,"colouredstuff:fence_planks_green":4,"silentgear:sword":56,"colouredstuff:sapling_green":11,"minecraft:player_head":2,"create:fluid_tank":13,"create:cogwheel":42,"exnihilosequentia:cooked_silkworm":1,"create:depot":10,"colored_torches:white_torch":10,"minecraft:glass":10,"minecraft:lava_bucket":2,"colored_torches:black_torch":1,"create:millstone":5,"create:andesite_funnel":4,"silentgear:paxel":1348,"create:shaft":21,"minecraft:furnace":10,"tintedcampfires:green_campfire":1,"minecraft:beetroot_seeds":1,"colouredstuff:planks_none":6,"ars_nouveau:blue_archwood_sapling":2,"colouredstuff:sapling_brown":24,"exnihilocoloratus:brown_barrel":4,"minecraft:sand":6,"additionallanterns:white_smooth_stone_lantern":2,"colouredstuff:slab_planks_none":66,"colouredstuff:dirt_lime":5,"colouredstuff:stairs_planks_brown":23,"create:andesite_casing":6,"minecraft:gravel":347,"sophisticatedstorage:chest":12,"colouredstuff:sapling_gray":4,"create:basin":4,"exnihilosequentia:stone_hammer":605,"minecraft:andesite":4,"create:vertical_gearbox":13,"minecraft:bone_meal":123,"create:large_cogwheel":27,"exnihilosequentia:wooden_hammer":5,"colored_torches:green_torch":4,"exnihilocoloratus:green_crucible":4,"simpletomb:grave_key":7,"gateways:gate_pearl":1,"colouredstuff:leaves_green":109,"create:mechanical_pump":11,"minecraft:dirt":31,"thermal:eggplant_seeds":1,"create:mechanical_mixer":3,"colouredstuff:sapling_none":7,"colouredstuff:slab_planks_green":202,"colouredstuff:crafting_table_brown":2,"exnihilosequentia:infested_leaves":17,"create:wrench":102,"create:gearbox":5,"silentgear:shears":1010,"create:encased_chain_drive":12,"colouredstuff:planks_black":30,"colouredstuff:planks_green":37,"create:fluid_pipe":18,"minecraft:cooked_beef":18,"sophisticatedstorage:limited_barrel_3":1,"minecraft:wheat_seeds":11,"exnihilosequentia:fired_crucible":1,"colouredstuff:log_gray":9,"colouredstuff:sapling_blue":8,"colouredstuff:log_brown":95,"colouredstuff:log_lime":30,"minecraft:cobblestone_slab":369,"create:encased_fan":1,"silentgear:sickle":182,"silentgear:axe":617,"create:filter":4,"colouredstuff:log_stripped_lime":30,"colouredstuff:log_stripped_brown":3,"colouredstuff:crafting_table_none":1,"colouredstuff:slab_planks_blue":205,"create:mechanical_press":4,"craftingstation:crafting_station":4,"create:large_water_wheel":5,"minecraft:cobblestone":512,"colouredstuff:log_stripped_gray":4,"colouredstuff:log_green":18,"minecraft:bucket":2,"colouredstuff:log_none":2,"create:hand_crank":5},"minecraft:dropped":{"minecraft:clay":2,"minecraft:orange_dye":42,"create:filter":1,"silentgear:axe":1,"minecraft:dirt":1,"colouredstuff:slab_planks_blue":4,"minecraft:grass":4,"minecraft:yellow_dye":31,"exnihilosequentia:wooden_hammer":3,"colouredstuff:slab_planks_lime":1,"minecraft:sand":1179,"minecraft:gray_dye":327,"minecraft:gold_ingot":6,"minecraft:gravel":611,"silentgear:template_board":48,"colored_torches:black_torch":1,"colouredstuff:planks_black":5,"minecraft:wheat":2,"colouredstuff:sapling_none":1,"colouredstuff:leaves_green":1,"minecraft:beetroot":2,"minecraft:lime_dye":179,"minecraft:charcoal":1,"minecraft:white_dye":54,"colouredstuff:planks_brown":2,"create:andesite_alloy":1,"minecraft:black_dye":62,"sf5_things:block_of_light_gray_dye":1,"minecraft:cobblestone":788,"minecraft:copper_ingot":122,"colouredstuff:planks_green":1,"minecraft:coal":10,"minecraft:stick":6,"colouredstuff:planks_lime":2,"mysticalagriculture:watering_can":2,"colouredstuff:slab_planks_none":1,"minecraft:green_dye":104,"sf5_things:block_of_green_dye":2,"colouredstuff:leaves_brown":1,"minecraft:oxidized_copper":1,"minecraft:brown_dye":110,"create:shaft":2,"silentgear:hammer":1,"minecraft:bowl":3,"silentgear:sickle":1,"snad:snad":93,"colouredstuff:fence_planks_green":6,"sf5_things:block_of_lime_dye":1,"woodenbucket:wooden_bucket":3,"minecraft:cobblestone_slab":1,"silentgear:paxel":7,"silentgear:paxel_blueprint":2,"minecraft:andesite":3,"minecraft:light_gray_dye":510,"colouredstuff:log_stripped_brown":1,"bhc:red_heart":1},"minecraft:broken":{"woodenbucket:wooden_bucket":1},"minecraft:custom":{"minecraft:open_barrel":7,"minecraft:leave_game":5,"minecraft:time_since_death":333677,"minecraft:sprint_one_cm":343315,"minecraft:drop":1052,"minecraft:play_time":540706,"minecraft:deaths":7,"minecraft:jump":956,"minecraft:walk_on_water_one_cm":15652,"minecraft:interact_with_furnace":61,"minecraft:damage_dealt":3925,"minecraft:crouch_one_cm":20429,"minecraft:mob_kills":37,"minecraft:interact_with_campfire":53,"minecraft:damage_dealt_resisted":0,"minecraft:climb_one_cm":11625,"minecraft:walk_one_cm":1459762,"minecraft:sneak_time":7300,"minecraft:walk_under_water_one_cm":2754,"minecraft:total_world_time":540706,"minecraft:time_since_rest":333707,"minecraft:damage_taken":2810,"minecraft:swim_one_cm":2726,"minecraft:fly_one_cm":56199,"minecraft:open_chest":514,"minecraft:fall_one_cm":276517},"minecraft:mined":{"create:andesite_casing":36,"colored_torches:wall_white_torch":2,"colouredstuff:fence_planks_green":14,"colouredstuff:leaves_green":665,"colouredstuff:log_stripped_gray":13,"colouredstuff:slab_planks_none":96,"colouredstuff:log_none":13,"sophisticatedstorage:chest":2,"colouredstuff:log_green":90,"colouredstuff:leaves_blue":231,"colouredstuff:slab_planks_lime":1,"colouredstuff:slab_planks_blue":60,"create:cogwheel":7,"colouredstuff:door_planks_green":1,"craftingstation:crafting_station_slab":2,"minecraft:player_wall_head":1,"additionallanterns:white_smooth_stone_lantern":1,"sf5_things:block_of_yellow_dye":27,"tintedcampfires:green_campfire":1,"colored_torches:white_torch":1,"colouredstuff:stairs_planks_brown":17,"colouredstuff:log_blue":49,"minecraft:glass":4,"minecraft:cobblestone":411,"colouredstuff:sapling_none":3,"minecraft:seagrass":2,"sf5_things:block_of_orange_dye":31,"minecraft:wheat":5,"exnihilocoloratus:brown_barrel":2,"exnihilocoloratus:none_barrel":1,"minecraft:beetroots":4,"create:hand_crank":4,"minecraft:sand":9,"minecraft:dirt":20,"exnihilocoloratus:green_crucible":3,"create:encased_chain_drive":5,"ars_nouveau:blue_archwood_sapling":1,"exnihilosequentia:infested_leaves":97,"colouredstuff:leaves_brown":924,"sf5_things:colorless_leaves":8,"create:millstone":3,"colouredstuff:log_stripped_none":5,"create:large_cogwheel":8,"colouredstuff:log_stripped_green":18,"create:depot":1,"colouredstuff:slab_planks_brown":1,"sf5_things:block_of_gray_dye":39,"create:shaft":6,"minecraft:furnace":3,"immersiveengineering:hemp":3,"colouredstuff:log_gray":23,"colored_torches:black_torch":1,"sf5_things:block_of_black_dye":45,"minecraft:andesite":3,"minecraft:cobblestone_slab":96,"minecraft:vine":13,"colouredstuff:leaves_none":64,"colouredstuff:dirt_lime":9,"sf5_things:block_of_green_dye":10,"sophisticatedstorage:limited_barrel_3":1,"colouredstuff:log_stripped_brown":3,"sf5_things:block_of_white_dye":45,"colouredstuff:sapling_green":1,"colouredstuff:planks_green":15,"colouredstuff:planks_lime":2,"create:mechanical_pump":3,"colouredstuff:leaves_gray":192,"exnihilosequentia:fired_crucible":2,"ars_nouveau:blue_archwood_leaves":175,"craftingstation:crafting_station":2,"colouredstuff:log_brown":190,"ars_nouveau:blue_archwood_log":55,"create:gearbox":7,"colouredstuff:slab_planks_black":22,"colouredstuff:log_stripped_lime":30,"minecraft:bee_nest":1,"sf5_things:block_of_light_gray_dye":89,"minecraft:gravel":348,"colouredstuff:slab_planks_green":148,"colouredstuff:planks_black":7,"colored_torches:green_torch":2},"minecraft:picked_up":{"simplehats:fro":1,"minecraft:seagrass":1,"minecraft:wheat":10,"colouredstuff:log_green":85,"silentgear:sinew":7,"minecraft:string":78,"craftingstation:crafting_station":2,"minecraft:beetroot":6,"mysticalagriculture:none_crop_seeds":5,"minecraft:cobblestone_slab":93,"thermal:eggplant":6,"exnihilocoloratus:brown_barrel":2,"minecraft:furnace":2,"minecraft:stick":52,"create:mechanical_mixer":1,"colouredstuff:leaves_brown":346,"tintedcampfires:green_campfire":1,"colouredstuff:log_black":3,"create:andesite_casing":36,"sf5_things:block_of_yellow_dye":27,"minecraft:vine":4,"sf5_things:brown_apple":23,"woodenbucket:wooden_bucket":10,"minecraft:black_dye":7,"exnihilosequentia:wooden_hammer":2,"create:large_cogwheel":10,"snad:snad":6,"colouredstuff:planks_green":13,"minecraft:blue_dye":12,"supplementaries:ash":28,"silentgear:sickle":1,"silentgear:template_board":248,"minecraft:cobblestone":216,"sf5_things:block_of_green_dye":10,"silentgear:paxel":7,"minecraft:oxidized_copper":1,"minecraft:cooked_beef":23,"minecraft:andesite":5,"mysticalagriculture:watering_can":1,"sf5_things:block_of_lime_dye":1,"thermal:onion":1,"minecraft:flint":3,"minecraft:light_gray_dye":12,"sf5_things:black_apple":1,"minecraft:dirt":35,"simplehats:hatbag_epic":1,"create:encased_chain_drive":4,"immersiveengineering:hemp_fiber":22,"bhc:red_heart":1,"exnihilosequentia:fired_crucible":2,"colouredstuff:sapling_green":19,"minecraft:wheat_seeds":12,"sophisticatedstorage:chest":2,"create:shaft":8,"simplehats:hatbag_uncommon":1,"colouredstuff:log_stripped_green":17,"patchouli:guide_book":1,"create:cogwheel":8,"minecraft:sand":491,"sf5_things:block_of_black_dye":45,"exnihilosequentia:silkworm":111,"colouredstuff:sapling_black":5,"colored_torches:green_torch":5,"colouredstuff:log_brown":184,"minecraft:clay":2,"colouredstuff:leaves_green":385,"create:filter":1,"heads:cow_head":3,"thermal:eggplant_seeds":2,"colouredstuff:sapling_none":14,"colouredstuff:log_blue":49,"lootbags:loot_bag":8,"colouredstuff:log_stripped_brown":5,"minecraft:cocoa_beans":7,"colouredstuff:slab_planks_blue":41,"colouredstuff:sapling_brown":52,"ars_nouveau:blue_archwood_sapling":7,"colouredstuff:sapling_blue":17,"colouredstuff:dirt_lime":5,"sophisticatedstorage:limited_barrel_3":1,"simplehats:baseballhat":1,"colouredstuff:fence_planks_green":14,"sf5_things:none_apple":4,"minecraft:beef":47,"minecraft:player_head":1,"sf5_things:green_apple":8,"colored_torches:black_torch":3,"colouredstuff:slab_planks_lime":1,"minecraft:orange_dye":9,"simplehats:fakeblight":1,"minecraft:stone":63,"simplehats:hatbag_common":4,"colouredstuff:stairs_planks_brown":17,"minecraft:copper_ingot":14,"ars_nouveau:blue_archwood_log":55,"silentgear:hammer":1,"minecraft:white_dye":6,"create:hand_crank":5,"sf5_things:block_of_light_gray_dye":89,"minecraft:brown_dye":92,"create:vertical_gearbox":5,"additionallanterns:white_smooth_stone_lantern":3,"silentgear:paxel_blueprint":2,"minecraft:beetroot_seeds":12,"exnihilocoloratus:none_barrel":1,"create:depot":1,"colouredstuff:slab_planks_none":75,"sf5_things:block_of_white_dye":45,"minecraft:leather":29,"sf5_things:blue_apple":10,"colouredstuff:leaves_gray":192,"colouredstuff:log_gray":23,"colouredstuff:planks_black":8,"colouredstuff:slab_planks_green":123,"colouredstuff:planks_lime":2,"colouredstuff:log_stripped_gray":13,"sf5_things:block_of_gray_dye":40,"minecraft:green_dye":11,"exnihilocoloratus:green_crucible":3,"minecraft:gravel":481,"exnihilosequentia:infested_leaves":17,"colored_torches:white_torch":3,"colouredstuff:log_none":15,"exnihilosequentia:cooked_silkworm":1,"create:gearbox":2,"create:millstone":3,"colouredstuff:log_stripped_lime":30,"immersiveengineering:seed":6,"create:mechanical_pump":5,"colouredstuff:slab_planks_black":10,"silentgear:axe":1,"colouredstuff:log_stripped_none":5,"sf5_things:block_of_orange_dye":31,"minecraft:coal":10}},"DataVersion":3465}